Sample1	Sample2	Population1	Population2	Geographic_distance_km	Genetic_distance
MVZ206289	MVZ227430	South_Coast	South_Coast	39.9194012489797	0.0201198630136985
MVZ206289	MVZ231861	South_Coast	South_Coast	1.2816414119667	0.020050860719875
MVZ206289	MVZ232173	South_Coast	South_Coast	179.233885931435	0.0824825875393569
MVZ206289	MVZ239688	South_Coast	South_Coast	5.47062977166792	0.014872521246459
MVZ206289	MVZ240832	South_Coast	South_Coast	210.231961205811	0.0824952561669832
MVZ206289	MVZ240837	South_Coast	South_Coast	210.346362050911	0.0840737240075614
MVZ206289	MVZ241098	South_Coast	South_Coast	5.47062977166792	0.0164081709854361
MVZ206289	MSB259148	South_Coast	North	702.898684615127	0.31387389124566
MVZ206289	MSB261737	South_Coast	North	723.140042782584	0.316320645905421
MVZ206289	MSB269732	South_Coast	North	712.69806000682	0.307680988816953
MVZ206289	MSB269776	South_Coast	North	1094.32723294711	0.306624141315015
MVZ206289	MSB269806	South_Coast	North	762.484201358307	0.304816784869975
MVZ206289	MSB281100	South_Coast	North	1023.13032401424	0.315292605773034
MVZ206289	MSB311857	South_Coast	North	882.327184064127	0.315531091936922
MVZ206289	MSB43525	South_Coast	North	1132.68170960645	0.318015941611446
MVZ206289	MVZ217504	South_Coast	North	352.321016037279	0.298906733746131
MVZ206289	MVZ223024	South_Coast	Sierra_3	428.452324362807	0.312463400351357
MVZ206289	MVZ223025	South_Coast	North	364.412604936237	0.302444680645473
MVZ206289	MVZ223028	South_Coast	North	468.037569181498	0.298569495457183
MVZ206289	UAM101701	South_Coast	North	596.406338382705	0.297123315228324
MVZ206289	UAM41739	South_Coast	North	970.106371755293	0.310531442796841
MVZ206289	UAM93314	South_Coast	North	595.149757129391	0.30817518248175
MVZ206289	MVZ221535	South_Coast	Sierra_2	155.817753550159	0.350441669204995
MVZ206289	MVZ221743	South_Coast	Sierra_2	188.502576160819	0.350459356900339
MVZ206289	MVZ224676	South_Coast	Sierra_2	216.629704028981	0.352455756611652
MVZ206289	MVZ232190	South_Coast	Sierra_2	211.824629155292	0.346402949382224
MVZ206289	MVZ191515	South_Coast	North_Coast	50.8628229656406	0.268116658428077
MVZ206289	MVZ191548	South_Coast	North_Coast	61.9938613653649	0.266630477694433
MVZ206289	MVZ191565	South_Coast	North_Coast	62.1660554988966	0.267391304347826
MVZ206289	MVZ191579	South_Coast	North_Coast	62.2507706240808	0.262847430513897
MVZ206289	MVZ191607	South_Coast	North_Coast	49.1468668149378	0.268965517241379
MVZ206289	MVZ217992	South_Coast	North_Coast	33.7754565242957	0.269992121331495
MVZ206289	MVZ219009	South_Coast	North_Coast	32.4214508033843	0.263598533637174
MVZ206289	MVZ219014	South_Coast	North_Coast	32.777216051916	0.268067735107348
MVZ206289	MVZ219015	South_Coast	North_Coast	32.4214508033843	0.266693402847404
MVZ206289	MVZ230716	South_Coast	North_Coast	25.5700543313995	0.257020757020756
MVZ206289	MVZ231432	South_Coast	North_Coast	41.1455113545644	0.26177118813865
MVZ206289	MVZ240012	South_Coast	North_Coast	76.7789737922155	0.261599358653172
MVZ206289	MVZ240013	South_Coast	North_Coast	76.7789737922155	0.261112775946459
MVZ206289	MVZ196598	South_Coast	Sierra_3	300.080789485179	0.321709894332373
MVZ206289	MVZ200477	South_Coast	Sierra_3	295.238140900279	0.325772705658583
MVZ206289	MVZ200647	South_Coast	Sierra_3	293.65182160199	0.31673923560716
MVZ206289	MVZ217509	South_Coast	Sierra_3	247.243509003462	0.327496203492787
MVZ206289	MVZ217516	South_Coast	Sierra_3	246.648212127074	0.324776997532739
MVZ206289	MVZ217517	South_Coast	Sierra_3	246.648212127074	0.321998280638075
MVZ206289	MVZ217872	South_Coast	Sierra_3	277.43416070618	0.323190476190476
MVZ206289	MVZ218037	South_Coast	Sierra_3	281.417234712512	0.321887798837985
MVZ206289	MVZ218549	South_Coast	Sierra_3	293.0561289125	0.323088670420922
MVZ206289	MVZ219775	South_Coast	Sierra_3	286.447708291445	0.319287109375
MVZ206289	MVZ220148	South_Coast	Sierra_3	310.240372113907	0.326223277909738
MVZ206289	MVZ222746	South_Coast	Sierra_3	242.613886851468	0.328715728715729
MVZ206289	MVZ222749	South_Coast	Sierra_3	242.828808438318	0.327417027417027
MVZ206289	MVZ222751	South_Coast	Sierra_3	240.351236723226	0.330217620554118
MVZ206289	MVZ222752	South_Coast	Sierra_3	239.410510237137	0.324371542269242
MVZ206289	MVZ222753	South_Coast	Sierra_3	239.410510237137	0.32387683965918
MVZ206289	MVZ222756	South_Coast	Sierra_3	243.905039792726	0.327316836487142
MVZ206289	MVZ222758	South_Coast	Sierra_3	243.905039792726	0.329813664596274
MVZ206289	MVZ223020	South_Coast	Sierra_3	408.437303696689	0.318141980718669
MVZ206289	MVZ223022	South_Coast	Sierra_3	352.026100191522	0.319751649204501
MVZ206289	MVZ223023	South_Coast	Sierra_3	411.730274525862	0.310512950736415
MVZ206289	MVZ228426	South_Coast	Sierra_3	265.399662381729	0.31563976472857
MVZ206289	MVZ228428	South_Coast	Sierra_3	357.740924445473	0.319531174944759
MVZ206289	MVZ232186	South_Coast	Sierra_3	195.991589389399	0.328837876614061
MVZ206289	MVZ240272	South_Coast	North	237.114065455155	0.287572815533981
MVZ206289	MVZ240328	South_Coast	North	198.256400004263	0.294896766653681
MVZ206289	MVZ240329	South_Coast	North	198.256400004263	0.288242730720607
MVZ206289	MVZ240330	South_Coast	North	198.256400004263	0.290455426356589
MVZ206289	MVZ241349	South_Coast	North_Coast	147.047199060047	0.27805337831134
MVZ206289	MVZ222480	South_Coast	Sierra_1	409.023749354416	0.372042467138524
MVZ206289	MVZ222490	South_Coast	Sierra_1	419.165622496605	0.372054876230242
MVZ206289	MVZ223094	South_Coast	Sierra_1	346.348020603726	0.375845939490445
MVZ206289	MVZ223095	South_Coast	Sierra_1	346.348020603726	0.372803098004171
MVZ206289	MVZ224618	South_Coast	Sierra_1	344.565040975546	0.376939037644502
MVZ206289	MVZ199508	South_Coast	Sierra_2	151.475655560155	0.359008215962441
MVZ206289	MVZ199509	South_Coast	Sierra_2	158.759287320152	0.357878728414443
MVZ206289	MVZ199510	South_Coast	Sierra_2	154.771449617635	0.362743171546473
MVZ206289	MVZ199511	South_Coast	Sierra_2	161.975777641205	0.359683990857597
MVZ206289	MVZ201003	South_Coast	Sierra_2	156.868987868073	0.359032353230406
MVZ206289	MVZ201307	South_Coast	Sierra_1	231.616924673669	0.384267453294002
MVZ206289	MVZ201308	South_Coast	Sierra_1	214.662324920885	0.381063155810731
MVZ206289	MVZ201309	South_Coast	Sierra_1	221.992768368543	0.381932814501034
MVZ206289	MVZ201312	South_Coast	Sierra_1	211.197338171598	0.380169358014966
MVZ206289	MVZ201314	South_Coast	Sierra_1	211.49110520463	0.380217069560927
MVZ206289	MVZ201318	South_Coast	Sierra_1	224.543147161278	0.383560970816547
MVZ206289	MVZ207124	South_Coast	Sierra_1	249.26930112648	0.380215011342341
MVZ206289	MVZ216205	South_Coast	Sierra_1	209.481697768287	0.381546624742066
MVZ206289	MVZ216215	South_Coast	Sierra_1	210.245206027951	0.378439688332183
MVZ206289	MVZ221740	South_Coast	Sierra_2	198.268169092251	0.348773434383725
MVZ206289	MVZ222747	South_Coast	Sierra_3	242.828808438318	0.325074426198022
MVZ206289	MVZ222750	South_Coast	Sierra_3	240.351236723226	0.322544750846637
MVZ206289	MVZ222754	South_Coast	Sierra_3	239.410510237137	0.32442414228788
MVZ206289	MVZ222755	South_Coast	Sierra_3	245.469224494439	0.323697186502949
MVZ206289	MVZ222757	South_Coast	Sierra_3	243.905039792726	0.320153681548488
MVZ206289	MVZ225827	South_Coast	Sierra_1	184.379991012004	0.378618486723897
MVZ206289	MVZ232185	South_Coast	Sierra_3	194.566036505882	0.317408945995556
MVZ206289	MVZ232188	South_Coast	Sierra_2	227.811874460077	0.355104281009879
MVZ206289	MVZ232189	South_Coast	Sierra_2	197.07320361659	0.354304963836322
MVZ227430	MVZ231861	South_Coast	South_Coast	38.6845475274483	0.0232329198661153
MVZ227430	MVZ232173	South_Coast	South_Coast	143.840765685639	0.0830052808449353
MVZ227430	MVZ239688	South_Coast	South_Coast	45.2954464243167	0.0185290763968072
MVZ227430	MVZ240832	South_Coast	South_Coast	176.024145895463	0.0831582967347718
MVZ227430	MVZ240837	South_Coast	South_Coast	176.14892693349	0.0848868175765649
MVZ227430	MVZ241098	South_Coast	South_Coast	45.2954464243167	0.020650932622764
MVZ227430	MSB259148	South_Coast	North	732.063435074188	0.31102056655025
MVZ227430	MSB261737	South_Coast	North	751.830832666469	0.313358483265622
MVZ227430	MSB269732	South_Coast	North	746.575415122801	0.304667456088414
MVZ227430	MSB269776	South_Coast	North	1125.19025381369	0.303821844756074
MVZ227430	MSB269806	South_Coast	North	794.372658953162	0.301378011301677
MVZ227430	MSB281100	South_Coast	North	1052.78540259685	0.312649164677802
MVZ227430	MSB311857	South_Coast	North	910.841403014761	0.313004886805627
MVZ227430	MSB43525	South_Coast	North	1163.65685525336	0.315024154589371
MVZ227430	MVZ217504	South_Coast	North	388.737260242354	0.295706775700934
MVZ227430	MVZ223024	South_Coast	Sierra_3	457.9754102358	0.310185639917494
MVZ227430	MVZ223025	South_Coast	North	398.634433698836	0.297687299582159
MVZ227430	MVZ223028	South_Coast	North	502.639901563316	0.296148609219995
MVZ227430	UAM101701	South_Coast	North	625.643554676656	0.295610841423948
MVZ227430	UAM41739	South_Coast	North	999.571444872135	0.30793909733551
MVZ227430	UAM93314	South_Coast	North	625.082372556863	0.305041605482136
MVZ227430	MVZ221535	South_Coast	Sierra_2	162.731572003748	0.353130425901338
MVZ227430	MVZ221743	South_Coast	Sierra_2	196.565704386206	0.354665192037
MVZ227430	MVZ224676	South_Coast	Sierra_2	222.081476858192	0.355605605605606
MVZ227430	MVZ232190	South_Coast	Sierra_2	213.804104638255	0.349342567499749
MVZ227430	MVZ191515	South_Coast	North_Coast	87.5481263929745	0.268366636842628
MVZ227430	MVZ191548	South_Coast	North_Coast	99.8229018591407	0.265027322404372
MVZ227430	MVZ191565	South_Coast	North_Coast	99.8618902136268	0.266156293497713
MVZ227430	MVZ191579	South_Coast	North_Coast	99.9182128738051	0.261444813361505
MVZ227430	MVZ191607	South_Coast	North_Coast	85.4324385333099	0.268666336142787
MVZ227430	MVZ217992	South_Coast	North_Coast	68.8539409329616	0.268437747819191
MVZ227430	MVZ219009	South_Coast	North_Coast	69.256061891037	0.263703408411401
MVZ227430	MVZ219014	South_Coast	North_Coast	69.9802373346183	0.267214278470743
MVZ227430	MVZ219015	South_Coast	North_Coast	69.256061891037	0.264563351842504
MVZ227430	MVZ230716	South_Coast	North_Coast	64.5308941283714	0.256397134083931
MVZ227430	MVZ231432	South_Coast	North_Coast	81.0527163736432	0.260205624433021
MVZ227430	MVZ240012	South_Coast	North_Coast	114.228745926415	0.262677689283194
MVZ227430	MVZ240013	South_Coast	North_Coast	114.228745926415	0.2604041013269
MVZ227430	MVZ196598	South_Coast	Sierra_3	324.577743742369	0.319222963177733
MVZ227430	MVZ200477	South_Coast	Sierra_3	318.434942409694	0.323656016835661
MVZ227430	MVZ200647	South_Coast	Sierra_3	317.379297442758	0.314342707015666
MVZ227430	MVZ217509	South_Coast	Sierra_3	254.207870242618	0.325904361935668
MVZ227430	MVZ217516	South_Coast	Sierra_3	264.094002105761	0.322420540230982
MVZ227430	MVZ217517	South_Coast	Sierra_3	264.094002105761	0.319282899163703
MVZ227430	MVZ217872	South_Coast	Sierra_3	302.142821191279	0.319497699386503
MVZ227430	MVZ218037	South_Coast	Sierra_3	305.33790396352	0.319954018584156
MVZ227430	MVZ218549	South_Coast	Sierra_3	316.327399001911	0.319212295869357
MVZ227430	MVZ219775	South_Coast	Sierra_3	310.385076428721	0.316034956794973
MVZ227430	MVZ220148	South_Coast	Sierra_3	332.508363935435	0.321640221754922
MVZ227430	MVZ222746	South_Coast	Sierra_3	247.310207630547	0.325931301403
MVZ227430	MVZ222749	South_Coast	Sierra_3	247.542489866643	0.323942298383192
MVZ227430	MVZ222751	South_Coast	Sierra_3	245.164058471772	0.328977820636451
MVZ227430	MVZ222752	South_Coast	Sierra_3	243.717890652952	0.322052934856919
MVZ227430	MVZ222753	South_Coast	Sierra_3	243.717890652952	0.321543408360129
MVZ227430	MVZ222756	South_Coast	Sierra_3	247.715716829848	0.323997267492925
MVZ227430	MVZ222758	South_Coast	Sierra_3	247.715716829848	0.32729282830225
MVZ227430	MVZ223020	South_Coast	Sierra_3	431.453581881119	0.316186556927297
MVZ227430	MVZ223022	South_Coast	Sierra_3	383.195450485939	0.316279750292626
MVZ227430	MVZ223023	South_Coast	Sierra_3	438.852446816778	0.306740308888207
MVZ227430	MVZ228426	South_Coast	Sierra_3	290.37043471457	0.314421491610901
MVZ227430	MVZ228428	South_Coast	Sierra_3	385.765839346679	0.31674076937947
MVZ227430	MVZ232186	South_Coast	Sierra_3	210.65944590218	0.325731331793688
MVZ227430	MVZ240272	South_Coast	North	276.006436486777	0.284967256377675
MVZ227430	MVZ240328	South_Coast	North	237.730444392265	0.290396864282214
MVZ227430	MVZ240329	South_Coast	North	237.730444392265	0.285448674038556
MVZ227430	MVZ240330	South_Coast	North	237.730444392265	0.285296411856474
MVZ227430	MVZ241349	South_Coast	North_Coast	186.858533539939	0.274640861931365
MVZ227430	MVZ222480	South_Coast	Sierra_1	371.185438439837	0.374134771986971
MVZ227430	MVZ222490	South_Coast	Sierra_1	380.516555354614	0.374824964992998
MVZ227430	MVZ223094	South_Coast	Sierra_1	308.726065706733	0.378607214428858
MVZ227430	MVZ223095	South_Coast	Sierra_1	308.726065706733	0.375699440447642
MVZ227430	MVZ224618	South_Coast	Sierra_1	309.184570211036	0.380304084269104
MVZ227430	MVZ199508	South_Coast	Sierra_2	131.147507571582	0.362391646966115
MVZ227430	MVZ199509	South_Coast	Sierra_2	149.101989731167	0.361525540954451
MVZ227430	MVZ199510	South_Coast	Sierra_2	144.271401845456	0.366442421844084
MVZ227430	MVZ199511	South_Coast	Sierra_2	150.592998052502	0.362553787651355
MVZ227430	MVZ201003	South_Coast	Sierra_2	144.736135740703	0.361760047515343
MVZ227430	MVZ201307	South_Coast	Sierra_1	203.71741607806	0.388267880106835
MVZ227430	MVZ201308	South_Coast	Sierra_1	187.132317919748	0.383281857128624
MVZ227430	MVZ201309	South_Coast	Sierra_1	195.317766879859	0.385419764099514
MVZ227430	MVZ201312	South_Coast	Sierra_1	184.195448096863	0.38348360249678
MVZ227430	MVZ201314	South_Coast	Sierra_1	183.798564208422	0.383744038155803
MVZ227430	MVZ201318	South_Coast	Sierra_1	195.390457337714	0.387021844420283
MVZ227430	MVZ207124	South_Coast	Sierra_1	221.582362899352	0.384004762849772
MVZ227430	MVZ216205	South_Coast	Sierra_1	182.037603382905	0.384603975081578
MVZ227430	MVZ216215	South_Coast	Sierra_1	179.881042183142	0.382577636670304
MVZ227430	MVZ221740	South_Coast	Sierra_2	206.019258263351	0.351425989154448
MVZ227430	MVZ222747	South_Coast	Sierra_3	247.542489866643	0.322349985505846
MVZ227430	MVZ222750	South_Coast	Sierra_3	245.164058471772	0.320066173608408
MVZ227430	MVZ222754	South_Coast	Sierra_3	243.717890652952	0.322698846980652
MVZ227430	MVZ222755	South_Coast	Sierra_3	249.308775396075	0.322005056398288
MVZ227430	MVZ222757	South_Coast	Sierra_3	247.715716829848	0.317527891955373
MVZ227430	MVZ225827	South_Coast	Sierra_1	157.533860759495	0.381995378277906
MVZ227430	MVZ232185	South_Coast	Sierra_3	208.546601346441	0.315930063137445
MVZ227430	MVZ232188	South_Coast	Sierra_2	215.168541575262	0.358319935691318
MVZ227430	MVZ232189	South_Coast	Sierra_2	198.319020842174	0.357505980861244
MVZ231861	MVZ232173	South_Coast	South_Coast	177.968683580689	0.0847733780981532
MVZ231861	MVZ239688	South_Coast	South_Coast	6.64100156203213	0.0178292301680344
MVZ231861	MVZ240832	South_Coast	South_Coast	208.982449432356	0.0846750441782842
MVZ231861	MVZ240837	South_Coast	South_Coast	209.096990836114	0.0861529434774106
MVZ231861	MVZ241098	South_Coast	South_Coast	6.64100156203213	0.0205479452054794
MVZ231861	MSB259148	South_Coast	North	704.021223990477	0.309939188515603
MVZ231861	MSB261737	South_Coast	North	724.251882175589	0.31288526546033
MVZ231861	MSB269732	South_Coast	North	713.920555232122	0.303542427933414
MVZ231861	MSB269776	South_Coast	North	1095.49142264417	0.302274804508987
MVZ231861	MSB269806	South_Coast	North	763.667670357284	0.300977298177745
MVZ231861	MSB281100	South_Coast	North	1024.26754471244	0.311702236291231
MVZ231861	MSB311857	South_Coast	North	883.437041514046	0.312308007372518
MVZ231861	MSB43525	South_Coast	North	1133.84850097335	0.31397197654775
MVZ231861	MVZ217504	South_Coast	North	353.582485489382	0.296867180462417
MVZ231861	MVZ223024	South_Coast	Sierra_3	429.576002218491	0.309185319620892
MVZ231861	MVZ223025	South_Coast	North	365.636563642029	0.297859571914383
MVZ231861	MVZ223028	South_Coast	North	469.270771344543	0.295118047218888
MVZ231861	UAM101701	South_Coast	North	597.52851107929	0.294618740910036
MVZ231861	UAM41739	South_Coast	North	971.238900902808	0.306262558606832
MVZ231861	UAM93314	South_Coast	North	596.287953349213	0.30457976849522
MVZ231861	MVZ221535	South_Coast	Sierra_2	156.220418017403	0.348070065030417
MVZ231861	MVZ221743	South_Coast	Sierra_2	188.966623794107	0.34690503255141
MVZ231861	MVZ224676	South_Coast	Sierra_2	217.027651110824	0.34949058351343
MVZ231861	MVZ232190	South_Coast	Sierra_2	212.110899700352	0.343434343434344
MVZ231861	MVZ191515	South_Coast	North_Coast	51.7583147781481	0.26414708886619
MVZ231861	MVZ191548	South_Coast	North_Coast	62.9936109864375	0.26364656667687
MVZ231861	MVZ191565	South_Coast	North_Coast	63.1554725178385	0.263528691035328
MVZ231861	MVZ191579	South_Coast	North_Coast	63.2380550087582	0.259404712691195
MVZ231861	MVZ191607	South_Coast	North_Coast	50.0084540235008	0.265448437340934
MVZ231861	MVZ217992	South_Coast	North_Coast	34.4865759809727	0.266496945010184
MVZ231861	MVZ219009	South_Coast	North_Coast	33.2754703795933	0.260524428966506
MVZ231861	MVZ219014	South_Coast	North_Coast	33.6665394094634	0.264178482068391
MVZ231861	MVZ219015	South_Coast	North_Coast	33.2754703795933	0.26181347150259
MVZ231861	MVZ230716	South_Coast	North_Coast	26.6250465945111	0.252545397291907
MVZ231861	MVZ231432	South_Coast	North_Coast	42.3710861436669	0.258376421923475
MVZ231861	MVZ240012	South_Coast	North_Coast	78.0428513873054	0.25828672053035
MVZ231861	MVZ240013	South_Coast	North_Coast	78.0428513873054	0.256272586473929
MVZ231861	MVZ196598	South_Coast	Sierra_3	301.066380975354	0.318041749502982
MVZ231861	MVZ200477	South_Coast	Sierra_3	296.187584549215	0.321407509337528
MVZ231861	MVZ200647	South_Coast	Sierra_3	294.615587684815	0.313243378310845
MVZ231861	MVZ217509	South_Coast	Sierra_3	247.701590030655	0.323982344286415
MVZ231861	MVZ217516	South_Coast	Sierra_3	247.423328448406	0.322363903874449
MVZ231861	MVZ217517	South_Coast	Sierra_3	247.423328448406	0.318536440845348
MVZ231861	MVZ217872	South_Coast	Sierra_3	278.422220711558	0.319126921560899
MVZ231861	MVZ218037	South_Coast	Sierra_3	282.384420821609	0.319125898218329
MVZ231861	MVZ218549	South_Coast	Sierra_3	294.007291582974	0.318926386421946
MVZ231861	MVZ219775	South_Coast	Sierra_3	287.416134374156	0.315300767056923
MVZ231861	MVZ220148	South_Coast	Sierra_3	311.166384187562	0.321674199253291
MVZ231861	MVZ222746	South_Coast	Sierra_3	242.999712863867	0.324333731105808
MVZ231861	MVZ222749	South_Coast	Sierra_3	243.215261224746	0.323327701023755
MVZ231861	MVZ222751	South_Coast	Sierra_3	240.739793931116	0.326233405983753
MVZ231861	MVZ222752	South_Coast	Sierra_3	239.782899333378	0.320887282946904
MVZ231861	MVZ222753	South_Coast	Sierra_3	239.782899333378	0.320566736757785
MVZ231861	MVZ222756	South_Coast	Sierra_3	244.263705628003	0.324340587704343
MVZ231861	MVZ222758	South_Coast	Sierra_3	244.263705628003	0.327090334058115
MVZ231861	MVZ223020	South_Coast	Sierra_3	409.394175744578	0.314758884526326
MVZ231861	MVZ223022	South_Coast	Sierra_3	353.184573351656	0.314699689160734
MVZ231861	MVZ223023	South_Coast	Sierra_3	412.794380204687	0.305895264973346
MVZ231861	MVZ228426	South_Coast	Sierra_3	266.392911516303	0.312568523871225
MVZ231861	MVZ228428	South_Coast	Sierra_3	358.824185286953	0.316858732366382
MVZ231861	MVZ232186	South_Coast	Sierra_3	196.664357088517	0.324050257222003
MVZ231861	MVZ240272	South_Coast	North	238.395422157314	0.28399839179817
MVZ231861	MVZ240328	South_Coast	North	199.531308213383	0.290205562273277
MVZ231861	MVZ240329	South_Coast	North	199.531308213383	0.284377829192234
MVZ231861	MVZ240330	South_Coast	North	199.531308213383	0.284180960979035
MVZ231861	MVZ241349	South_Coast	North_Coast	148.251926541874	0.274069517071671
MVZ231861	MVZ222480	South_Coast	Sierra_1	407.94888195567	0.370385862177141
MVZ231861	MVZ222490	South_Coast	Sierra_1	418.045960400911	0.370625771922602
MVZ231861	MVZ223094	South_Coast	Sierra_1	345.282230018192	0.374819773429454
MVZ231861	MVZ223095	South_Coast	Sierra_1	345.282230018192	0.371300863131936
MVZ231861	MVZ224618	South_Coast	Sierra_1	343.603110654128	0.375907557009919
MVZ231861	MVZ199508	South_Coast	Sierra_2	150.998589578746	0.357273003340419
MVZ231861	MVZ199509	South_Coast	Sierra_2	158.634107930533	0.356025992486547
MVZ231861	MVZ199510	South_Coast	Sierra_2	154.615119658653	0.360323269289418
MVZ231861	MVZ199511	South_Coast	Sierra_2	161.79811230603	0.357649599012955
MVZ231861	MVZ201003	South_Coast	Sierra_2	156.662213443362	0.356408952187183
MVZ231861	MVZ201307	South_Coast	Sierra_1	230.92698647651	0.383436831925073
MVZ231861	MVZ201308	South_Coast	Sierra_1	213.979975217489	0.378649728511423
MVZ231861	MVZ201309	South_Coast	Sierra_1	221.342993637036	0.380869919527351
MVZ231861	MVZ201312	South_Coast	Sierra_1	210.532247497945	0.378259983700081
MVZ231861	MVZ201314	South_Coast	Sierra_1	210.801903433738	0.379503929774421
MVZ231861	MVZ201318	South_Coast	Sierra_1	223.806251000569	0.381991051454139
MVZ231861	MVZ207124	South_Coast	Sierra_1	248.591840590048	0.378546642171872
MVZ231861	MVZ216205	South_Coast	Sierra_1	208.800485122318	0.379485615533191
MVZ231861	MVZ216215	South_Coast	Sierra_1	209.460184199226	0.376989795918367
MVZ231861	MVZ221740	South_Coast	Sierra_2	198.728281583943	0.346157813305828
MVZ231861	MVZ222747	South_Coast	Sierra_3	243.215261224746	0.322346867864588
MVZ231861	MVZ222750	South_Coast	Sierra_3	240.739793931116	0.319263852770554
MVZ231861	MVZ222754	South_Coast	Sierra_3	239.782899333378	0.321715548413017
MVZ231861	MVZ222755	South_Coast	Sierra_3	245.829409279839	0.319854043786864
MVZ231861	MVZ222757	South_Coast	Sierra_3	244.263705628003	0.317241032854416
MVZ231861	MVZ225827	South_Coast	Sierra_1	183.708701517063	0.377273666804465
MVZ231861	MVZ232185	South_Coast	Sierra_3	195.217060338569	0.31510130751572
MVZ231861	MVZ232188	South_Coast	Sierra_2	227.636662087006	0.353004956629492
MVZ231861	MVZ232189	South_Coast	Sierra_2	197.327689653675	0.351838574208747
MVZ232173	MVZ239688	South_Coast	South_Coast	183.698307554408	0.0809110835795291
MVZ232173	MVZ240832	South_Coast	South_Coast	33.3891780935628	0.028057071722685
MVZ232173	MVZ240837	South_Coast	South_Coast	33.5320998331067	0.0288085471716113
MVZ232173	MVZ241098	South_Coast	South_Coast	183.698307554408	0.0823709077025867
MVZ232173	MSB259148	South_Coast	North	873.704575286405	0.279816960373866
MVZ232173	MSB261737	South_Coast	North	893.043344737953	0.281965463717503
MVZ232173	MSB269732	South_Coast	North	890.416018750331	0.274064171122995
MVZ232173	MSB269776	South_Coast	North	1267.88023935143	0.273650321941555
MVZ232173	MSB269806	South_Coast	North	937.733299798928	0.26851207633436
MVZ232173	MSB281100	South_Coast	North	1194.59370964636	0.279866374152371
MVZ232173	MSB311857	South_Coast	North	1051.72597908538	0.280040020010004
MVZ232173	MSB43525	South_Coast	North	1306.41019898863	0.283152384645211
MVZ232173	MVZ217504	South_Coast	North	531.535195634816	0.262332714662499
MVZ232173	MVZ223024	South_Coast	Sierra_3	600.28890861946	0.276206896551724
MVZ232173	MVZ223025	South_Coast	North	542.436710897013	0.268270075129281
MVZ232173	MVZ223028	South_Coast	North	646.393036109858	0.263491753684005
MVZ232173	UAM101701	South_Coast	North	767.473071226201	0.262206882549994
MVZ232173	UAM41739	South_Coast	North	1141.24889408065	0.277341191879504
MVZ232173	UAM93314	South_Coast	North	767.423725344876	0.271347155350301
MVZ232173	MVZ221535	South_Coast	Sierra_2	286.297908494147	0.316029517269653
MVZ232173	MVZ221743	South_Coast	Sierra_2	318.812156995526	0.317673152535538
MVZ232173	MVZ224676	South_Coast	Sierra_2	338.226456551	0.315987555198715
MVZ232173	MVZ232190	South_Coast	Sierra_2	324.493236504344	0.310795854713754
MVZ232173	MVZ191515	South_Coast	North_Coast	212.318480864265	0.236860476712875
MVZ232173	MVZ191548	South_Coast	North_Coast	225.306572098225	0.232470119521912
MVZ232173	MVZ191565	South_Coast	North_Coast	224.967413133936	0.232585949177877
MVZ232173	MVZ191579	South_Coast	North_Coast	224.936730911849	0.229120435747428
MVZ232173	MVZ191607	South_Coast	North_Coast	209.797877737482	0.236106968883587
MVZ232173	MVZ217992	South_Coast	North_Coast	195.247448958524	0.233303518187239
MVZ232173	MVZ219009	South_Coast	North_Coast	198.239324704623	0.232826717328267
MVZ232173	MVZ219014	South_Coast	North_Coast	199.41538542472	0.234977122521607
MVZ232173	MVZ219015	South_Coast	North_Coast	198.239324704623	0.234199615734654
MVZ232173	MVZ230716	South_Coast	North_Coast	198.266485855464	0.224781939456131
MVZ232173	MVZ231432	South_Coast	North_Coast	216.855196591436	0.228071948261924
MVZ232173	MVZ240012	South_Coast	North_Coast	256.011007791538	0.226854659389529
MVZ232173	MVZ240013	South_Coast	North_Coast	256.011007791538	0.226123312512593
MVZ232173	MVZ196598	South_Coast	Sierra_3	463.357013611408	0.283982935815397
MVZ232173	MVZ200477	South_Coast	Sierra_3	455.973847184957	0.289243907119554
MVZ232173	MVZ200647	South_Coast	Sierra_3	455.474385698304	0.280023432923257
MVZ232173	MVZ217509	South_Coast	Sierra_3	370.808408606372	0.289435877789484
MVZ232173	MVZ217516	South_Coast	Sierra_3	396.004188809247	0.288148573616696
MVZ232173	MVZ217517	South_Coast	Sierra_3	396.004188809247	0.285067000867637
MVZ232173	MVZ217872	South_Coast	Sierra_3	441.345618540856	0.286208886324293
MVZ232173	MVZ218037	South_Coast	Sierra_3	443.760641966204	0.288123378495244
MVZ232173	MVZ218549	South_Coast	Sierra_3	453.968894795209	0.283794199826573
MVZ232173	MVZ219775	South_Coast	Sierra_3	448.767065244203	0.281508467900748
MVZ232173	MVZ220148	South_Coast	Sierra_3	468.866850637376	0.287268718243697
MVZ232173	MVZ222746	South_Coast	Sierra_3	360.305247452183	0.291185321813416
MVZ232173	MVZ222749	South_Coast	Sierra_3	360.553384137991	0.289915558575172
MVZ232173	MVZ222751	South_Coast	Sierra_3	358.518626319462	0.294649767801858
MVZ232173	MVZ222752	South_Coast	Sierra_3	356.250969091266	0.287687334704673
MVZ232173	MVZ222753	South_Coast	Sierra_3	356.250969091266	0.286530572377417
MVZ232173	MVZ222756	South_Coast	Sierra_3	359.043428680588	0.290357317670093
MVZ232173	MVZ222758	South_Coast	Sierra_3	359.043428680588	0.292438271604939
MVZ232173	MVZ223020	South_Coast	Sierra_3	567.684095408695	0.28078624078624
MVZ232173	MVZ223022	South_Coast	Sierra_3	526.511776606615	0.282721488007832
MVZ232173	MVZ223023	South_Coast	Sierra_3	579.355240348274	0.274195201968422
MVZ232173	MVZ228426	South_Coast	Sierra_3	429.930479787593	0.28133514986376
MVZ232173	MVZ228428	South_Coast	Sierra_3	527.22048693195	0.282174376879061
MVZ232173	MVZ232186	South_Coast	Sierra_3	341.037856718573	0.289306051539427
MVZ232173	MVZ240272	South_Coast	North	414.678352015624	0.250245001960016
MVZ232173	MVZ240328	South_Coast	North	374.247278904293	0.258796933359544
MVZ232173	MVZ240329	South_Coast	North	374.247278904293	0.250761072375529
MVZ232173	MVZ240330	South_Coast	North	374.247278904293	0.254108784973587
MVZ232173	MVZ241349	South_Coast	North_Coast	315.854806354611	0.24332299689907
MVZ232173	MVZ222480	South_Coast	Sierra_1	301.040294402487	0.334455324357404
MVZ232173	MVZ222490	South_Coast	Sierra_1	299.623669138878	0.335656970912739
MVZ232173	MVZ223094	South_Coast	Sierra_1	247.023013718084	0.338908981314045
MVZ232173	MVZ223095	South_Coast	Sierra_1	247.023013718084	0.337141711765885
MVZ232173	MVZ224618	South_Coast	Sierra_1	268.655380369328	0.342142002393299
MVZ232173	MVZ199508	South_Coast	Sierra_2	207.169133932901	0.324395061728395
MVZ232173	MVZ199509	South_Coast	Sierra_2	246.205524047331	0.321499306793425
MVZ232173	MVZ199510	South_Coast	Sierra_2	240.674084586286	0.328358948934061
MVZ232173	MVZ199511	South_Coast	Sierra_2	243.573541476941	0.324343292560658
MVZ232173	MVZ201003	South_Coast	Sierra_2	237.426517319703	0.325111662531018
MVZ232173	MVZ201307	South_Coast	Sierra_1	229.317970347906	0.351131401349742
MVZ232173	MVZ201308	South_Coast	Sierra_1	218.932723450476	0.345969433623014
MVZ232173	MVZ201309	South_Coast	Sierra_1	228.672687523317	0.347350631275474
MVZ232173	MVZ201312	South_Coast	Sierra_1	219.192905260937	0.345951316443119
MVZ232173	MVZ201314	South_Coast	Sierra_1	215.835809064723	0.345123044734483
MVZ232173	MVZ201318	South_Coast	Sierra_1	217.143741284739	0.348690735965087
MVZ232173	MVZ207124	South_Coast	Sierra_1	243.93198045356	0.344794984076433
MVZ232173	MVZ216205	South_Coast	Sierra_1	215.71499092581	0.347045995241872
MVZ232173	MVZ216215	South_Coast	Sierra_1	200.155240033818	0.344698855151817
MVZ232173	MVZ221740	South_Coast	Sierra_2	327.086119557167	0.314859559045605
MVZ232173	MVZ222747	South_Coast	Sierra_3	360.553384137991	0.287492733966286
MVZ232173	MVZ222750	South_Coast	Sierra_3	358.518626319462	0.285156631209135
MVZ232173	MVZ222754	South_Coast	Sierra_3	356.250969091266	0.287401960784313
MVZ232173	MVZ222755	South_Coast	Sierra_3	360.577813048792	0.286571679515956
MVZ232173	MVZ222757	South_Coast	Sierra_3	359.043428680588	0.283562315996074
MVZ232173	MVZ225827	South_Coast	Sierra_1	201.771601205618	0.344619105199516
MVZ232173	MVZ232185	South_Coast	Sierra_3	338.167028703567	0.280933359314107
MVZ232173	MVZ232188	South_Coast	Sierra_2	292.625264722798	0.32015113350126
MVZ232173	MVZ232189	South_Coast	Sierra_2	309.20289967557	0.319222311075569
MVZ239688	MVZ240832	South_Coast	South_Coast	214.483101525962	0.0821645185746778
MVZ239688	MVZ240837	South_Coast	South_Coast	214.595812201329	0.0834592145015105
MVZ239688	MVZ241098	South_Coast	South_Coast	0	0.0137445682977518
MVZ239688	MSB259148	South_Coast	North	699.817151174517	0.314937879225657
MVZ239688	MSB261737	South_Coast	North	720.135719338125	0.316545035529097
MVZ239688	MSB269732	South_Coast	North	708.782621010233	0.308461613883713
MVZ239688	MSB269776	South_Coast	North	1090.92170889891	0.306847164999018
MVZ239688	MSB269806	South_Coast	North	758.924074225547	0.305580159433126
MVZ239688	MSB281100	South_Coast	North	1019.93463040043	0.315898549294387
MVZ239688	MSB311857	South_Coast	North	879.33408116306	0.315930255597384
MVZ239688	MSB43525	South_Coast	North	1129.2549694284	0.31825594781274
MVZ239688	MVZ217504	South_Coast	North	347.958944863209	0.30010635212221
MVZ239688	MVZ223024	South_Coast	Sierra_3	425.373089698104	0.314175684898118
MVZ239688	MVZ223025	South_Coast	North	360.493340527933	0.302374975864066
MVZ239688	MVZ223028	South_Coast	North	464.017511554968	0.299130854659584
MVZ239688	UAM101701	South_Coast	North	593.330469222984	0.298331993569134
MVZ239688	UAM41739	South_Coast	North	966.946441742567	0.309783783783783
MVZ239688	UAM93314	South_Coast	North	591.954622086289	0.308107319918344
MVZ239688	MVZ221535	South_Coast	Sierra_2	156.72606797726	0.35056305163843
MVZ239688	MVZ221743	South_Coast	Sierra_2	189.115602662872	0.351517268915951
MVZ239688	MVZ224676	South_Coast	Sierra_2	217.526893999603	0.353347238776321
MVZ239688	MVZ232190	South_Coast	Sierra_2	213.206519226467	0.346379842645155
MVZ239688	MVZ191515	South_Coast	North_Coast	45.7437224238493	0.268513033175356
MVZ239688	MVZ191548	South_Coast	North_Coast	56.6641226573437	0.266022480773023
MVZ239688	MVZ191565	South_Coast	North_Coast	56.8533574517898	0.266946225949678
MVZ239688	MVZ191579	South_Coast	North_Coast	56.9416543709517	0.262711017880332
MVZ239688	MVZ191607	South_Coast	North_Coast	44.1085464586362	0.269658498179313
MVZ239688	MVZ217992	South_Coast	North_Coast	29.1966296865786	0.269628099173554
MVZ239688	MVZ219009	South_Coast	North_Coast	27.4428235036486	0.264106117600475
MVZ239688	MVZ219014	South_Coast	North_Coast	27.7078183499434	0.268223922674184
MVZ239688	MVZ219015	South_Coast	North_Coast	27.4428235036486	0.266529753556402
MVZ239688	MVZ230716	South_Coast	North_Coast	20.1802649337704	0.257160268129189
MVZ239688	MVZ231432	South_Coast	North_Coast	35.7592491099663	0.261533073151206
MVZ239688	MVZ240012	South_Coast	North_Coast	72.441528001234	0.262712712712713
MVZ239688	MVZ240013	South_Coast	North_Coast	72.441528001234	0.261225304330473
MVZ239688	MVZ196598	South_Coast	Sierra_3	297.938777662421	0.323238625455941
MVZ239688	MVZ200477	South_Coast	Sierra_3	293.316549787573	0.326541274817136
MVZ239688	MVZ200647	South_Coast	Sierra_3	291.644349514084	0.31768115942029
MVZ239688	MVZ217509	South_Coast	Sierra_3	247.860983447101	0.328640500568829
MVZ239688	MVZ217516	South_Coast	Sierra_3	245.715771577131	0.326150786133737
MVZ239688	MVZ217517	South_Coast	Sierra_3	245.715771577131	0.322502147151445
MVZ239688	MVZ217872	South_Coast	Sierra_3	275.280911524682	0.323829017517136
MVZ239688	MVZ218037	South_Coast	Sierra_3	279.39126935014	0.323473463952825
MVZ239688	MVZ218549	South_Coast	Sierra_3	291.124641571159	0.324468592126584
MVZ239688	MVZ219775	South_Coast	Sierra_3	284.413261494813	0.320464073315785
MVZ239688	MVZ220148	South_Coast	Sierra_3	308.454919758109	0.326815377313716
MVZ239688	MVZ222746	South_Coast	Sierra_3	243.555793659899	0.328624963966561
MVZ239688	MVZ222749	South_Coast	Sierra_3	243.76788981459	0.328962536023054
MVZ239688	MVZ222751	South_Coast	Sierra_3	241.281798072613	0.332056683263117
MVZ239688	MVZ222752	South_Coast	Sierra_3	240.412405514737	0.324427851047323
MVZ239688	MVZ222753	South_Coast	Sierra_3	240.412405514737	0.324562252104092
MVZ239688	MVZ222756	South_Coast	Sierra_3	244.965509193443	0.328808300203627
MVZ239688	MVZ222758	South_Coast	Sierra_3	244.965509193443	0.331694510739857
MVZ239688	MVZ223020	South_Coast	Sierra_3	406.456811024294	0.319340402762915
MVZ239688	MVZ223022	South_Coast	Sierra_3	348.686496127588	0.320370011623402
MVZ239688	MVZ223023	South_Coast	Sierra_3	409.070620463861	0.311548609701643
MVZ239688	MVZ228426	South_Coast	Sierra_3	263.216588849294	0.317586439372051
MVZ239688	MVZ228428	South_Coast	Sierra_3	354.955500655027	0.321270877327702
MVZ239688	MVZ232186	South_Coast	Sierra_3	195.605080775821	0.3300850291392
MVZ239688	MVZ240272	South_Coast	North	232.185940385416	0.287959639080236
MVZ239688	MVZ240328	South_Coast	North	193.150699277705	0.294532542076078
MVZ239688	MVZ240329	South_Coast	North	193.150699277705	0.288420439090731
MVZ239688	MVZ240330	South_Coast	North	193.150699277705	0.290327265685515
MVZ239688	MVZ241349	South_Coast	North_Coast	141.614440884395	0.278460319032993
MVZ239688	MVZ222480	South_Coast	Sierra_1	414.461807527412	0.372234010306153
MVZ239688	MVZ222490	South_Coast	Sierra_1	424.63143198057	0.372394282310899
MVZ239688	MVZ223094	South_Coast	Sierra_1	351.778221174429	0.376703471600517
MVZ239688	MVZ223095	South_Coast	Sierra_1	351.778221174429	0.373598571286834
MVZ239688	MVZ224618	South_Coast	Sierra_1	349.860853554381	0.377812870114489
MVZ239688	MVZ199508	South_Coast	Sierra_2	155.629459217677	0.35949565047405
MVZ239688	MVZ199509	South_Coast	Sierra_2	161.76366816845	0.358137254901961
MVZ239688	MVZ199510	South_Coast	Sierra_2	157.887685804796	0.363489102689966
MVZ239688	MVZ199511	South_Coast	Sierra_2	165.162683067358	0.359199682255982
MVZ239688	MVZ201003	South_Coast	Sierra_2	160.15856866747	0.359086444007859
MVZ239688	MVZ201307	South_Coast	Sierra_1	236.340126599538	0.385499557913351
MVZ239688	MVZ201308	South_Coast	Sierra_1	219.368099670054	0.38156463257838
MVZ239688	MVZ201309	South_Coast	Sierra_1	226.61364209167	0.383070866141732
MVZ239688	MVZ201312	South_Coast	Sierra_1	215.859343415446	0.381160846040335
MVZ239688	MVZ201314	South_Coast	Sierra_1	216.214588489677	0.380856100207121
MVZ239688	MVZ201318	South_Coast	Sierra_1	229.382773566225	0.38435107009621
MVZ239688	MVZ207124	South_Coast	Sierra_1	253.959137325244	0.381686533346469
MVZ239688	MVZ216205	South_Coast	Sierra_1	214.185196422091	0.382497300481005
MVZ239688	MVZ216215	South_Coast	Sierra_1	215.198381281244	0.3791999211745
MVZ239688	MVZ221740	South_Coast	Sierra_2	198.894383520612	0.349760813235001
MVZ239688	MVZ222747	South_Coast	Sierra_3	243.76788981459	0.325484366008057
MVZ239688	MVZ222750	South_Coast	Sierra_3	241.281798072613	0.32379663638121
MVZ239688	MVZ222754	South_Coast	Sierra_3	240.412405514737	0.326184006211181
MVZ239688	MVZ222755	South_Coast	Sierra_3	246.522615349876	0.325238968813363
MVZ239688	MVZ222757	South_Coast	Sierra_3	244.965509193443	0.321598523841896
MVZ239688	MVZ225827	South_Coast	Sierra_1	189.061700472922	0.379876284545545
MVZ239688	MVZ232185	South_Coast	Sierra_3	194.288651011225	0.319681620839363
MVZ239688	MVZ232188	South_Coast	Sierra_2	230.967793630797	0.35543369890329
MVZ239688	MVZ232189	South_Coast	Sierra_2	198.594561407257	0.355043056517866
MVZ240832	MVZ240837	South_Coast	South_Coast	0.154129640626751	0.0226237905520774
MVZ240832	MVZ241098	South_Coast	South_Coast	214.483101525962	0.0819570994684888
MVZ240832	MSB259148	South_Coast	North	906.784779387573	0.280003871467286
MVZ240832	MSB261737	South_Coast	North	926.187885278058	0.283267393611889
MVZ240832	MSB269732	South_Coast	North	922.389707633512	0.274776104714104
MVZ240832	MSB269776	South_Coast	North	1300.74573083853	0.275369458128079
MVZ240832	MSB269806	South_Coast	North	970.318846216081	0.270542865618512
MVZ240832	MSB281100	South_Coast	North	1227.66084343432	0.280980255977776
MVZ240832	MSB311857	South_Coast	North	1084.91950185265	0.28094194961665
MVZ240832	MSB43525	South_Coast	North	1339.2570020939	0.28344900713322
MVZ240832	MVZ217504	South_Coast	North	562.415219193202	0.264008934641158
MVZ240832	MVZ223024	South_Coast	Sierra_3	633.213254356392	0.277157410128318
MVZ240832	MVZ223025	South_Coast	North	574.239094908477	0.268674815677144
MVZ240832	MVZ223028	South_Coast	North	678.069663671376	0.264217779503105
MVZ240832	UAM101701	South_Coast	North	800.513074278395	0.264008076728925
MVZ240832	UAM41739	South_Coast	North	1174.33662293868	0.277078359018883
MVZ240832	UAM93314	South_Coast	North	800.359364685745	0.271981242672918
MVZ240832	MVZ221535	South_Coast	Sierra_2	319.56267423091	0.319631214343928
MVZ240832	MVZ221743	South_Coast	Sierra_2	351.974571788267	0.321453634085213
MVZ240832	MVZ224676	South_Coast	Sierra_2	371.050706814159	0.319692584090228
MVZ240832	MVZ232190	South_Coast	Sierra_2	357.03597796715	0.313894168250476
MVZ240832	MVZ191515	South_Coast	North_Coast	240.407477942174	0.235763888888889
MVZ240832	MVZ191548	South_Coast	North_Coast	253.211546697165	0.232365761838716
MVZ240832	MVZ191565	South_Coast	North_Coast	252.81618029207	0.233171408743928
MVZ240832	MVZ191579	South_Coast	North_Coast	252.771575988211	0.229457208789004
MVZ240832	MVZ191607	South_Coast	North_Coast	237.887551818241	0.23432865335179
MVZ240832	MVZ217992	South_Coast	North_Coast	224.033793401432	0.234480031633057
MVZ240832	MVZ219009	South_Coast	North_Coast	227.32215605474	0.231920819655824
MVZ240832	MVZ219014	South_Coast	North_Coast	228.5366356903	0.235912999494183
MVZ240832	MVZ219015	South_Coast	North_Coast	227.32215605474	0.233974036429506
MVZ240832	MVZ230716	South_Coast	North_Coast	228.066014223064	0.224111519607843
MVZ240832	MVZ231432	South_Coast	North_Coast	246.697404138054	0.228712174524982
MVZ240832	MVZ240012	South_Coast	North_Coast	286.923876852235	0.22854843577105
MVZ240832	MVZ240013	South_Coast	North_Coast	286.923876852235	0.227819548872181
MVZ240832	MVZ196598	South_Coast	Sierra_3	496.653320395292	0.285060240963856
MVZ240832	MVZ200477	South_Coast	Sierra_3	489.320838136644	0.289619311134434
MVZ240832	MVZ200647	South_Coast	Sierra_3	488.80097563194	0.281595806639488
MVZ240832	MVZ217509	South_Coast	Sierra_3	403.573380798538	0.290503857510239
MVZ240832	MVZ217516	South_Coast	Sierra_3	429.378096249745	0.288311441081287
MVZ240832	MVZ217517	South_Coast	Sierra_3	429.378096249745	0.286227717078781
MVZ240832	MVZ217872	South_Coast	Sierra_3	474.611439820462	0.286410550458715
MVZ240832	MVZ218037	South_Coast	Sierra_3	477.070003099357	0.289181957186545
MVZ240832	MVZ218549	South_Coast	Sierra_3	487.312107768436	0.284414215921065
MVZ240832	MVZ219775	South_Coast	Sierra_3	482.079582313645	0.282542638698294
MVZ240832	MVZ220148	South_Coast	Sierra_3	502.243878060453	0.287014968061779
MVZ240832	MVZ222746	South_Coast	Sierra_3	392.869076442648	0.29355274587395
MVZ240832	MVZ222749	South_Coast	Sierra_3	393.117486564946	0.289976825028969
MVZ240832	MVZ222751	South_Coast	Sierra_3	391.111793374111	0.297219282209179
MVZ240832	MVZ222752	South_Coast	Sierra_3	388.797077489213	0.289527520701413
MVZ240832	MVZ222753	South_Coast	Sierra_3	388.797077489213	0.289496696463273
MVZ240832	MVZ222756	South_Coast	Sierra_3	391.498151404205	0.290652385589094
MVZ240832	MVZ222758	South_Coast	Sierra_3	391.498151404205	0.293192713326941
MVZ240832	MVZ223020	South_Coast	Sierra_3	601.06946532864	0.28197986905111
MVZ240832	MVZ223022	South_Coast	Sierra_3	559.101476691694	0.283262011281852
MVZ240832	MVZ223023	South_Coast	Sierra_3	612.548553683994	0.275760048969598
MVZ240832	MVZ228426	South_Coast	Sierra_3	463.168602522594	0.281110896071221
MVZ240832	MVZ228428	South_Coast	Sierra_3	560.288377116146	0.283950617283951
MVZ240832	MVZ232186	South_Coast	Sierra_3	374.405889309435	0.290582701353556
MVZ240832	MVZ240272	South_Coast	North	444.008813496683	0.251145112562129
MVZ240832	MVZ240328	South_Coast	North	403.057215363981	0.258506061791161
MVZ240832	MVZ240329	South_Coast	North	403.057215363981	0.251342642320087
MVZ240832	MVZ240330	South_Coast	North	403.057215363981	0.254523346303502
MVZ240832	MVZ241349	South_Coast	North_Coast	343.15835590368	0.241861622697859
MVZ240832	MVZ222480	South_Coast	Sierra_1	302.493452963957	0.339405317637508
MVZ240832	MVZ222490	South_Coast	Sierra_1	297.782935375288	0.340015958507879
MVZ240832	MVZ223094	South_Coast	Sierra_1	252.750915545185	0.344205794205794
MVZ240832	MVZ223095	South_Coast	Sierra_1	252.750915545185	0.341919091271423
MVZ240832	MVZ224618	South_Coast	Sierra_1	279.216029507695	0.346317771830707
MVZ240832	MVZ199508	South_Coast	Sierra_2	238.504944045934	0.327637006482027
MVZ240832	MVZ199509	South_Coast	Sierra_2	278.401724186849	0.325354609929078
MVZ240832	MVZ199510	South_Coast	Sierra_2	272.884642829691	0.332149551149255
MVZ240832	MVZ199511	South_Coast	Sierra_2	275.527638110142	0.327761700429098
MVZ240832	MVZ201003	South_Coast	Sierra_2	269.435664204736	0.327970785629688
MVZ240832	MVZ201307	South_Coast	Sierra_1	254.363935949568	0.354662062160829
MVZ240832	MVZ201308	South_Coast	Sierra_1	245.236226150963	0.349851042701092
MVZ240832	MVZ201309	South_Coast	Sierra_1	254.845848114248	0.351185770750989
MVZ240832	MVZ201312	South_Coast	Sierra_1	245.916508355115	0.350009877518767
MVZ240832	MVZ201314	South_Coast	Sierra_1	242.286311586493	0.349068753715078
MVZ240832	MVZ201318	South_Coast	Sierra_1	242.081256781901	0.352946974177015
MVZ240832	MVZ207124	South_Coast	Sierra_1	267.981124768765	0.349213416444049
MVZ240832	MVZ216205	South_Coast	Sierra_1	242.389754630024	0.351631023947964
MVZ240832	MVZ216215	South_Coast	Sierra_1	225.608070040548	0.348931539374752
MVZ240832	MVZ221740	South_Coast	Sierra_2	360.184080999284	0.318122685880116
MVZ240832	MVZ222747	South_Coast	Sierra_3	393.117486564946	0.288089043076033
MVZ240832	MVZ222750	South_Coast	Sierra_3	391.111793374111	0.288778877887789
MVZ240832	MVZ222754	South_Coast	Sierra_3	388.797077489213	0.288354627913781
MVZ240832	MVZ222755	South_Coast	Sierra_3	393.023165367478	0.287468452727625
MVZ240832	MVZ222757	South_Coast	Sierra_3	391.498151404205	0.284110872535623
MVZ240832	MVZ225827	South_Coast	Sierra_1	230.26525945118	0.349413886384129
MVZ240832	MVZ232185	South_Coast	Sierra_3	371.523989221846	0.284142677134826
MVZ240832	MVZ232188	South_Coast	Sierra_2	322.634281928241	0.323997995991984
MVZ240832	MVZ232189	South_Coast	Sierra_2	341.822708352416	0.322213383712837
MVZ240837	MVZ241098	South_Coast	South_Coast	214.595812201329	0.0846728441754915
MVZ240837	MSB259148	South_Coast	North	906.918675843779	0.281650756918329
MVZ240837	MSB261737	South_Coast	North	926.322889114133	0.284986543637064
MVZ240837	MSB269732	South_Coast	North	922.510372433162	0.275706436420723
MVZ240837	MSB269776	South_Coast	North	1300.87634763813	0.277172312223859
MVZ240837	MSB269806	South_Coast	North	970.446001249792	0.271871921182265
MVZ240837	MSB281100	South_Coast	North	1227.79447212814	0.282791341306711
MVZ240837	MSB311857	South_Coast	North	1085.05540918798	0.283915113050377
MVZ240837	MSB43525	South_Coast	North	1339.3873584855	0.285577107739579
MVZ240837	MVZ217504	South_Coast	North	562.526596631976	0.265238003095975
MVZ240837	MVZ223024	South_Coast	Sierra_3	633.344883722444	0.280283064909712
MVZ240837	MVZ223025	South_Coast	North	574.358449822331	0.270780978155809
MVZ240837	MVZ223028	South_Coast	North	678.187715302594	0.265712628118353
MVZ240837	UAM101701	South_Coast	North	800.646349875368	0.265338966002817
MVZ240837	UAM41739	South_Coast	North	1174.47059975887	0.279281229703398
MVZ240837	UAM93314	South_Coast	North	800.491078127534	0.273581232356664
MVZ240837	MVZ221535	South_Coast	Sierra_2	319.709793049553	0.321566436407964
MVZ240837	MVZ221743	South_Coast	Sierra_2	352.122970567422	0.322688655672164
MVZ240837	MVZ224676	South_Coast	Sierra_2	371.201490788834	0.321165705191964
MVZ240837	MVZ232190	South_Coast	Sierra_2	357.187896497839	0.317334529505582
MVZ240837	MVZ191515	South_Coast	North_Coast	240.501244565371	0.236730256004744
MVZ240837	MVZ191548	South_Coast	North_Coast	253.303890940115	0.234550839091807
MVZ240837	MVZ191565	South_Coast	North_Coast	252.908175396223	0.234686820786406
MVZ240837	MVZ191579	South_Coast	North_Coast	252.863483745111	0.23128435782109
MVZ240837	MVZ191607	South_Coast	North_Coast	237.981374911175	0.236258865248227
MVZ240837	MVZ217992	South_Coast	North_Coast	224.132404761366	0.236777307199843
MVZ240837	MVZ219009	South_Coast	North_Coast	227.422655348103	0.233402695204122
MVZ240837	MVZ219014	South_Coast	North_Coast	228.637366989067	0.237096774193548
MVZ240837	MVZ219015	South_Coast	North_Coast	227.422655348103	0.235851896447923
MVZ240837	MVZ230716	South_Coast	North_Coast	228.171376738442	0.224743107131956
MVZ240837	MVZ231432	South_Coast	North_Coast	246.802764148007	0.230072100941318
MVZ240837	MVZ240012	South_Coast	North_Coast	287.03672088402	0.230172241137593
MVZ240837	MVZ240013	South_Coast	North_Coast	287.03672088402	0.22868410543131
MVZ240837	MVZ196598	South_Coast	Sierra_3	496.791663066818	0.285741718674988
MVZ240837	MVZ200477	South_Coast	Sierra_3	489.460740804316	0.289728958630528
MVZ240837	MVZ200647	South_Coast	Sierra_3	488.940186129606	0.282081036650228
MVZ240837	MVZ217509	South_Coast	Sierra_3	403.724469044299	0.292607705446954
MVZ240837	MVZ217516	South_Coast	Sierra_3	429.522590599579	0.2902124430956
MVZ240837	MVZ217517	South_Coast	Sierra_3	429.522590599579	0.287794861999809
MVZ240837	MVZ217872	South_Coast	Sierra_3	474.749036946151	0.287421443534565
MVZ240837	MVZ218037	South_Coast	Sierra_3	477.20870797102	0.289230622738526
MVZ240837	MVZ218549	South_Coast	Sierra_3	487.451873079322	0.286661578093694
MVZ240837	MVZ219775	South_Coast	Sierra_3	482.218374844869	0.283050185510643
MVZ240837	MVZ220148	South_Coast	Sierra_3	502.385197945772	0.288611322188449
MVZ240837	MVZ222746	South_Coast	Sierra_3	393.020949909539	0.293430165448249
MVZ240837	MVZ222749	South_Coast	Sierra_3	393.269359261598	0.292211538461539
MVZ240837	MVZ222751	South_Coast	Sierra_3	391.263563619286	0.297738813835393
MVZ240837	MVZ222752	South_Coast	Sierra_3	388.94900798793	0.28962438124818
MVZ240837	MVZ222753	South_Coast	Sierra_3	388.94900798793	0.289718268951495
MVZ240837	MVZ222756	South_Coast	Sierra_3	391.650370376205	0.291969741053244
MVZ240837	MVZ222758	South_Coast	Sierra_3	391.650370376205	0.294648829431438
MVZ240837	MVZ223020	South_Coast	Sierra_3	601.211476026047	0.28348757915246
MVZ240837	MVZ223022	South_Coast	Sierra_3	559.228929304301	0.284910783553142
MVZ240837	MVZ223023	South_Coast	Sierra_3	612.684554492348	0.277659250228589
MVZ240837	MVZ228426	South_Coast	Sierra_3	463.305586273015	0.283566265060241
MVZ240837	MVZ228428	South_Coast	Sierra_3	560.422197624425	0.284883720930233
MVZ240837	MVZ232186	South_Coast	Sierra_3	374.55064636095	0.291710488574433
MVZ240837	MVZ240272	South_Coast	North	444.108858855979	0.252208523444325
MVZ240837	MVZ240328	South_Coast	North	403.153862544532	0.260130527956361
MVZ240837	MVZ240329	South_Coast	North	403.153862544532	0.253136244286687
MVZ240837	MVZ240330	South_Coast	North	403.153862544532	0.256641458212139
MVZ240837	MVZ241349	South_Coast	North_Coast	343.245592742862	0.245216615445623
MVZ240837	MVZ222480	South_Coast	Sierra_1	302.565108099535	0.34039648022656
MVZ240837	MVZ222490	South_Coast	Sierra_1	297.840896365827	0.341022071982502
MVZ240837	MVZ223094	South_Coast	Sierra_1	252.840806217698	0.344667927909987
MVZ240837	MVZ223095	South_Coast	Sierra_1	252.840806217698	0.342800397219464
MVZ240837	MVZ224618	South_Coast	Sierra_1	279.322642170847	0.347525437123382
MVZ240837	MVZ199508	South_Coast	Sierra_2	238.65882307355	0.329273065257803
MVZ240837	MVZ199509	South_Coast	Sierra_2	278.554497129051	0.327787593246957
MVZ240837	MVZ199510	South_Coast	Sierra_2	273.037377347076	0.334185177904463
MVZ240837	MVZ199511	South_Coast	Sierra_2	275.680863160626	0.32970582389187
MVZ240837	MVZ201003	South_Coast	Sierra_2	269.588789793858	0.330333431690765
MVZ240837	MVZ201307	South_Coast	Sierra_1	254.511480398843	0.355639689251647
MVZ240837	MVZ201308	South_Coast	Sierra_1	245.386089542436	0.350990099009901
MVZ240837	MVZ201309	South_Coast	Sierra_1	254.995431307088	0.352654387865656
MVZ240837	MVZ201312	South_Coast	Sierra_1	246.067043626609	0.350462689505809
MVZ240837	MVZ201314	South_Coast	Sierra_1	242.43643476555	0.350197433366239
MVZ240837	MVZ201318	South_Coast	Sierra_1	242.2286977657	0.353759213759214
MVZ240837	MVZ207124	South_Coast	Sierra_1	268.126548056573	0.350098619329389
MVZ240837	MVZ216205	South_Coast	Sierra_1	242.540234420234	0.352279426213402
MVZ240837	MVZ216215	South_Coast	Sierra_1	225.75661839595	0.349886576585462
MVZ240837	MVZ221740	South_Coast	Sierra_2	360.33308584785	0.32049491119537
MVZ240837	MVZ222747	South_Coast	Sierra_3	393.269359261598	0.289718729000672
MVZ240837	MVZ222750	South_Coast	Sierra_3	391.263563619286	0.289175856065003
MVZ240837	MVZ222754	South_Coast	Sierra_3	388.94900798793	0.289995143273434
MVZ240837	MVZ222755	South_Coast	Sierra_3	393.17541282558	0.288364901430228
MVZ240837	MVZ222757	South_Coast	Sierra_3	391.650370376205	0.28542254205971
MVZ240837	MVZ225827	South_Coast	Sierra_1	230.418192074517	0.349865148336829
MVZ240837	MVZ232185	South_Coast	Sierra_3	371.669162215779	0.284921324452167
MVZ240837	MVZ232188	South_Coast	Sierra_2	322.788248203292	0.325830921249626
MVZ240837	MVZ232189	South_Coast	Sierra_2	341.974344539932	0.324598771547454
MVZ241098	MSB259148	South_Coast	North	699.817151174517	0.310371442354076
MVZ241098	MSB261737	South_Coast	North	720.135719338125	0.312800538565109
MVZ241098	MSB269732	South_Coast	North	708.782621010233	0.304740406320543
MVZ241098	MSB269776	South_Coast	North	1090.92170889891	0.303408309596307
MVZ241098	MSB269806	South_Coast	North	758.924074225547	0.302186976652545
MVZ241098	MSB281100	South_Coast	North	1019.93463040043	0.311584883260782
MVZ241098	MSB311857	South_Coast	North	879.33408116306	0.311724411793905
MVZ241098	MSB43525	South_Coast	North	1129.2549694284	0.314601344860711
MVZ241098	MVZ217504	South_Coast	North	347.958944863209	0.296592119275823
MVZ241098	MVZ223024	South_Coast	Sierra_3	425.373089698104	0.310888671875
MVZ241098	MVZ223025	South_Coast	North	360.493340527933	0.299990330690389
MVZ241098	MVZ223028	South_Coast	North	464.017511554968	0.296101006191949
MVZ241098	UAM101701	South_Coast	North	593.330469222984	0.295209821877829
MVZ241098	UAM41739	South_Coast	North	966.946441742567	0.305964494479323
MVZ241098	UAM93314	South_Coast	North	591.954622086289	0.304489676665367
MVZ241098	MVZ221535	South_Coast	Sierra_2	156.72606797726	0.349222481959549
MVZ241098	MVZ221743	South_Coast	Sierra_2	189.115602662872	0.34985
MVZ241098	MVZ224676	South_Coast	Sierra_2	217.526893999603	0.350840545110912
MVZ241098	MVZ232190	South_Coast	Sierra_2	213.206519226467	0.34490325154598
MVZ241098	MVZ191515	South_Coast	North_Coast	45.7437224238493	0.266168908227848
MVZ241098	MVZ191548	South_Coast	North_Coast	56.6641226573437	0.263596880860725
MVZ241098	MVZ191565	South_Coast	North_Coast	56.8533574517898	0.264385999604508
MVZ241098	MVZ191579	South_Coast	North_Coast	56.9416543709517	0.260580290145073
MVZ241098	MVZ191607	South_Coast	North_Coast	44.1085464586362	0.266364353312303
MVZ241098	MVZ217992	South_Coast	North_Coast	29.1966296865786	0.267865943814687
MVZ241098	MVZ219009	South_Coast	North_Coast	27.4428235036486	0.262147957159857
MVZ241098	MVZ219014	South_Coast	North_Coast	27.7078183499434	0.265224843718491
MVZ241098	MVZ219015	South_Coast	North_Coast	27.4428235036486	0.262925409095472
MVZ241098	MVZ230716	South_Coast	North_Coast	20.1802649337704	0.253662258392675
MVZ241098	MVZ231432	South_Coast	North_Coast	35.7592491099663	0.258845344291872
MVZ241098	MVZ240012	South_Coast	North_Coast	72.441528001234	0.260605756694413
MVZ241098	MVZ240013	South_Coast	North_Coast	72.441528001234	0.259168581992605
MVZ241098	MVZ196598	South_Coast	Sierra_3	297.938777662421	0.321768380586257
MVZ241098	MVZ200477	South_Coast	Sierra_3	293.316549787573	0.324024738344434
MVZ241098	MVZ200647	South_Coast	Sierra_3	291.644349514084	0.314936635387443
MVZ241098	MVZ217509	South_Coast	Sierra_3	247.860983447101	0.326512202070079
MVZ241098	MVZ217516	South_Coast	Sierra_3	245.715771577131	0.323320045558086
MVZ241098	MVZ217517	South_Coast	Sierra_3	245.715771577131	0.320479740061162
MVZ241098	MVZ217872	South_Coast	Sierra_3	275.280911524682	0.322609856067106
MVZ241098	MVZ218037	South_Coast	Sierra_3	279.39126935014	0.32112582150681
MVZ241098	MVZ218549	South_Coast	Sierra_3	291.124641571159	0.321762796027502
MVZ241098	MVZ219775	South_Coast	Sierra_3	284.413261494813	0.318288393903868
MVZ241098	MVZ220148	South_Coast	Sierra_3	308.454919758109	0.324163816039528
MVZ241098	MVZ222746	South_Coast	Sierra_3	243.555793659899	0.327237728585178
MVZ241098	MVZ222749	South_Coast	Sierra_3	243.76788981459	0.325295986139186
MVZ241098	MVZ222751	South_Coast	Sierra_3	241.281798072613	0.329225014387109
MVZ241098	MVZ222752	South_Coast	Sierra_3	240.412405514737	0.323020883924235
MVZ241098	MVZ222753	South_Coast	Sierra_3	240.412405514737	0.322466576244914
MVZ241098	MVZ222756	South_Coast	Sierra_3	244.965509193443	0.324956336114885
MVZ241098	MVZ222758	South_Coast	Sierra_3	244.965509193443	0.328712113968831
MVZ241098	MVZ223020	South_Coast	Sierra_3	406.456811024294	0.317384525433639
MVZ241098	MVZ223022	South_Coast	Sierra_3	348.686496127588	0.317661329451722
MVZ241098	MVZ223023	South_Coast	Sierra_3	409.070620463861	0.309010474931353
MVZ241098	MVZ228426	South_Coast	Sierra_3	263.216588849294	0.315261431603319
MVZ241098	MVZ228428	South_Coast	Sierra_3	354.955500655027	0.318111901557393
MVZ241098	MVZ232186	South_Coast	Sierra_3	195.605080775821	0.327320574162679
MVZ241098	MVZ240272	South_Coast	North	232.185940385416	0.285048090935587
MVZ241098	MVZ240328	South_Coast	North	193.150699277705	0.291557113643004
MVZ241098	MVZ240329	South_Coast	North	193.150699277705	0.285915904224257
MVZ241098	MVZ240330	South_Coast	North	193.150699277705	0.286753297129558
MVZ241098	MVZ241349	South_Coast	North_Coast	141.614440884395	0.274734544011115
MVZ241098	MVZ222480	South_Coast	Sierra_1	414.461807527412	0.370788222199737
MVZ241098	MVZ222490	South_Coast	Sierra_1	424.63143198057	0.371344738412572
MVZ241098	MVZ223094	South_Coast	Sierra_1	351.778221174429	0.3749252839211
MVZ241098	MVZ223095	South_Coast	Sierra_1	351.778221174429	0.371943947525343
MVZ241098	MVZ224618	South_Coast	Sierra_1	349.860853554381	0.376544430167046
MVZ241098	MVZ199508	South_Coast	Sierra_2	155.629459217677	0.358388012927235
MVZ241098	MVZ199509	South_Coast	Sierra_2	161.76366816845	0.356960534066366
MVZ241098	MVZ199510	South_Coast	Sierra_2	157.887685804796	0.361772226593233
MVZ241098	MVZ199511	South_Coast	Sierra_2	165.162683067358	0.357483838886126
MVZ241098	MVZ201003	South_Coast	Sierra_2	160.15856866747	0.357065538279866
MVZ241098	MVZ201307	South_Coast	Sierra_1	236.340126599538	0.384236937912034
MVZ241098	MVZ201308	South_Coast	Sierra_1	219.368099670054	0.380235666897713
MVZ241098	MVZ201309	South_Coast	Sierra_1	226.61364209167	0.381553015372487
MVZ241098	MVZ201312	South_Coast	Sierra_1	215.859343415446	0.379704433497537
MVZ241098	MVZ201314	South_Coast	Sierra_1	216.214588489677	0.379371665678719
MVZ241098	MVZ201318	South_Coast	Sierra_1	229.382773566225	0.382864726700747
MVZ241098	MVZ207124	South_Coast	Sierra_1	253.959137325244	0.37998420844848
MVZ241098	MVZ216205	South_Coast	Sierra_1	214.185196422091	0.381242626818718
MVZ241098	MVZ216215	South_Coast	Sierra_1	215.198381281244	0.378182356423919
MVZ241098	MVZ221740	South_Coast	Sierra_2	198.894383520612	0.34692553403873
MVZ241098	MVZ222747	South_Coast	Sierra_3	243.76788981459	0.323099836648409
MVZ241098	MVZ222750	South_Coast	Sierra_3	241.281798072613	0.321383647798742
MVZ241098	MVZ222754	South_Coast	Sierra_3	240.412405514737	0.323323615160349
MVZ241098	MVZ222755	South_Coast	Sierra_3	246.522615349876	0.321635730858469
MVZ241098	MVZ222757	South_Coast	Sierra_3	244.965509193443	0.318438198969172
MVZ241098	MVZ225827	South_Coast	Sierra_1	189.061700472922	0.378633503146539
MVZ241098	MVZ232185	South_Coast	Sierra_3	194.288651011225	0.316768086544963
MVZ241098	MVZ232188	South_Coast	Sierra_2	230.967793630797	0.353625649220935
MVZ241098	MVZ232189	South_Coast	Sierra_2	198.594561407257	0.353460241919492
MSB259148	MSB261737	North	North	23.5936768338792	0.0493629193031118
MSB259148	MSB269732	North	North	140.505664947043	0.0641116526362431
MSB259148	MSB269776	North	North	396.500155779369	0.0678191489361703
MSB259148	MSB269806	North	North	99.8556700227971	0.0658690624444051
MSB259148	MSB281100	North	North	320.896950082681	0.0572512271307451
MSB259148	MSB311857	North	North	180.119147744492	0.0576509586095683
MSB259148	MSB43525	North	North	435.231648493676	0.0568408283510963
MSB259148	MVZ217504	North	North	385.935606619081	0.117135616917163
MSB259148	MVZ223024	North	Sierra_3	274.447699154838	0.203477949085693
MSB259148	MVZ223025	North	North	353.556263709895	0.119633507853403
MSB259148	MVZ223028	North	North	268.548181251274	0.0748952513966488
MSB259148	UAM101701	North	North	106.493231677862	0.0771534900608145
MSB259148	UAM41739	North	North	267.554074409402	0.0579333986287953
MSB259148	UAM93314	North	North	109.0361823074	0.0624011944493231
MSB259148	MVZ221535	North	Sierra_2	598.487512093625	0.341251394570472
MSB259148	MVZ221743	North	Sierra_2	571.634819819502	0.335846814733571
MSB259148	MVZ224676	North	Sierra_2	564.698489019858	0.338398544131028
MSB259148	MVZ232190	North	Sierra_2	584.009615105463	0.339792103583478
MSB259148	MVZ191515	North	North_Coast	691.534931508518	0.230581426892125
MSB259148	MVZ191548	North	North_Coast	682.072757191985	0.227749164181802
MSB259148	MVZ191565	North	North_Coast	682.787552340219	0.230633643677121
MSB259148	MVZ191579	North	North_Coast	682.920422513813	0.226541064569234
MSB259148	MVZ191607	North	North_Coast	693.650581926054	0.229080252479711
MSB259148	MVZ217992	North	North_Coast	701.394723921893	0.230907943377512
MSB259148	MVZ219009	North	North_Coast	696.8385027482	0.226823294629898
MSB259148	MVZ219014	North	North_Coast	695.547888344558	0.220806794055202
MSB259148	MVZ219015	North	North_Coast	696.8385027482	0.221962187958883
MSB259148	MVZ230716	North	North_Coast	692.185117407265	0.222191089941159
MSB259148	MVZ231432	North	North_Coast	675.042464399326	0.223321425299991
MSB259148	MVZ240012	North	North_Coast	630.91774792733	0.212897607480063
MSB259148	MVZ240013	North	North_Coast	630.91774792733	0.211812534259091
MSB259148	MVZ196598	North	Sierra_3	412.200125108834	0.22624614027349
MSB259148	MVZ200477	North	Sierra_3	421.27963761756	0.235124760076778
MSB259148	MVZ200647	North	Sierra_3	420.906394066091	0.225182028058959
MSB259148	MVZ217509	North	Sierra_3	538.592545692799	0.242631670735961
MSB259148	MVZ217516	North	Sierra_3	488.023675811755	0.235765279470659
MSB259148	MVZ217517	North	Sierra_3	488.023675811755	0.235028496273564
MSB259148	MVZ217872	North	Sierra_3	433.447866434581	0.228769042199264
MSB259148	MVZ218037	North	Sierra_3	431.955668358428	0.229818277127381
MSB259148	MVZ218549	North	Sierra_3	423.069667254159	0.227814279456853
MSB259148	MVZ219775	North	Sierra_3	427.086082088656	0.226142382619623
MSB259148	MVZ220148	North	Sierra_3	410.973027788397	0.230802792321118
MSB259148	MVZ222746	North	Sierra_3	553.555412761196	0.242595703297676
MSB259148	MVZ222749	North	Sierra_3	553.342508321354	0.240416887475711
MSB259148	MVZ222751	North	Sierra_3	554.179350271477	0.242516288078887
MSB259148	MVZ222752	North	Sierra_3	557.415397691872	0.241585572716721
MSB259148	MVZ222753	North	Sierra_3	557.415397691872	0.242484880825329
MSB259148	MVZ222756	North	Sierra_3	557.71494448224	0.241502046627514
MSB259148	MVZ222758	North	Sierra_3	557.71494448224	0.242424242424243
MSB259148	MVZ223020	North	Sierra_3	318.01244692271	0.219731543624161
MSB259148	MVZ223022	North	Sierra_3	352.189432470715	0.209497952643761
MSB259148	MVZ223023	North	Sierra_3	294.985240984132	0.21258773982218
MSB259148	MVZ228426	North	Sierra_3	444.446115308439	0.225332152347211
MSB259148	MVZ228428	North	Sierra_3	346.497162244606	0.227284744866484
MSB259148	MVZ232186	North	Sierra_3	541.217640479514	0.246397821121068
MSB259148	MVZ240272	North	North	511.67931312135	0.135702392428358
MSB259148	MVZ240328	North	North	551.709408986321	0.151613754287222
MSB259148	MVZ240329	North	North	551.709408986321	0.142260701415136
MSB259148	MVZ240330	North	North	551.709408986321	0.142988364972443
MSB259148	MVZ241349	North	North_Coast	616.266817474456	0.177038918624695
MSB259148	MVZ222480	North	Sierra_1	965.553309671379	0.364911144020733
MSB259148	MVZ222490	North	Sierra_1	990.91679018644	0.365342664970005
MSB259148	MVZ223094	North	Sierra_1	915.438985554543	0.369569177520721
MSB259148	MVZ223095	North	Sierra_1	915.438985554543	0.368449732086096
MSB259148	MVZ224618	North	Sierra_1	881.296687943008	0.370842371655821
MSB259148	MVZ199508	North	Sierra_2	701.218308842434	0.34908359409924
MSB259148	MVZ199509	North	Sierra_2	657.134787158921	0.344624910265613
MSB259148	MVZ199510	North	Sierra_2	661.59848069859	0.350040420371867
MSB259148	MVZ199511	North	Sierra_2	663.15590420602	0.345947664910049
MSB259148	MVZ201003	North	Sierra_2	667.436141265169	0.349145683453238
MSB259148	MVZ201307	North	Sierra_1	754.465315502767	0.379200359389039
MSB259148	MVZ201308	North	Sierra_1	747.020425651732	0.375192534203135
MSB259148	MVZ201309	North	Sierra_1	743.341790166003	0.378254211332313
MSB259148	MVZ201312	North	Sierra_1	742.700443419027	0.375281404772625
MSB259148	MVZ201314	North	Sierra_1	747.20321101516	0.375045142650776
MSB259148	MVZ201318	North	Sierra_1	761.059720162068	0.37792161093132
MSB259148	MVZ207124	North	Sierra_1	758.451831264887	0.377636560302866
MSB259148	MVZ216205	North	Sierra_1	745.067537962207	0.378100287562904
MSB259148	MVZ216215	North	Sierra_1	764.520017876437	0.372405702941707
MSB259148	MVZ221740	North	Sierra_2	566.212054947918	0.336440058479532
MSB259148	MVZ222747	North	Sierra_3	553.342508321354	0.239835964370756
MSB259148	MVZ222750	North	Sierra_3	554.179350271477	0.236729794611896
MSB259148	MVZ222754	North	Sierra_3	557.415397691872	0.240496162769945
MSB259148	MVZ222755	North	Sierra_3	556.731899137357	0.237323505905337
MSB259148	MVZ222757	North	Sierra_3	557.71494448224	0.237541379618859
MSB259148	MVZ225827	North	Sierra_1	735.48366772173	0.373687094711845
MSB259148	MVZ232185	North	Sierra_3	544.823076358068	0.238471089038666
MSB259148	MVZ232188	North	Sierra_2	657.06665837822	0.344770943602847
MSB259148	MVZ232189	North	Sierra_2	595.131651406203	0.343911506029558
MSB261737	MSB269732	North	North	154.65345455426	0.067747922927347
MSB261737	MSB269776	North	North	379.544313392304	0.0688085557716102
MSB261737	MSB269806	North	North	101.783241689587	0.0691611987941124
MSB261737	MSB281100	North	North	302.090054728914	0.0552294557097119
MSB261737	MSB311857	North	North	159.205353432862	0.0556647605432452
MSB261737	MSB43525	North	North	418.265882242732	0.0554211663066955
MSB261737	MVZ217504	North	North	408.829916653703	0.121023272029983
MSB261737	MVZ223024	North	Sierra_3	294.869119268909	0.209652889604578
MSB261737	MVZ223025	North	North	375.885344472611	0.125554878579511
MSB261737	MVZ223028	North	North	291.91798003216	0.0768761971095252
MSB261737	UAM101701	North	North	127.187071283097	0.077960883737776
MSB261737	UAM41739	North	North	248.552182492779	0.0561742868307935
MSB261737	UAM93314	North	North	131.038533785251	0.0643889618922462
MSB261737	MVZ221535	North	Sierra_2	616.315039368876	0.344877144181734
MSB261737	MVZ221743	North	Sierra_2	588.923549153107	0.341101888169297
MSB261737	MVZ224676	North	Sierra_2	581.148355786663	0.340417801998184
MSB261737	MVZ232190	North	Sierra_2	600.301276497547	0.343420094648708
MSB261737	MVZ191515	North	North_Coast	712.578486921343	0.233838247227482
MSB261737	MVZ191548	North	North_Coast	703.254883578015	0.232453374177855
MSB261737	MVZ191565	North	North_Coast	703.975543945363	0.236187471834162
MSB261737	MVZ191579	North	North_Coast	704.11030777221	0.23217866909754
MSB261737	MVZ191607	North	North_Coast	714.672967322653	0.233276389138644
MSB261737	MVZ217992	North	North_Coast	722.188700602115	0.236222242200845
MSB261737	MVZ219009	North	North_Coast	717.604936470269	0.229534147444595
MSB261737	MVZ219014	North	North_Coast	716.316409256909	0.226686918899016
MSB261737	MVZ219015	North	North_Coast	717.604936470269	0.227160380812888
MSB261737	MVZ230716	North	North_Coast	712.815449686845	0.226252560998323
MSB261737	MVZ231432	North	North_Coast	695.794568328627	0.228818206745272
MSB261737	MVZ240012	North	North_Coast	651.633493871526	0.217838529761362
MSB261737	MVZ240013	North	North_Coast	651.633493871526	0.215646072535084
MSB261737	MVZ196598	North	Sierra_3	430.705367084584	0.23011963406052
MSB261737	MVZ200477	North	Sierra_3	439.420511223277	0.240146175933177
MSB261737	MVZ200647	North	Sierra_3	439.228067520456	0.229491495393339
MSB261737	MVZ217509	North	Sierra_3	554.446778955632	0.247435228655885
MSB261737	MVZ217516	North	Sierra_3	505.455952093227	0.239753386592566
MSB261737	MVZ217517	North	Sierra_3	505.455952093227	0.24104020979021
MSB261737	MVZ217872	North	Sierra_3	452.20543402394	0.232535801606706
MSB261737	MVZ218037	North	Sierra_3	450.453318926818	0.234479756203742
MSB261737	MVZ218549	North	Sierra_3	441.257611766096	0.235497116896733
MSB261737	MVZ219775	North	Sierra_3	445.541867761303	0.231671291737535
MSB261737	MVZ220148	North	Sierra_3	428.629032133264	0.234946049425687
MSB261737	MVZ222746	North	Sierra_3	569.292406312757	0.246827075621366
MSB261737	MVZ222749	North	Sierra_3	569.075576935706	0.245444141209615
MSB261737	MVZ222751	North	Sierra_3	569.986085850238	0.2475860252809
MSB261737	MVZ222752	North	Sierra_3	573.198952204519	0.245771764286987
MSB261737	MVZ222753	North	Sierra_3	573.198952204519	0.247028561291467
MSB261737	MVZ222756	North	Sierra_3	573.335279993918	0.246938775510204
MSB261737	MVZ222758	North	Sierra_3	573.335279993918	0.246628721541155
MSB261737	MVZ223020	North	Sierra_3	334.246868004257	0.223982506247769
MSB261737	MVZ223022	North	Sierra_3	373.204224461837	0.212935014204545
MSB261737	MVZ223023	North	Sierra_3	313.804699449807	0.213665639876784
MSB261737	MVZ228426	North	Sierra_3	463.362382102072	0.230409459936464
MSB261737	MVZ228428	North	Sierra_3	366.073912999619	0.232111462728551
MSB261737	MVZ232186	North	Sierra_3	559.046525514105	0.25065720294427
MSB261737	MVZ240272	North	North	534.172788900524	0.13831367409349
MSB261737	MVZ240328	North	North	573.994954114671	0.156112962638134
MSB261737	MVZ240329	North	North	573.994954114671	0.146257012622722
MSB261737	MVZ240330	North	North	573.994954114671	0.145311818578282
MSB261737	MVZ241349	North	North_Coast	638.345077479525	0.180745229266528
MSB261737	MVZ222480	North	Sierra_1	979.800262449446	0.368190212373039
MSB261737	MVZ222490	North	Sierra_1	1005.45590848038	0.36920079739036
MSB261737	MVZ223094	North	Sierra_1	930.43964850605	0.373194658915433
MSB261737	MVZ223095	North	Sierra_1	930.43964850605	0.37091370098705
MSB261737	MVZ224618	North	Sierra_1	895.677731385073	0.374571994954046
MSB261737	MVZ199508	North	Sierra_2	718.427799460722	0.352644723931852
MSB261737	MVZ199509	North	Sierra_2	674.229053779565	0.348178318861337
MSB261737	MVZ199510	North	Sierra_2	678.771304415751	0.352848951800753
MSB261737	MVZ199511	North	Sierra_2	680.145780647121	0.349732474834497
MSB261737	MVZ201003	North	Sierra_2	684.536696983936	0.352445042620009
MSB261737	MVZ201307	North	Sierra_1	770.063190067544	0.382403010482931
MSB261737	MVZ201308	North	Sierra_1	762.97512480537	0.378410117434508
MSB261737	MVZ201309	North	Sierra_1	759.086242602168	0.380836925287357
MSB261737	MVZ201312	North	Sierra_1	758.705888408707	0.378647750740774
MSB261737	MVZ201314	North	Sierra_1	763.237140106776	0.377036636961022
MSB261737	MVZ201318	North	Sierra_1	776.894946861995	0.380164918885004
MSB261737	MVZ207124	North	Sierra_1	773.639972709213	0.379796890446661
MSB261737	MVZ216205	North	Sierra_1	761.13339745471	0.380510752688172
MSB261737	MVZ216215	North	Sierra_1	780.7414584817	0.374921291715391
MSB261737	MVZ221740	North	Sierra_2	583.274487867079	0.339487600291758
MSB261737	MVZ222747	North	Sierra_3	569.075576935706	0.243953917861225
MSB261737	MVZ222750	North	Sierra_3	569.986085850238	0.240445153852976
MSB261737	MVZ222754	North	Sierra_3	573.198952204519	0.244635384204434
MSB261737	MVZ222755	North	Sierra_3	572.313366809498	0.243338939541471
MSB261737	MVZ222757	North	Sierra_3	573.335279993918	0.24047470331043
MSB261737	MVZ225827	North	Sierra_1	752.082429998585	0.376412172011662
MSB261737	MVZ232185	North	Sierra_3	562.593795674108	0.245401485673859
MSB261737	MVZ232188	North	Sierra_2	672.369406668664	0.347869628550619
MSB261737	MVZ232189	North	Sierra_2	611.730955439217	0.347503617945007
MSB269732	MSB269776	North	North	397.509983398629	0.0524204453258814
MSB269732	MSB269806	North	North	82.2342764930732	0.0525172039116261
MSB269732	MSB281100	North	North	344.010474243474	0.0711557697553878
MSB269732	MSB311857	North	North	242.100127767371	0.072217153284671
MSB269732	MSB43525	North	North	433.84353549745	0.0746953911354413
MSB269732	MVZ217504	North	North	365.958414886033	0.110903426791277
MSB269732	MVZ223024	North	Sierra_3	304.306440569625	0.200146025371909
MSB269732	MVZ223025	North	North	348.290207780948	0.113882959800782
MSB269732	MVZ223028	North	North	245.234437545191	0.07249021003916
MSB269732	UAM101701	North	North	174.114990171855	0.0804720037019902
MSB269732	UAM41739	North	North	298.375209459402	0.0738913801694073
MSB269732	UAM93314	North	North	162.545471255795	0.066380390051888
MSB269732	MVZ221535	North	Sierra_2	634.76833781324	0.335400492330998
MSB269732	MVZ221743	North	Sierra_2	613.176259814351	0.330247487904726
MSB269732	MVZ224676	North	Sierra_2	613.013291193781	0.331492994339798
MSB269732	MVZ232190	North	Sierra_2	632.980303605798	0.33285329369135
MSB269732	MVZ191515	North	North_Coast	691.644684460976	0.223456221198157
MSB269732	MVZ191548	North	North_Coast	680.528000288496	0.221321293651525
MSB269732	MVZ191565	North	North_Coast	681.146223948719	0.224075951700617
MSB269732	MVZ191579	North	North_Coast	681.250136498908	0.219824773977072
MSB269732	MVZ191607	North	North_Coast	693.994307864523	0.221762705633674
MSB269732	MVZ217992	North	North_Coast	704.529828311752	0.224156942019664
MSB269732	MVZ219009	North	North_Coast	700.421419642451	0.219359911201554
MSB269732	MVZ219014	North	North_Coast	699.1327314819	0.214675190373226
MSB269732	MVZ219015	North	North_Coast	700.421419642451	0.214666541951174
MSB269732	MVZ230716	North	North_Coast	697.569056096274	0.213178663116858
MSB269732	MVZ231432	North	North_Coast	679.298067868104	0.217535500747384
MSB269732	MVZ240012	North	North_Coast	636.726688217473	0.205486494064867
MSB269732	MVZ240013	North	North_Coast	636.726688217473	0.204534872893194
MSB269732	MVZ196598	North	Sierra_3	449.728488348789	0.217258426966292
MSB269732	MVZ200477	North	Sierra_3	461.518970790149	0.226104739041522
MSB269732	MVZ200647	North	Sierra_3	459.593670307488	0.218747171177695
MSB269732	MVZ217509	North	Sierra_3	592.049391451375	0.23423623445826
MSB269732	MVZ217516	North	Sierra_3	531.194319372354	0.225732031943212
MSB269732	MVZ217517	North	Sierra_3	531.194319372354	0.228165743882836
MSB269732	MVZ217872	North	Sierra_3	467.558192830159	0.21956114530372
MSB269732	MVZ218037	North	Sierra_3	468.511539384555	0.221026416436894
MSB269732	MVZ218549	North	Sierra_3	462.809939439372	0.221136688079941
MSB269732	MVZ219775	North	Sierra_3	464.265011018117	0.219753086419754
MSB269732	MVZ220148	North	Sierra_3	455.815234774025	0.220695482034863
MSB269732	MVZ222746	North	Sierra_3	607.40795460113	0.234345436525812
MSB269732	MVZ222749	North	Sierra_3	607.229017839938	0.232028789923528
MSB269732	MVZ222751	North	Sierra_3	607.517200886445	0.23490354419022
MSB269732	MVZ222752	North	Sierra_3	610.826603423579	0.23266066721207
MSB269732	MVZ222753	North	Sierra_3	610.826603423579	0.235403276907758
MSB269732	MVZ222756	North	Sierra_3	612.274794464468	0.234840931750204
MSB269732	MVZ222758	North	Sierra_3	612.274794464468	0.232650688606689
MSB269732	MVZ223020	North	Sierra_3	379.374584834555	0.212572939460248
MSB269732	MVZ223022	North	Sierra_3	367.167526826952	0.201896035562006
MSB269732	MVZ223023	North	Sierra_3	338.378362744791	0.202608778444254
MSB269732	MVZ228426	North	Sierra_3	476.523524941368	0.217715007670788
MSB269732	MVZ228428	North	Sierra_3	378.201943418237	0.217610062893081
MSB269732	MVZ232186	North	Sierra_3	579.190827686727	0.238314828080229
MSB269732	MVZ240272	North	North	493.962982832341	0.124966514867399
MSB269732	MVZ240328	North	North	536.503322132319	0.140444404623242
MSB269732	MVZ240329	North	North	536.503322132319	0.134625716332377
MSB269732	MVZ240330	North	North	536.503322132319	0.135152001426406
MSB269732	MVZ241349	North	North_Coast	602.741206056456	0.17045664633019
MSB269732	MVZ222480	North	Sierra_1	1022.8043396841	0.358793022159359
MSB269732	MVZ222490	North	Sierra_1	1045.9589984492	0.358380431761327
MSB269732	MVZ223094	North	Sierra_1	968.060499446597	0.363070924619384
MSB269732	MVZ223095	North	Sierra_1	968.060499446597	0.361890215680829
MSB269732	MVZ224618	North	Sierra_1	938.541020958136	0.364185017967382
MSB269732	MVZ199508	North	Sierra_2	740.311550696645	0.343414100929131
MSB269732	MVZ199509	North	Sierra_2	698.088943923087	0.338743599122165
MSB269732	MVZ199510	North	Sierra_2	701.816700037765	0.344013181984621
MSB269732	MVZ199511	North	Sierra_2	704.818058561009	0.340753424657534
MSB269732	MVZ201003	North	Sierra_2	708.114137403679	0.344645965008702
MSB269732	MVZ201307	North	Sierra_1	804.99177502657	0.372124988545771
MSB269732	MVZ201308	North	Sierra_1	795.058728681901	0.36859595679867
MSB269732	MVZ201309	North	Sierra_1	792.987716138088	0.371018085008721
MSB269732	MVZ201312	North	Sierra_1	790.434480566571	0.367906336088154
MSB269732	MVZ201314	North	Sierra_1	794.649099855684	0.367994846783841
MSB269732	MVZ201318	North	Sierra_1	809.750198825488	0.369856108514343
MSB269732	MVZ207124	North	Sierra_1	811.828100236875	0.36998254799302
MSB269732	MVZ216205	North	Sierra_1	792.310823111735	0.37036188731104
MSB269732	MVZ216215	North	Sierra_1	810.269854429544	0.365234195270084
MSB269732	MVZ221740	North	Sierra_2	609.733406278248	0.330709761549925
MSB269732	MVZ222747	North	Sierra_3	607.229017839938	0.231841064365336
MSB269732	MVZ222750	North	Sierra_3	607.517200886445	0.22759775524982
MSB269732	MVZ222754	North	Sierra_3	610.826603423579	0.230261961069675
MSB269732	MVZ222755	North	Sierra_3	611.592680033268	0.230048859934853
MSB269732	MVZ222757	North	Sierra_3	612.274794464468	0.229878771306171
MSB269732	MVZ225827	North	Sierra_1	778.821774379245	0.366147968691763
MSB269732	MVZ232185	North	Sierra_3	583.174766642634	0.229960281639285
MSB269732	MVZ232188	North	Sierra_2	711.466075078474	0.338604651162791
MSB269732	MVZ232189	North	Sierra_2	641.478406110869	0.337628151842616
MSB269776	MSB269806	North	North	333.587464602203	0.0536296162201306
MSB269776	MSB281100	North	North	87.2539058845477	0.0754777070063695
MSB269776	MSB311857	North	North	230.463996162576	0.0767125786737204
MSB269776	MSB43525	North	North	38.7351922337307	0.0777346164032844
MSB269776	MVZ217504	North	North	758.408449930326	0.111348464619493
MSB269776	MVZ223024	North	Sierra_3	667.627722047921	0.198256185519949
MSB269776	MVZ223025	North	North	734.496531080886	0.11532645436755
MSB269776	MVZ223028	North	North	636.042129243986	0.0738697045211815
MSB269776	UAM101701	North	North	501.380523466765	0.0810898325469521
MSB269776	UAM41739	North	North	136.769378193349	0.0759896558583648
MSB269776	UAM93314	North	North	500.575153215704	0.0663411574986565
MSB269776	MVZ221535	North	Sierra_2	994.934793721272	0.335008534041343
MSB269776	MVZ221743	North	Sierra_2	968.111056060655	0.33143868803578
MSB269776	MVZ224676	North	Sierra_2	960.689062078978	0.33269926695741
MSB269776	MVZ232190	North	Sierra_2	979.843672533194	0.334356970035362
MSB269776	MVZ191515	North	North_Coast	1078.76615727265	0.220855220716985
MSB269776	MVZ191548	North	North_Coast	1068.42905869351	0.220738557878258
MSB269776	MVZ191565	North	North_Coast	1069.09850233207	0.222636815920399
MSB269776	MVZ191579	North	North_Coast	1069.21731257599	0.217690875232774
MSB269776	MVZ191607	North	North_Coast	1081.00668538976	0.222155853703364
MSB269776	MVZ217992	North	North_Coast	1090.09591139956	0.224034926470589
MSB269776	MVZ219009	North	North_Coast	1085.71719569391	0.218888683431953
MSB269776	MVZ219014	North	North_Coast	1084.42091651724	0.214789394509215
MSB269776	MVZ219015	North	North_Coast	1085.71719569391	0.214078578110384
MSB269776	MVZ230716	North	North_Coast	1081.82119679342	0.21256773457553
MSB269776	MVZ231432	North	North_Coast	1064.10459702405	0.218394024276376
MSB269776	MVZ240012	North	North_Coast	1020.39519281448	0.204950957496496
MSB269776	MVZ240013	North	North_Coast	1020.39519281448	0.204888268156425
MSB269776	MVZ196598	North	Sierra_3	808.319867798741	0.216443405556055
MSB269776	MVZ200477	North	Sierra_3	817.642466598418	0.226747287924595
MSB269776	MVZ200647	North	Sierra_3	817.161497167907	0.220041602604685
MSB269776	MVZ217509	North	Sierra_3	933.903729902877	0.233484283431008
MSB269776	MVZ217516	North	Sierra_3	884.517651226169	0.225756365894774
MSB269776	MVZ217517	North	Sierra_3	884.517651226169	0.229858878170776
MSB269776	MVZ217872	North	Sierra_3	829.284924402765	0.220635487325955
MSB269776	MVZ218037	North	Sierra_3	828.063270612859	0.220521491501291
MSB269776	MVZ218549	North	Sierra_3	819.406581366927	0.221359743040684
MSB269776	MVZ219775	North	Sierra_3	823.234186356693	0.217627707210088
MSB269776	MVZ220148	North	Sierra_3	807.471589557278	0.224266666666668
MSB269776	MVZ222746	North	Sierra_3	948.698279441753	0.234443944169293
MSB269776	MVZ222749	North	Sierra_3	948.479763971876	0.23287732877329
MSB269776	MVZ222751	North	Sierra_3	949.42116980484	0.235270379338176
MSB269776	MVZ222752	North	Sierra_3	952.623716584132	0.231324972737188
MSB269776	MVZ222753	North	Sierra_3	952.623716584132	0.235819137368613
MSB269776	MVZ222756	North	Sierra_3	952.682822073547	0.23637682473479
MSB269776	MVZ222758	North	Sierra_3	952.682822073547	0.234712149700062
MSB269776	MVZ223020	North	Sierra_3	713.789588167271	0.212048083052546
MSB269776	MVZ223022	North	Sierra_3	742.332886842795	0.202251270878723
MSB269776	MVZ223023	North	Sierra_3	690.984971680779	0.201496806177901
MSB269776	MVZ228426	North	Sierra_3	840.062490337456	0.218129288551824
MSB269776	MVZ228428	North	Sierra_3	741.256612767009	0.218154868846569
MSB269776	MVZ232186	North	Sierra_3	937.672964264564	0.238896848137536
MSB269776	MVZ240272	North	North	887.137997121646	0.128461675897802
MSB269776	MVZ240328	North	North	929.182658639502	0.144234218077475
MSB269776	MVZ240329	North	North	929.182658639502	0.135569688283769
MSB269776	MVZ240330	North	North	929.182658639502	0.13620167468377
MSB269776	MVZ241349	North	North_Coast	995.281464232953	0.169745958429561
MSB269776	MVZ222480	North	Sierra_1	1357.28174365765	0.359724450316128
MSB269776	MVZ222490	North	Sierra_1	1383.40739752193	0.359761177450709
MSB269776	MVZ223094	North	Sierra_1	1309.08115260534	0.364501160092808
MSB269776	MVZ223095	North	Sierra_1	1309.08115260534	0.36303019077607
MSB269776	MVZ224618	North	Sierra_1	1273.46614577999	0.364980652294085
MSB269776	MVZ199508	North	Sierra_2	1097.68308517026	0.344519423673172
MSB269776	MVZ199509	North	Sierra_2	1053.55955997312	0.339253020871476
MSB269776	MVZ199510	North	Sierra_2	1058.05053796537	0.343744275508335
MSB269776	MVZ199511	North	Sierra_2	1059.53631457305	0.341134488831217
MSB269776	MVZ201003	North	Sierra_2	1063.86400129144	0.344707393138874
MSB269776	MVZ201307	North	Sierra_1	1149.32920625919	0.373316845287167
MSB269776	MVZ201308	North	Sierra_1	1142.43026689479	0.371052631578947
MSB269776	MVZ201309	North	Sierra_1	1138.44414503935	0.372336517266715
MSB269776	MVZ201312	North	Sierra_1	1138.17996178576	0.369503350775728
MSB269776	MVZ201314	North	Sierra_1	1142.72008450501	0.368556701030928
MSB269776	MVZ201318	North	Sierra_1	1156.29597613208	0.371746700879765
MSB269776	MVZ207124	North	Sierra_1	1152.56830448852	0.371164798824177
MSB269776	MVZ216205	North	Sierra_1	1140.62633103863	0.37141810857823
MSB269776	MVZ216215	North	Sierra_1	1160.26896188151	0.366654405002759
MSB269776	MVZ221740	North	Sierra_2	962.61655551549	0.331190609278927
MSB269776	MVZ222747	North	Sierra_3	948.479763971876	0.232069027503146
MSB269776	MVZ222750	North	Sierra_3	949.42116980484	0.228372135157169
MSB269776	MVZ222754	North	Sierra_3	952.623716584132	0.23161965423112
MSB269776	MVZ222755	North	Sierra_3	951.640254182637	0.230838838114199
MSB269776	MVZ222757	North	Sierra_3	952.682822073547	0.227131782945737
MSB269776	MVZ225827	North	Sierra_1	1131.61149265698	0.36685288640596
MSB269776	MVZ232185	North	Sierra_3	941.293610381616	0.231905665492004
MSB269776	MVZ232188	North	Sierra_2	1051.45548141027	0.338622615169846
MSB269776	MVZ232189	North	Sierra_2	991.25351929726	0.338571032442924
MSB269806	MSB281100	North	North	271.248883808831	0.0743563994887714
MSB269806	MSB311857	North	North	160.065034867196	0.0720761974539792
MSB269806	MSB43525	North	North	371.421595314274	0.0746830954702599
MSB269806	MVZ217504	North	North	425.117958804575	0.111041573535986
MSB269806	MVZ223024	North	Sierra_3	339.686507122521	0.198982864473563
MSB269806	MVZ223025	North	North	401.043437477789	0.114780435558729
MSB269806	MVZ223028	North	North	302.745803531155	0.0768681367735026
MSB269806	UAM101701	North	North	181.934931804511	0.079947940875709
MSB269806	UAM41739	North	North	222.466831097641	0.0754905887064479
MSB269806	UAM93314	North	North	176.577532395016	0.0687966208322103
MSB269806	MVZ221535	North	Sierra_2	671.35322550688	0.333016717325228
MSB269806	MVZ221743	North	Sierra_2	646.882587081501	0.328205367997755
MSB269806	MVZ224676	North	Sierra_2	643.081576163214	0.33060312732688
MSB269806	MVZ232190	North	Sierra_2	662.81131214857	0.333115793399217
MSB269806	MVZ191515	North	North_Coast	745.576965766956	0.218290313627531
MSB269806	MVZ191548	North	North_Coast	735.106810852292	0.216860787576262
MSB269806	MVZ191565	North	North_Coast	735.769175512498	0.218790456815239
MSB269806	MVZ191579	North	North_Coast	735.885892032118	0.213357029276961
MSB269806	MVZ191607	North	North_Coast	747.838479555995	0.21514844182187
MSB269806	MVZ217992	North	North_Coast	757.223277642148	0.218153306890509
MSB269806	MVZ219009	North	North_Coast	752.899591303094	0.213185487612508
MSB269806	MVZ219014	North	North_Coast	751.60358268376	0.207904914630695
MSB269806	MVZ219015	North	North_Coast	752.899591303094	0.210958775471876
MSB269806	MVZ230716	North	North_Coast	749.244550678793	0.207863558188418
MSB269806	MVZ231432	North	North_Coast	731.373192524178	0.212124051344513
MSB269806	MVZ240012	North	North_Coast	687.875693824247	0.199465340962386
MSB269806	MVZ240013	North	North_Coast	687.875693824247	0.200598242662179
MSB269806	MVZ196598	North	Sierra_3	484.045092505921	0.217016863558481
MSB269806	MVZ200477	North	Sierra_3	494.577013985326	0.225037922726866
MSB269806	MVZ200647	North	Sierra_3	493.434156093246	0.216419943692671
MSB269806	MVZ217509	North	Sierra_3	619.138250528586	0.234483681112896
MSB269806	MVZ217516	North	Sierra_3	563.42182984182	0.225670020479032
MSB269806	MVZ217517	North	Sierra_3	563.42182984182	0.226465841850457
MSB269806	MVZ217872	North	Sierra_3	503.835842991632	0.218979409131603
MSB269806	MVZ218037	North	Sierra_3	503.554297732962	0.220762976860538
MSB269806	MVZ218549	North	Sierra_3	496.142893381027	0.218968296614722
MSB269806	MVZ219775	North	Sierra_3	498.938498555369	0.215942427576092
MSB269806	MVZ220148	North	Sierra_3	486.38297366897	0.220278471974294
MSB269806	MVZ222746	North	Sierra_3	634.373651001526	0.233544303797468
MSB269806	MVZ222749	North	Sierra_3	634.174512378695	0.230011744511699
MSB269806	MVZ222751	North	Sierra_3	634.772325494634	0.234854622378252
MSB269806	MVZ222752	North	Sierra_3	638.061237523882	0.231060606060604
MSB269806	MVZ222753	North	Sierra_3	638.061237523882	0.232696680309231
MSB269806	MVZ222756	North	Sierra_3	638.872459778827	0.232042189488998
MSB269806	MVZ222758	North	Sierra_3	638.872459778827	0.232863174916899
MSB269806	MVZ223020	North	Sierra_3	399.765970353344	0.210109789569991
MSB269806	MVZ223022	North	Sierra_3	411.22492550824	0.199827068353508
MSB269806	MVZ223023	North	Sierra_3	367.750631269625	0.20010524301569
MSB269806	MVZ228426	North	Sierra_3	513.929362441777	0.216855459900318
MSB269806	MVZ228428	North	Sierra_3	414.380992271289	0.216424641471994
MSB269806	MVZ232186	North	Sierra_3	614.527624083455	0.23672625999461
MSB269806	MVZ240272	North	North	553.825057242832	0.126378058617907
MSB269806	MVZ240328	North	North	595.742454905774	0.141450916936354
MSB269806	MVZ240329	North	North	595.742454905774	0.135329556694541
MSB269806	MVZ240330	North	North	595.742454905774	0.13523306790731
MSB269806	MVZ241349	North	North_Coast	661.78609633484	0.168629997217327
MSB269806	MVZ222480	North	Sierra_1	1049.31362259569	0.35745406326956
MSB269806	MVZ222490	North	Sierra_1	1073.79506527114	0.357547871351554
MSB269806	MVZ223094	North	Sierra_1	997.110200524783	0.361810216256526
MSB269806	MVZ223095	North	Sierra_1	997.110200524783	0.360287970274036
MSB269806	MVZ224618	North	Sierra_1	964.865325860974	0.363859097633136
MSB269806	MVZ199508	North	Sierra_2	775.986431391039	0.342187071408978
MSB269806	MVZ199509	North	Sierra_2	732.587309757204	0.337435709037473
MSB269806	MVZ199510	North	Sierra_2	736.721390678644	0.342859768424922
MSB269806	MVZ199511	North	Sierra_2	738.974890328033	0.339685785999814
MSB269806	MVZ201003	North	Sierra_2	742.807313680436	0.342548298068077
MSB269806	MVZ201307	North	Sierra_1	834.746601509084	0.371746528097122
MSB269806	MVZ201308	North	Sierra_1	826.155248838981	0.368555267062314
MSB269806	MVZ201309	North	Sierra_1	823.188950526897	0.370517193694109
MSB269806	MVZ201312	North	Sierra_1	821.681038988933	0.367582012532252
MSB269806	MVZ201314	North	Sierra_1	826.069317157849	0.367144177449167
MSB269806	MVZ201318	North	Sierra_1	840.540279590826	0.369607211848037
MSB269806	MVZ207124	North	Sierra_1	840.005483143646	0.370088544548976
MSB269806	MVZ216205	North	Sierra_1	823.833361611211	0.369837181492043
MSB269806	MVZ216215	North	Sierra_1	842.672412927808	0.364521787296898
MSB269806	MVZ221740	North	Sierra_2	642.36703131549	0.329268292682927
MSB269806	MVZ222747	North	Sierra_3	634.174512378695	0.230946153152341
MSB269806	MVZ222750	North	Sierra_3	634.772325494634	0.226313875250045
MSB269806	MVZ222754	North	Sierra_3	638.061237523882	0.231106243154436
MSB269806	MVZ222755	North	Sierra_3	638.016309800726	0.230706373706193
MSB269806	MVZ222757	North	Sierra_3	638.872459778827	0.226728237015362
MSB269806	MVZ225827	North	Sierra_1	812.408198159444	0.364834548513741
MSB269806	MVZ232185	North	Sierra_3	618.344513360048	0.228142572102303
MSB269806	MVZ232188	North	Sierra_2	738.672591112565	0.337084422861412
MSB269806	MVZ232189	North	Sierra_2	672.789230806727	0.336084577575813
MSB281100	MSB311857	North	North	146.965031230774	0.0335964751239212
MSB281100	MSB43525	North	North	123.28449020995	0.0292395066110569
MSB281100	MVZ217504	North	North	694.575957890692	0.124002510535282
MSB281100	MVZ223024	North	Sierra_3	594.869921618764	0.2109059169423
MSB281100	MVZ223025	North	North	667.565303430643	0.125884460367219
MSB281100	MVZ223028	North	North	572.534988234966	0.0831614812158161
MSB281100	UAM101701	North	North	427.17187433491	0.0842021969838015
MSB281100	UAM41739	North	North	53.5999866519273	0.0313564415948707
MSB281100	UAM93314	North	North	427.982047130274	0.072684642438452
MSB281100	MVZ221535	North	Sierra_2	918.312965463652	0.344998569657671
MSB281100	MVZ221743	North	Sierra_2	890.614068809416	0.340463458110517
MSB281100	MVZ224676	North	Sierra_2	881.964078272153	0.341091792858478
MSB281100	MVZ232190	North	Sierra_2	900.873707051473	0.343682682401424
MSB281100	MVZ191515	North	North_Coast	1009.99868454307	0.23335190860964
MSB281100	MVZ191548	North	North_Coast	1000.09710906752	0.229609353252297
MSB281100	MVZ191565	North	North_Coast	1000.7903157918	0.23510579064588
MSB281100	MVZ191579	North	North_Coast	1000.91636452625	0.22820777756904
MSB281100	MVZ191607	North	North_Coast	1012.17648535397	0.232410664691723
MSB281100	MVZ217992	North	North_Coast	1020.54691994736	0.233345687019364
MSB281100	MVZ219009	North	North_Coast	1016.06420456025	0.230414531904984
MSB281100	MVZ219014	North	North_Coast	1014.76984391631	0.225960628430816
MSB281100	MVZ219015	North	North_Coast	1016.06420456025	0.224571482388396
MSB281100	MVZ230716	North	North_Coast	1011.72930243071	0.223313530088157
MSB281100	MVZ231432	North	North_Coast	994.326527280421	0.227525181210581
MSB281100	MVZ240012	North	North_Coast	950.335840721928	0.217559047708667
MSB281100	MVZ240013	North	North_Coast	950.335840721928	0.216535433070866
MSB281100	MVZ196598	North	Sierra_3	732.761720907967	0.230804015555757
MSB281100	MVZ200477	North	Sierra_3	741.508434644515	0.238206069286544
MSB281100	MVZ200647	North	Sierra_3	741.313791449418	0.229183729183729
MSB281100	MVZ217509	North	Sierra_3	854.433893667265	0.248367474729403
MSB281100	MVZ217516	North	Sierra_3	807.289130098248	0.23927997141326
MSB281100	MVZ217517	North	Sierra_3	807.289130098248	0.239005306232575
MSB281100	MVZ217872	North	Sierra_3	754.179829049733	0.23227284982475
MSB281100	MVZ218037	North	Sierra_3	752.513382272438	0.233198924731182
MSB281100	MVZ218549	North	Sierra_3	743.347346413368	0.232712885531878
MSB281100	MVZ219775	North	Sierra_3	747.610014184592	0.230974264705881
MSB281100	MVZ220148	North	Sierra_3	730.608420404761	0.235180873925502
MSB281100	MVZ222746	North	Sierra_3	869.052080347909	0.249251700680273
MSB281100	MVZ222749	North	Sierra_3	868.829061057515	0.244995017664644
MSB281100	MVZ222751	North	Sierra_3	869.861598862778	0.247876378095066
MSB281100	MVZ222752	North	Sierra_3	873.028714671147	0.245543468324345
MSB281100	MVZ222753	North	Sierra_3	873.028714671147	0.247741170028293
MSB281100	MVZ222756	North	Sierra_3	872.883127762545	0.246214885078439
MSB281100	MVZ222758	North	Sierra_3	872.883127762545	0.247477022887007
MSB281100	MVZ223020	North	Sierra_3	635.295426009465	0.223970277956151
MSB281100	MVZ223022	North	Sierra_3	671.466680252273	0.215173674588665
MSB281100	MVZ223023	North	Sierra_3	615.723916763945	0.216427203065133
MSB281100	MVZ228426	North	Sierra_3	765.256443951628	0.230395274875056
MSB281100	MVZ228428	North	Sierra_3	667.375581563723	0.231235304756737
MSB281100	MVZ232186	North	Sierra_3	861.055526596107	0.251149166291123
MSB281100	MVZ240272	North	North	822.967670605195	0.141861510791367
MSB281100	MVZ240328	North	North	864.41280270694	0.156526448817476
MSB281100	MVZ240329	North	North	864.41280270694	0.148849797023004
MSB281100	MVZ240330	North	North	864.41280270694	0.149560380405527
MSB281100	MVZ241349	North	North_Coast	930.101388461802	0.181932421111421
MSB281100	MVZ222480	North	Sierra_1	1275.16027278809	0.368171021377672
MSB281100	MVZ222490	North	Sierra_1	1301.60273912767	0.368867748554374
MSB281100	MVZ223094	North	Sierra_1	1227.94198484773	0.373457943925234
MSB281100	MVZ223095	North	Sierra_1	1227.94198484773	0.371483137693311
MSB281100	MVZ224618	North	Sierra_1	1191.61267293596	0.375939152212225
MSB281100	MVZ199508	North	Sierra_2	1019.98726967397	0.352438688343897
MSB281100	MVZ199509	North	Sierra_2	975.702070424853	0.348060444116834
MSB281100	MVZ199510	North	Sierra_2	980.316338707856	0.353939841299133
MSB281100	MVZ199511	North	Sierra_2	981.509380701644	0.351250466592012
MSB281100	MVZ201003	North	Sierra_2	986.009990177509	0.353104212860311
MSB281100	MVZ201307	North	Sierra_1	1069.17845237139	0.381918819188191
MSB281100	MVZ201308	North	Sierra_1	1062.77901096096	0.376976744186047
MSB281100	MVZ201309	North	Sierra_1	1058.50629112335	0.381278327629266
MSB281100	MVZ201312	North	Sierra_1	1058.60538104446	0.377890841813136
MSB281100	MVZ201314	North	Sierra_1	1063.18066794598	0.377639866617266
MSB281100	MVZ201318	North	Sierra_1	1076.46082075611	0.380225154563071
MSB281100	MVZ207124	North	Sierra_1	1071.87746562999	0.38015535417052
MSB281100	MVZ216205	North	Sierra_1	1061.13485703532	0.380583241048358
MSB281100	MVZ216215	North	Sierra_1	1080.98183292774	0.375254771169168
MSB281100	MVZ221740	North	Sierra_2	884.775815811491	0.340840840840841
MSB281100	MVZ222747	North	Sierra_3	868.829061057515	0.244252353367126
MSB281100	MVZ222750	North	Sierra_3	869.861598862778	0.240359194092443
MSB281100	MVZ222754	North	Sierra_3	873.028714671147	0.245327958959328
MSB281100	MVZ222755	North	Sierra_3	871.79458229305	0.243919103580213
MSB281100	MVZ222757	North	Sierra_3	872.883127762545	0.240447173096308
MSB281100	MVZ225827	North	Sierra_1	1052.91856154996	0.375328453453454
MSB281100	MVZ232185	North	Sierra_3	864.579801385435	0.244794981361942
MSB281100	MVZ232188	North	Sierra_2	971.073793066872	0.348538778568752
MSB281100	MVZ232189	North	Sierra_2	912.701504429531	0.347245486692723
MSB311857	MSB43525	North	North	268.419608315091	0.0327357060030328
MSB311857	MVZ217504	North	North	563.633268647781	0.124617461746174
MSB311857	MVZ223024	North	Sierra_3	454.068963940963	0.209745762711864
MSB311857	MVZ223025	North	North	532.946606794726	0.127415730337079
MSB311857	MVZ223028	North	North	443.621449805994	0.0842479309103993
MSB311857	UAM101701	North	North	286.26509557698	0.0833489154824226
MSB311857	UAM41739	North	North	94.0370803238297	0.0369232319161796
MSB311857	UAM93314	North	North	289.091482900612	0.0712992304210052
MSB311857	MVZ221535	North	Sierra_2	773.306614591126	0.341830878132772
MSB311857	MVZ221743	North	Sierra_2	745.093609516074	0.337365844473734
MSB311857	MVZ224676	North	Sierra_2	735.802763184758	0.336990154711674
MSB311857	MVZ232190	North	Sierra_2	754.592061058164	0.339473684210527
MSB311857	MVZ191515	North	North_Coast	871.602498213854	0.235609165424738
MSB311857	MVZ191548	North	North_Coast	862.178713785067	0.23105919583023
MSB311857	MVZ191565	North	North_Coast	862.894609842855	0.236472012666479
MSB311857	MVZ191579	North	North_Coast	863.027823894335	0.231609682584535
MSB311857	MVZ191607	North	North_Coast	873.710196651306	0.233955605089625
MSB311857	MVZ217992	North	North_Coast	881.334815691558	0.234509986065955
MSB311857	MVZ219009	North	North_Coast	876.760097062734	0.2321244976166
MSB311857	MVZ219014	North	North_Coast	875.470867592395	0.226616655588262
MSB311857	MVZ219015	North	North_Coast	876.760097062734	0.226804610733182
MSB311857	MVZ230716	North	North_Coast	872.004228076409	0.225490196078431
MSB311857	MVZ231432	North	North_Coast	854.953580663938	0.227826004906585
MSB311857	MVZ240012	North	North_Coast	810.801617016527	0.218204135586819
MSB311857	MVZ240013	North	North_Coast	810.801617016527	0.218899858956276
MSB311857	MVZ196598	North	Sierra_3	588.811454942078	0.22984383511894
MSB311857	MVZ200477	North	Sierra_3	597.095079584236	0.237814748201439
MSB311857	MVZ200647	North	Sierra_3	597.118170624091	0.229195213300447
MSB311857	MVZ217509	North	Sierra_3	707.968571921928	0.24405136033043
MSB311857	MVZ217516	North	Sierra_3	662.017128131739	0.238658777120317
MSB311857	MVZ217517	North	Sierra_3	662.017128131739	0.237607223476298
MSB311857	MVZ217872	North	Sierra_3	610.544636891146	0.231976901560949
MSB311857	MVZ218037	North	Sierra_3	608.525609510441	0.232268226822682
MSB311857	MVZ218549	North	Sierra_3	598.986495542124	0.232187950937952
MSB311857	MVZ219775	North	Sierra_3	603.574542379354	0.2296836085232
MSB311857	MVZ220148	North	Sierra_3	585.688802605707	0.23420224719101
MSB311857	MVZ222746	North	Sierra_3	722.51500197386	0.245951601164483
MSB311857	MVZ222749	North	Sierra_3	722.290446332241	0.243931266478772
MSB311857	MVZ222751	North	Sierra_3	723.355878539357	0.245536927956502
MSB311857	MVZ222752	North	Sierra_3	726.508698045434	0.243090625286935
MSB311857	MVZ222753	North	Sierra_3	726.508698045434	0.243912486268766
MSB311857	MVZ222756	North	Sierra_3	726.290973001588	0.243223443223444
MSB311857	MVZ222758	North	Sierra_3	726.290973001588	0.245186658230136
MSB311857	MVZ223020	North	Sierra_3	489.482932110449	0.222938737908798
MSB311857	MVZ223022	North	Sierra_3	532.227366054622	0.213355347642635
MSB311857	MVZ223023	North	Sierra_3	472.3720614514	0.214512253724171
MSB311857	MVZ228426	North	Sierra_3	621.841136199681	0.227807681780859
MSB311857	MVZ228428	North	Sierra_3	525.083217910323	0.231691804470289
MSB311857	MVZ232186	North	Sierra_3	716.115830852498	0.250429980990314
MSB311857	MVZ240272	North	North	690.556352350432	0.14350807543084
MSB311857	MVZ240328	North	North	731.0287909177	0.156439771594308
MSB311857	MVZ240329	North	North	731.0287909177	0.148252128237638
MSB311857	MVZ240330	North	North	731.0287909177	0.150301774614899
MSB311857	MVZ241349	North	North_Coast	795.905839072629	0.182905184493228
MSB311857	MVZ222480	North	Sierra_1	1128.21405852523	0.365086165857373
MSB311857	MVZ222490	North	Sierra_1	1154.63929544029	0.366460789818454
MSB311857	MVZ223094	North	Sierra_1	1081.00489414999	0.371704662726334
MSB311857	MVZ223095	North	Sierra_1	1081.00489414999	0.368558870288974
MSB311857	MVZ224618	North	Sierra_1	1044.64972626181	0.372310701313216
MSB311857	MVZ199508	North	Sierra_2	874.262926057553	0.349447004608295
MSB311857	MVZ199509	North	Sierra_2	829.918027177234	0.345346039970393
MSB311857	MVZ199510	North	Sierra_2	834.595556527648	0.350273072294733
MSB311857	MVZ199511	North	Sierra_2	835.633244342378	0.347439378335361
MSB311857	MVZ201003	North	Sierra_2	840.221485045969	0.349786800148313
MSB311857	MVZ201307	North	Sierra_1	922.434561064302	0.380209298018152
MSB311857	MVZ201308	North	Sierra_1	916.183146433572	0.376622164130334
MSB311857	MVZ201309	North	Sierra_1	911.822948536108	0.378794912264414
MSB311857	MVZ201312	North	Sierra_1	912.035878017659	0.375858229727223
MSB311857	MVZ201314	North	Sierra_1	916.621935954238	0.376860119047618
MSB311857	MVZ201318	North	Sierra_1	929.804361492605	0.379212962962963
MSB311857	MVZ207124	North	Sierra_1	925.013106986756	0.377589891294248
MSB311857	MVZ216205	North	Sierra_1	914.593058296093	0.37889032975176
MSB311857	MVZ216215	North	Sierra_1	934.507694053299	0.373128081108734
MSB311857	MVZ221740	North	Sierra_2	739.064520764517	0.337221333835011
MSB311857	MVZ222747	North	Sierra_3	722.290446332241	0.242649727767694
MSB311857	MVZ222750	North	Sierra_3	723.355878539357	0.237949327723406
MSB311857	MVZ222754	North	Sierra_3	726.508698045434	0.244076047024248
MSB311857	MVZ222755	North	Sierra_3	725.187328498908	0.240230094959825
MSB311857	MVZ222757	North	Sierra_3	726.290973001588	0.239182470999816
MSB311857	MVZ225827	North	Sierra_1	906.692173162322	0.373963828183873
MSB311857	MVZ232185	North	Sierra_3	719.572165395579	0.242760573673153
MSB311857	MVZ232188	North	Sierra_2	824.288156418228	0.344519646550103
MSB311857	MVZ232189	North	Sierra_2	766.604214015492	0.343980573456618
MSB43525	MVZ217504	North	North	795.905281897554	0.130213321723988
MSB43525	MVZ223024	North	Sierra_3	706.18963944956	0.213513271963536
MSB43525	MVZ223025	North	North	772.443932249185	0.129009823524298
MSB43525	MVZ223028	North	North	673.576280833561	0.0848482212751152
MSB43525	UAM101701	North	North	540.059483450909	0.084840810419681
MSB43525	UAM41739	North	North	174.469245930886	0.032420046801872
MSB43525	UAM93314	North	North	539.172631736477	0.0713660245183886
MSB43525	MVZ221535	North	Sierra_2	1033.656224911	0.35070892410342
MSB43525	MVZ221743	North	Sierra_2	1006.84557192813	0.345592926807037
MSB43525	MVZ224676	North	Sierra_2	999.413126313598	0.346593486346729
MSB43525	MVZ232190	North	Sierra_2	1018.56171814165	0.3485
MSB43525	MVZ191515	North	North_Coast	1116.84530619326	0.238039463014685
MSB43525	MVZ191548	North	North_Coast	1106.45465196079	0.234584571068503
MSB43525	MVZ191565	North	North_Coast	1107.12088131569	0.241286138881384
MSB43525	MVZ191579	North	North_Coast	1107.23872867631	0.234696666059391
MSB43525	MVZ191607	North	North_Coast	1119.09328805608	0.237894169436709
MSB43525	MVZ217992	North	North_Coast	1128.26865332869	0.238161559888579
MSB43525	MVZ219009	North	North_Coast	1123.90296726076	0.235333996203561
MSB43525	MVZ219014	North	North_Coast	1122.60667793341	0.230015637935792
MSB43525	MVZ219015	North	North_Coast	1123.90296726076	0.229837234820775
MSB43525	MVZ230716	North	North_Coast	1120.05830702041	0.229519642524669
MSB43525	MVZ231432	North	North_Coast	1102.30861028887	0.23334856098675
MSB43525	MVZ240012	North	North_Coast	1058.63882728126	0.22349072974701
MSB43525	MVZ240013	North	North_Coast	1058.63882728126	0.222571246471819
MSB43525	MVZ196598	North	Sierra_3	847.016294507818	0.23486778529386
MSB43525	MVZ200477	North	Sierra_3	856.357032638588	0.243027196107396
MSB43525	MVZ200647	North	Sierra_3	855.867478973514	0.232831858407079
MSB43525	MVZ217509	North	Sierra_3	972.602261529235	0.250868357068426
MSB43525	MVZ217516	North	Sierra_3	923.250864421343	0.243408499566349
MSB43525	MVZ217517	North	Sierra_3	923.250864421343	0.243428521526505
MSB43525	MVZ217872	North	Sierra_3	867.961392525877	0.237246010290398
MSB43525	MVZ218037	North	Sierra_3	866.7581840337	0.236803200278283
MSB43525	MVZ218549	North	Sierra_3	858.118954248657	0.236722769686929
MSB43525	MVZ219775	North	Sierra_3	861.932137773513	0.234757732880384
MSB43525	MVZ220148	North	Sierra_3	846.201746082215	0.238329131530906
MSB43525	MVZ222746	North	Sierra_3	987.389163122122	0.252706627937681
MSB43525	MVZ222749	North	Sierra_3	987.170419692972	0.249406175771971
MSB43525	MVZ222751	North	Sierra_3	988.116194115212	0.251052631578947
MSB43525	MVZ222752	North	Sierra_3	991.317196764531	0.248621977240399
MSB43525	MVZ222753	North	Sierra_3	991.317196764531	0.250841750841751
MSB43525	MVZ222756	North	Sierra_3	991.366012652682	0.249623393885689
MSB43525	MVZ222758	North	Sierra_3	991.366012652682	0.252164786145368
MSB43525	MVZ223020	North	Sierra_3	752.512496396772	0.228297682709448
MSB43525	MVZ223022	North	Sierra_3	780.720532051558	0.21650993612491
MSB43525	MVZ223023	North	Sierra_3	729.679077281375	0.219589552238805
MSB43525	MVZ228426	North	Sierra_3	878.723989988885	0.233306871306343
MSB43525	MVZ228428	North	Sierra_3	779.878256543361	0.234782608695652
MSB43525	MVZ232186	North	Sierra_3	976.39565611958	0.253698030634573
MSB43525	MVZ240272	North	North	924.621613040001	0.146137058053252
MSB43525	MVZ240328	North	North	966.74195585499	0.161189975464423
MSB43525	MVZ240329	North	North	966.74195585499	0.152809382110975
MSB43525	MVZ240330	North	North	966.74195585499	0.152086782260173
MSB43525	MVZ241349	North	North_Coast	1032.88041372081	0.185906707647804
MSB43525	MVZ222480	North	Sierra_1	1395.7611102967	0.371692023974181
MSB43525	MVZ222490	North	Sierra_1	1421.93058010662	0.372682044323834
MSB43525	MVZ223094	North	Sierra_1	1347.67690480727	0.37831215970962
MSB43525	MVZ223095	North	Sierra_1	1347.67690480727	0.375689608392873
MSB43525	MVZ224618	North	Sierra_1	1311.979546437	0.379477947794778
MSB43525	MVZ199508	North	Sierra_2	1136.41800956168	0.357053738525978
MSB43525	MVZ199509	North	Sierra_2	1092.29473544757	0.353443649373882
MSB43525	MVZ199510	North	Sierra_2	1096.7856444995	0.359074223296625
MSB43525	MVZ199511	North	Sierra_2	1098.27104008881	0.356263019654017
MSB43525	MVZ201003	North	Sierra_2	1102.59918507993	0.357757461683248
MSB43525	MVZ201307	North	Sierra_1	1187.99863544413	0.387372471809558
MSB43525	MVZ201308	North	Sierra_1	1181.126520841	0.383602417245423
MSB43525	MVZ201309	North	Sierra_1	1177.12576204191	0.386461510855913
MSB43525	MVZ201312	North	Sierra_1	1176.87957909797	0.383463366514214
MSB43525	MVZ201314	North	Sierra_1	1181.42133109809	0.382910823444805
MSB43525	MVZ201318	North	Sierra_1	1194.98354898247	0.385979049153908
MSB43525	MVZ207124	North	Sierra_1	1191.19923029485	0.384535989947945
MSB43525	MVZ216205	North	Sierra_1	1179.32955571064	0.385830648048693
MSB43525	MVZ216215	North	Sierra_1	1198.98042715553	0.380220964699542
MSB43525	MVZ221740	North	Sierra_2	1001.3516410939	0.344871561304427
MSB43525	MVZ222747	North	Sierra_3	987.170419692972	0.248264651612335
MSB43525	MVZ222750	North	Sierra_3	988.116194115212	0.244731715955374
MSB43525	MVZ222754	North	Sierra_3	991.317196764531	0.25073405107216
MSB43525	MVZ222755	North	Sierra_3	990.320916934864	0.246793454223797
MSB43525	MVZ222757	North	Sierra_3	991.366012652682	0.243804599750403
MSB43525	MVZ225827	North	Sierra_1	1170.33879689372	0.380640465793303
MSB43525	MVZ232185	North	Sierra_3	980.018268964734	0.249823290333982
MSB43525	MVZ232188	North	Sierra_2	1090.10632852673	0.353336970358247
MSB43525	MVZ232189	North	Sierra_2	1029.98168112134	0.352818937477412
MVZ217504	MVZ223024	North	Sierra_3	146.735185368608	0.179918955425484
MVZ217504	MVZ223025	North	North	45.8953234877309	0.12390427769986
MVZ217504	MVZ223028	North	North	122.381459187177	0.107578282606789
MVZ217504	UAM101701	North	North	285.955999757977	0.118014974433893
MVZ217504	UAM41739	North	North	643.468861404544	0.124285995666733
MVZ217504	UAM93314	North	North	278.721435774271	0.113784881667256
MVZ217504	MVZ221535	North	Sierra_2	310.423190563238	0.324222035323801
MVZ217504	MVZ221743	North	Sierra_2	301.235605167899	0.3207460492466
MVZ217504	MVZ224676	North	Sierra_2	314.7428758454	0.320239619535395
MVZ217504	MVZ232190	North	Sierra_2	332.860472089765	0.324658663978741
MVZ217504	MVZ191515	North	North_Coast	326.918157446106	0.212825869742938
MVZ217504	MVZ191548	North	North_Coast	315.413426677168	0.208722882817464
MVZ217504	MVZ191565	North	North_Coast	316.002386326545	0.208234973669875
MVZ217504	MVZ191579	North	North_Coast	316.098185255211	0.202232224875988
MVZ217504	MVZ191607	North	North_Coast	329.321382950277	0.211904330494655
MVZ217504	MVZ217992	North	North_Coast	340.767491731297	0.211834480260775
MVZ217504	MVZ219009	North	North_Coast	336.897350297173	0.21010662535314
MVZ217504	MVZ219014	North	North_Coast	335.625751364185	0.205413422321097
MVZ217504	MVZ219015	North	North_Coast	336.897350297173	0.20577384246449
MVZ217504	MVZ230716	North	North_Coast	334.929465900257	0.204551853589864
MVZ217504	MVZ231432	North	North_Coast	316.382427571221	0.208406224104595
MVZ217504	MVZ240012	North	North_Coast	275.546861004161	0.195902394106814
MVZ217504	MVZ240013	North	North_Coast	275.546861004161	0.195630221243
MVZ217504	MVZ196598	North	Sierra_3	174.158175877168	0.194887471203261
MVZ217504	MVZ200477	North	Sierra_3	187.113043846985	0.201533070521244
MVZ217504	MVZ200647	North	Sierra_3	182.216108933976	0.195475638051044
MVZ217504	MVZ217509	North	Sierra_3	309.004376084994	0.209982486865149
MVZ217504	MVZ217516	North	Sierra_3	239.219231693297	0.203400944221018
MVZ217504	MVZ217517	North	Sierra_3	239.219231693297	0.201840112695897
MVZ217504	MVZ217872	North	Sierra_3	175.636236223937	0.194178172544191
MVZ217504	MVZ218037	North	Sierra_3	182.045163399214	0.199359311918553
MVZ217504	MVZ218549	North	Sierra_3	186.581726757765	0.198265997711469
MVZ217504	MVZ219775	North	Sierra_3	181.1047332311	0.195563970787125
MVZ217504	MVZ220148	North	Sierra_3	195.731669412998	0.197922146238822
MVZ217504	MVZ222746	North	Sierra_3	322.198969294111	0.212578839832993
MVZ217504	MVZ222749	North	Sierra_3	322.130674629364	0.207275953859804
MVZ217504	MVZ222751	North	Sierra_3	321.132767595739	0.213451843990448
MVZ217504	MVZ222752	North	Sierra_3	323.984403996192	0.20994623655914
MVZ217504	MVZ222753	North	Sierra_3	323.984403996192	0.211208437611727
MVZ217504	MVZ222756	North	Sierra_3	327.736798108485	0.214068644976761
MVZ217504	MVZ222758	North	Sierra_3	327.736798108485	0.212440486686652
MVZ217504	MVZ223020	North	Sierra_3	213.742432208488	0.189303370786516
MVZ217504	MVZ223022	North	Sierra_3	92.9377723505134	0.182546072642691
MVZ217504	MVZ223023	North	Sierra_3	167.400075750391	0.184126387060372
MVZ217504	MVZ228426	North	Sierra_3	176.417759201134	0.196379325682768
MVZ217504	MVZ228428	North	Sierra_3	136.51112074576	0.193391211906449
MVZ217504	MVZ232186	North	Sierra_3	265.796409607901	0.213119816481384
MVZ217504	MVZ240272	North	North	128.730123262595	0.125803327757725
MVZ217504	MVZ240328	North	North	170.898926653959	0.137789362078107
MVZ217504	MVZ240329	North	North	170.898926653959	0.127360988526038
MVZ217504	MVZ240330	North	North	170.898926653959	0.129854155684414
MVZ217504	MVZ241349	North	North_Coast	237.117675868819	0.164616926300446
MVZ217504	MVZ222480	North	Sierra_1	708.255656004758	0.347791724779173
MVZ217504	MVZ222490	North	Sierra_1	726.917228009558	0.348941219423148
MVZ217504	MVZ223094	North	Sierra_1	648.034266424015	0.353764522916476
MVZ217504	MVZ223095	North	Sierra_1	648.034266424015	0.350260060224473
MVZ217504	MVZ224618	North	Sierra_1	627.662545004571	0.353510126237399
MVZ217504	MVZ199508	North	Sierra_2	411.129590947826	0.334770889487871
MVZ217504	MVZ199509	North	Sierra_2	375.234028730447	0.328853612338775
MVZ217504	MVZ199510	North	Sierra_2	377.407805033541	0.335093419983753
MVZ217504	MVZ199511	North	Sierra_2	382.553524300868	0.330348985930934
MVZ217504	MVZ201003	North	Sierra_2	383.923909938652	0.332746001626457
MVZ217504	MVZ201307	North	Sierra_1	490.104264564942	0.361231491513182
MVZ217504	MVZ201308	North	Sierra_1	476.566293256949	0.359268359268359
MVZ217504	MVZ201309	North	Sierra_1	477.403837716368	0.361546121118856
MVZ217504	MVZ201312	North	Sierra_1	471.742788718853	0.358919848018817
MVZ217504	MVZ201314	North	Sierra_1	475.184740444541	0.358153455468891
MVZ217504	MVZ201318	North	Sierra_1	491.38514419833	0.360943004245326
MVZ217504	MVZ207124	North	Sierra_1	501.54534352	0.361030610396667
MVZ217504	MVZ216205	North	Sierra_1	472.663902718695	0.36130167900343
MVZ217504	MVZ216215	North	Sierra_1	487.022771788816	0.355530371713509
MVZ217504	MVZ221740	North	Sierra_2	302.197386427587	0.320077149155033
MVZ217504	MVZ222747	North	Sierra_3	322.130674629364	0.208887116781854
MVZ217504	MVZ222750	North	Sierra_3	321.132767595739	0.207079725024552
MVZ217504	MVZ222754	North	Sierra_3	323.984403996192	0.20865470852018
MVZ217504	MVZ222755	North	Sierra_3	327.862582101845	0.206535306704707
MVZ217504	MVZ222757	North	Sierra_3	327.736798108485	0.207970168029472
MVZ217504	MVZ225827	North	Sierra_1	453.690812561258	0.356828193832599
MVZ217504	MVZ232185	North	Sierra_3	269.833756365053	0.202878531325193
MVZ217504	MVZ232188	North	Sierra_2	412.151450648725	0.32689661498945
MVZ217504	MVZ232189	North	Sierra_2	334.831216724397	0.327746401894698
MVZ223024	MVZ223025	Sierra_3	North	101.812254376216	0.163006300630063
MVZ223024	MVZ223028	Sierra_3	North	108.507037625274	0.189740587281572
MVZ223024	UAM101701	Sierra_3	North	167.957809194548	0.194439243587344
MVZ223024	UAM41739	Sierra_3	North	541.739662228826	0.205926745824111
MVZ223024	UAM93314	Sierra_3	North	167.147815589411	0.200552436152872
MVZ223024	MVZ221535	Sierra_3	Sierra_2	332.233960127259	0.329594721960415
MVZ223024	MVZ221743	Sierra_3	Sierra_2	309.264181342534	0.32911333704322
MVZ223024	MVZ224676	Sierra_3	Sierra_2	308.75911663128	0.329235604029948
MVZ223024	MVZ232190	Sierra_3	Sierra_2	328.734572358492	0.335139892532888
MVZ223024	MVZ191515	Sierra_3	North_Coast	418.161503824652	0.219748439221446
MVZ223024	MVZ191548	Sierra_3	North_Coast	409.165884614076	0.219939466201962
MVZ223024	MVZ191565	Sierra_3	North_Coast	409.901432147865	0.2203506517349
MVZ223024	MVZ191579	Sierra_3	North_Coast	410.04114415585	0.214279087029133
MVZ223024	MVZ191607	Sierra_3	North_Coast	420.214097518533	0.219436310395314
MVZ223024	MVZ217992	Sierra_3	North_Coast	427.417101288306	0.2240952817224
MVZ223024	MVZ219009	Sierra_3	North_Coast	422.811649487623	0.221260929590428
MVZ223024	MVZ219014	Sierra_3	North_Coast	421.524953127819	0.212540945250351
MVZ223024	MVZ219015	Sierra_3	North_Coast	422.811649487623	0.217946328736489
MVZ223024	MVZ230716	Sierra_3	North_Coast	417.954291588229	0.212742775935576
MVZ223024	MVZ231432	Sierra_3	North_Coast	400.994255360108	0.213262648809524
MVZ223024	MVZ240012	Sierra_3	North_Coast	356.815520193923	0.204946996466431
MVZ223024	MVZ240013	Sierra_3	North_Coast	356.815520193923	0.204153532356759
MVZ223024	MVZ196598	Sierra_3	Sierra_3	145.670673198659	0.126768128916742
MVZ223024	MVZ200477	Sierra_3	Sierra_3	157.238536501468	0.125641933770143
MVZ223024	MVZ200647	Sierra_3	Sierra_3	155.434912098059	0.123221681973708
MVZ223024	MVZ217509	Sierra_3	Sierra_3	288.685889993345	0.139665545921076
MVZ223024	MVZ217516	Sierra_3	Sierra_3	226.903757181919	0.133848873177199
MVZ223024	MVZ217517	Sierra_3	Sierra_3	226.903757181919	0.133463831301717
MVZ223024	MVZ217872	Sierra_3	Sierra_3	164.494543711774	0.126977777777777
MVZ223024	MVZ218037	Sierra_3	Sierra_3	164.777318782283	0.129202519293888
MVZ223024	MVZ218549	Sierra_3	Sierra_3	158.56371720544	0.126255443960537
MVZ223024	MVZ219775	Sierra_3	Sierra_3	160.368370365869	0.123351823224516
MVZ223024	MVZ220148	Sierra_3	Sierra_3	151.852493145761	0.129295076160113
MVZ223024	MVZ222746	Sierra_3	Sierra_3	304.019766086454	0.142005201327235
MVZ223024	MVZ222749	Sierra_3	Sierra_3	303.850625354894	0.140329660485532
MVZ223024	MVZ222751	Sierra_3	Sierra_3	304.005589694026	0.14868726558314
MVZ223024	MVZ222752	Sierra_3	Sierra_3	307.308551475343	0.146372353899041
MVZ223024	MVZ222753	Sierra_3	Sierra_3	307.308551475343	0.143346865133063
MVZ223024	MVZ222756	Sierra_3	Sierra_3	309.028772651202	0.145344640923854
MVZ223024	MVZ222758	Sierra_3	Sierra_3	309.028772651202	0.142608618074761
MVZ223024	MVZ223020	Sierra_3	Sierra_3	96.5573827864087	0.117153483309144
MVZ223024	MVZ223022	Sierra_3	Sierra_3	79.8578803438444	0.122054707953417
MVZ223024	MVZ223023	Sierra_3	Sierra_3	41.1521154016069	0.116657213083759
MVZ223024	MVZ228426	Sierra_3	Sierra_3	174.320221808645	0.126999820240877
MVZ223024	MVZ228428	Sierra_3	Sierra_3	74.7977533792318	0.117691825588683
MVZ223024	MVZ232186	Sierra_3	Sierra_3	275.857704507789	0.145760898635999
MVZ223024	MVZ240272	Sierra_3	North	252.605763198928	0.171361502347418
MVZ223024	MVZ240328	Sierra_3	North	288.370840888776	0.174768728460004
MVZ223024	MVZ240329	Sierra_3	North	288.370840888776	0.172947997825692
MVZ223024	MVZ240330	Sierra_3	North	288.370840888776	0.170979084024522
MVZ223024	MVZ241349	Sierra_3	North_Coast	349.595467317381	0.189601178962881
MVZ223024	MVZ222480	Sierra_3	Sierra_1	718.765897120925	0.354553990610329
MVZ223024	MVZ222490	Sierra_3	Sierra_1	741.714849253648	0.356483617904938
MVZ223024	MVZ223094	Sierra_3	Sierra_1	663.757698121001	0.36065422287932
MVZ223024	MVZ223095	Sierra_3	Sierra_1	663.757698121001	0.3572153065929
MVZ223024	MVZ224618	Sierra_3	Sierra_1	634.612696322594	0.359713551230261
MVZ223024	MVZ199508	Sierra_3	Sierra_2	437.396251303371	0.343630746865346
MVZ223024	MVZ199509	Sierra_3	Sierra_2	394.576032840051	0.340067493615469
MVZ223024	MVZ199510	Sierra_3	Sierra_2	398.480272079525	0.344531677925872
MVZ223024	MVZ199511	Sierra_3	Sierra_2	401.182757157942	0.341925666328507
MVZ223024	MVZ201003	Sierra_3	Sierra_2	404.69448146705	0.343581544084057
MVZ223024	MVZ201307	Sierra_3	Sierra_1	500.687082650466	0.370939781021898
MVZ223024	MVZ201308	Sierra_3	Sierra_1	490.80507986826	0.367660592674397
MVZ223024	MVZ201309	Sierra_3	Sierra_1	488.6828863049	0.368262103047497
MVZ223024	MVZ201312	Sierra_3	Sierra_1	486.194322764536	0.367684711046086
MVZ223024	MVZ201314	Sierra_3	Sierra_1	490.431189018897	0.366339809384164
MVZ223024	MVZ201318	Sierra_3	Sierra_1	505.475399952192	0.368836742147553
MVZ223024	MVZ207124	Sierra_3	Sierra_1	507.651912165051	0.367597254004577
MVZ223024	MVZ216205	Sierra_3	Sierra_1	488.105002849225	0.369011771147003
MVZ223024	MVZ216215	Sierra_3	Sierra_1	506.229823704884	0.363861159446836
MVZ223024	MVZ221740	Sierra_3	Sierra_2	305.56288287895	0.330891217657424
MVZ223024	MVZ222747	Sierra_3	Sierra_3	303.850625354894	0.142805980839824
MVZ223024	MVZ222750	Sierra_3	Sierra_3	304.005589694026	0.142857142857143
MVZ223024	MVZ222754	Sierra_3	Sierra_3	307.308551475343	0.141802536231883
MVZ223024	MVZ222755	Sierra_3	Sierra_3	308.433710781907	0.142567750067526
MVZ223024	MVZ222757	Sierra_3	Sierra_3	309.028772651202	0.140622165789951
MVZ223024	MVZ225827	Sierra_3	Sierra_1	475.072778105313	0.362995267699731
MVZ223024	MVZ232185	Sierra_3	Sierra_3	279.769375617522	0.144347513265581
MVZ223024	MVZ232188	Sierra_3	Sierra_2	407.640637905958	0.335480582074335
MVZ223024	MVZ232189	Sierra_3	Sierra_2	337.183274721449	0.337656364974246
MVZ223025	MVZ223028	North	North	104.157940429556	0.110254838427183
MVZ223025	UAM101701	North	North	250.462978958867	0.118845733041575
MVZ223025	UAM41739	North	North	615.629839182886	0.126057446389927
MVZ223025	UAM93314	North	North	244.875077042704	0.116602010227473
MVZ223025	MVZ221535	North	Sierra_2	302.186581322738	0.33250909769525
MVZ223025	MVZ221743	North	Sierra_2	288.26839931863	0.32744378155117
MVZ223025	MVZ224676	North	Sierra_2	297.742808956596	0.328214971209213
MVZ223025	MVZ232190	North	Sierra_2	316.835629594916	0.332005129614363
MVZ223025	MVZ191515	North	North_Coast	344.712518861672	0.214759008804575
MVZ223025	MVZ191548	North	North_Coast	334.104262443407	0.211390223995647
MVZ223025	MVZ191565	North	North_Coast	334.761243215361	0.214350507982584
MVZ223025	MVZ191579	North	North_Coast	334.876438983012	0.210265356716555
MVZ223025	MVZ191607	North	North_Coast	347.000661876417	0.217355895394082
MVZ223025	MVZ217992	North	North_Coast	356.863033343133	0.213619909502262
MVZ223025	MVZ219009	North	North_Coast	352.651780547421	0.213414078863491
MVZ223025	MVZ219014	North	North_Coast	351.358668270727	0.208696054824967
MVZ223025	MVZ219015	North	North_Coast	352.651780547421	0.210451197053407
MVZ223025	MVZ230716	North	North_Coast	349.505484158936	0.207931002156182
MVZ223025	MVZ231432	North	North_Coast	331.347469956927	0.210000920047843
MVZ223025	MVZ240012	North	North_Coast	288.499139271312	0.199080036798529
MVZ223025	MVZ240013	North	North_Coast	288.499139271312	0.196138677428231
MVZ223025	MVZ196598	North	Sierra_3	144.268873737341	0.177784658940104
MVZ223025	MVZ200477	North	Sierra_3	157.880426072906	0.189036661125208
MVZ223025	MVZ200647	North	Sierra_3	153.454215379148	0.181251113883443
MVZ223025	MVZ217509	North	Sierra_3	287.620888112825	0.196888927728742
MVZ223025	MVZ217516	North	Sierra_3	217.899703806588	0.190856693738538
MVZ223025	MVZ217517	North	Sierra_3	217.899703806588	0.191523039043265
MVZ223025	MVZ217872	North	Sierra_3	150.857795712254	0.183422600755114
MVZ223025	MVZ218037	North	Sierra_3	155.964445603483	0.185529081990189
MVZ223025	MVZ218549	North	Sierra_3	157.812935299922	0.184145805884936
MVZ223025	MVZ219775	North	Sierra_3	153.948596002791	0.181949198342641
MVZ223025	MVZ220148	North	Sierra_3	163.491865757081	0.186209310465524
MVZ223025	MVZ222746	North	Sierra_3	301.7481964179	0.19757957265715
MVZ223025	MVZ222749	North	Sierra_3	301.649044294648	0.198901390980774
MVZ223025	MVZ222751	North	Sierra_3	300.963934693679	0.20311534727738
MVZ223025	MVZ222752	North	Sierra_3	304.012238090967	0.19931071524483
MVZ223025	MVZ222753	North	Sierra_3	304.012238090967	0.199125312388433
MVZ223025	MVZ222756	North	Sierra_3	307.256397612548	0.199580207216863
MVZ223025	MVZ222758	North	Sierra_3	307.256397612548	0.200026429389481
MVZ223025	MVZ223020	North	Sierra_3	169.299650703538	0.175802978647048
MVZ223025	MVZ223022	North	Sierra_3	51.9654402848967	0.167321604001072
MVZ223025	MVZ223023	North	Sierra_3	121.604911099084	0.16965206789834
MVZ223025	MVZ228426	North	Sierra_3	154.519218988254	0.185501066098082
MVZ223025	MVZ228428	North	Sierra_3	94.9088290290279	0.179780744408098
MVZ223025	MVZ232186	North	Sierra_3	252.450749848182	0.20136563876652
MVZ223025	MVZ240272	North	North	158.509745582848	0.129779379449767
MVZ223025	MVZ240328	North	North	198.155108040512	0.137766801905098
MVZ223025	MVZ240329	North	North	198.155108040512	0.136043025921354
MVZ223025	MVZ240330	North	North	198.155108040512	0.129298245614035
MVZ223025	MVZ241349	North	North_Coast	263.024216893348	0.163162206444566
MVZ223025	MVZ222480	North	Sierra_1	700.473455059456	0.357474466109563
MVZ223025	MVZ222490	North	Sierra_1	720.572486704865	0.358360685630926
MVZ223025	MVZ223094	North	Sierra_1	641.602338191021	0.362872282112187
MVZ223025	MVZ223095	North	Sierra_1	641.602338191021	0.360415338373258
MVZ223025	MVZ224618	North	Sierra_1	618.347306693921	0.363211824446862
MVZ223025	MVZ199508	North	Sierra_2	406.130204133569	0.341484206748026
MVZ223025	MVZ199509	North	Sierra_2	367.431134366677	0.337674628210906
MVZ223025	MVZ199510	North	Sierra_2	370.20750334	0.342140860312021
MVZ223025	MVZ199511	North	Sierra_2	374.63253308841	0.33925148334094
MVZ223025	MVZ201003	North	Sierra_2	376.725199898824	0.339850099331767
MVZ223025	MVZ201307	North	Sierra_1	480.903729926867	0.373433696925989
MVZ223025	MVZ201308	North	Sierra_1	468.396668087834	0.369786460699682
MVZ223025	MVZ201309	North	Sierra_1	468.299578057518	0.372006867263034
MVZ223025	MVZ201312	North	Sierra_1	463.592359311123	0.36867774566474
MVZ223025	MVZ201314	North	Sierra_1	467.32396718908	0.368421052631579
MVZ223025	MVZ201318	North	Sierra_1	483.312259387174	0.371088466047434
MVZ223025	MVZ207124	North	Sierra_1	491.04308082348	0.371711418497424
MVZ223025	MVZ216205	North	Sierra_1	464.840060530185	0.371630758135761
MVZ223025	MVZ216215	North	Sierra_1	480.554001320008	0.366832579185521
MVZ223025	MVZ221740	North	Sierra_2	287.77617512237	0.326880733944954
MVZ223025	MVZ222747	North	Sierra_3	301.649044294648	0.19762094277881
MVZ223025	MVZ222750	North	Sierra_3	300.963934693679	0.192629890384102
MVZ223025	MVZ222754	North	Sierra_3	304.012238090967	0.196928999910466
MVZ223025	MVZ222755	North	Sierra_3	307.17608780812	0.195652173913044
MVZ223025	MVZ222757	North	Sierra_3	307.256397612548	0.194706146253926
MVZ223025	MVZ225827	North	Sierra_1	447.590048256965	0.365543139769189
MVZ223025	MVZ232185	North	Sierra_3	256.57883763387	0.195719878982025
MVZ223025	MVZ232188	North	Sierra_2	397.365704401088	0.335136126134384
MVZ223025	MVZ232189	North	Sierra_2	320.849436649885	0.335275906028047
MVZ223028	UAM101701	North	North	175.949219745672	0.0841390003648309
MVZ223028	UAM41739	North	North	521.725195033603	0.0846116027531958
MVZ223028	UAM93314	North	North	165.696557972595	0.0763668430335103
MVZ223028	MVZ221535	North	Sierra_2	402.408277050115	0.330718221724106
MVZ223028	MVZ221743	North	Sierra_2	385.589598614162	0.327704872900798
MVZ223028	MVZ224676	North	Sierra_2	391.488371188703	0.328273591806876
MVZ223028	MVZ232190	North	Sierra_2	411.176345227935	0.330389016018307
MVZ223028	MVZ191515	North	North_Coast	446.431641529449	0.217255151130073
MVZ223028	MVZ191548	North	North_Coast	435.376299030233	0.214395863570392
MVZ223028	MVZ191565	North	North_Coast	436.000852771525	0.218687602105645
MVZ223028	MVZ191579	North	North_Coast	436.106610509323	0.213177938882261
MVZ223028	MVZ191607	North	North_Coast	448.776223414061	0.214899972843306
MVZ223028	MVZ217992	North	North_Coast	459.311023805852	0.216387505658669
MVZ223028	MVZ219009	North	North_Coast	455.21839035608	0.216107871720117
MVZ223028	MVZ219014	North	North_Coast	453.930718643035	0.211155378486056
MVZ223028	MVZ219015	North	North_Coast	455.21839035608	0.209078341013825
MVZ223028	MVZ230716	North	North_Coast	452.463977125522	0.206146926536731
MVZ223028	MVZ231432	North	North_Coast	434.147069706357	0.210736958321833
MVZ223028	MVZ240012	North	North_Coast	391.794325006825	0.198242546926758
MVZ223028	MVZ240013	North	North_Coast	391.794325006825	0.197018348623853
MVZ223028	MVZ196598	North	Sierra_3	229.011533957393	0.21042146272357
MVZ223028	MVZ200477	North	Sierra_3	242.441855085575	0.221915769197093
MVZ223028	MVZ200647	North	Sierra_3	239.063595994519	0.212923351158645
MVZ223028	MVZ217509	North	Sierra_3	376.882519953781	0.224210342112171
MVZ223028	MVZ217516	North	Sierra_3	309.292165481816	0.220396749104256
MVZ223028	MVZ217517	North	Sierra_3	309.292165481816	0.219841619005719
MVZ223028	MVZ217872	North	Sierra_3	241.729181349867	0.21174971438615
MVZ223028	MVZ218037	North	Sierra_3	244.956589451556	0.21499342393687
MVZ223028	MVZ218549	North	Sierra_3	243.065315881504	0.214166446963705
MVZ223028	MVZ219775	North	Sierra_3	241.721507005846	0.210744546601767
MVZ223028	MVZ220148	North	Sierra_3	242.574350877087	0.2186706366582
MVZ223028	MVZ222746	North	Sierra_3	391.781305571257	0.226958218752773
MVZ223028	MVZ222749	North	Sierra_3	391.64862838905	0.226881815763808
MVZ223028	MVZ222751	North	Sierra_3	391.337082776347	0.228686279706688
MVZ223028	MVZ222752	North	Sierra_3	394.543810938706	0.226894142933906
MVZ223028	MVZ222753	North	Sierra_3	394.543810938706	0.227410714285714
MVZ223028	MVZ222756	North	Sierra_3	397.137390175818	0.226192603180275
MVZ223028	MVZ222758	North	Sierra_3	397.137390175818	0.228850898836799
MVZ223028	MVZ223020	North	Sierra_3	204.965106080526	0.202882284277633
MVZ223028	MVZ223022	North	Sierra_3	134.21930413705	0.194255851348937
MVZ223028	MVZ223023	North	Sierra_3	149.035252913987	0.196599661844824
MVZ223028	MVZ228426	North	Sierra_3	248.148913671056	0.21064567769477
MVZ223028	MVZ228428	North	Sierra_3	161.234472381842	0.210486725663717
MVZ223028	MVZ232186	North	Sierra_3	350.071083317748	0.232865837523155
MVZ223028	MVZ240272	North	North	251.107664277868	0.122603342128408
MVZ223028	MVZ240328	North	North	293.165826823273	0.140538156153506
MVZ223028	MVZ240329	North	North	293.165826823273	0.131109934709723
MVZ223028	MVZ240330	North	North	293.165826823273	0.131352584920565
MVZ223028	MVZ241349	North	North_Coast	359.321058944667	0.165422092705582
MVZ223028	MVZ222480	North	Sierra_1	799.066982979907	0.357355264380634
MVZ223028	MVZ222490	North	Sierra_1	820.081574002428	0.356452348381213
MVZ223028	MVZ223094	North	Sierra_1	741.237035119771	0.360826627651792
MVZ223028	MVZ223095	North	Sierra_1	741.237035119771	0.35917418649166
MVZ223028	MVZ224618	North	Sierra_1	716.067729163415	0.361652907556927
MVZ223028	MVZ199508	North	Sierra_2	507.356384156092	0.339709051724138
MVZ223028	MVZ199509	North	Sierra_2	467.378316998453	0.335466426318162
MVZ223028	MVZ199510	North	Sierra_2	470.479605305057	0.340324763193505
MVZ223028	MVZ199511	North	Sierra_2	474.461754925598	0.337639218550302
MVZ223028	MVZ201003	North	Sierra_2	476.957076445987	0.339790481351034
MVZ223028	MVZ201307	North	Sierra_1	579.283560505812	0.370594068331381
MVZ223028	MVZ201308	North	Sierra_1	567.534399144871	0.366975813784324
MVZ223028	MVZ201309	North	Sierra_1	566.811936250993	0.369472827561262
MVZ223028	MVZ201312	North	Sierra_1	562.766193978543	0.367736104835066
MVZ223028	MVZ201314	North	Sierra_1	566.665068951225	0.367445863912295
MVZ223028	MVZ201318	North	Sierra_1	582.441912323153	0.369361241429087
MVZ223028	MVZ207124	North	Sierra_1	588.415936627389	0.368544813240481
MVZ223028	MVZ216205	North	Sierra_1	564.216456675019	0.368978892296591
MVZ223028	MVZ216215	North	Sierra_1	580.681382926006	0.364010864644635
MVZ223028	MVZ221740	North	Sierra_2	383.970971870728	0.32635637565409
MVZ223028	MVZ222747	North	Sierra_3	391.64862838905	0.225562245440057
MVZ223028	MVZ222750	North	Sierra_3	391.337082776347	0.221206173610492
MVZ223028	MVZ222754	North	Sierra_3	394.543810938706	0.224905897114179
MVZ223028	MVZ222755	North	Sierra_3	396.817728665313	0.223266797362324
MVZ223028	MVZ222757	North	Sierra_3	397.137390175818	0.221693454251594
MVZ223028	MVZ225827	North	Sierra_1	548.063205947611	0.363769710304364
MVZ223028	MVZ232185	North	Sierra_3	354.192074306706	0.224274523767135
MVZ223028	MVZ232188	North	Sierra_2	491.832426832882	0.335350201686835
MVZ223028	MVZ232189	North	Sierra_2	416.918269323621	0.333333333333333
UAM101701	UAM41739	North	North	373.927890905404	0.0819022457067372
UAM101701	UAM93314	North	North	15.8412237433243	0.0799339994499951
UAM101701	MVZ221535	North	Sierra_2	493.970399735157	0.32873786407767
UAM101701	MVZ221743	North	Sierra_2	468.018214709988	0.322462038009741
UAM101701	MVZ224676	North	Sierra_2	462.668229030316	0.324172689235451
UAM101701	MVZ232190	North	Sierra_2	482.250502832932	0.325426312279699
UAM101701	MVZ191515	North	North_Coast	585.395471192187	0.198432187381942
UAM101701	MVZ191548	North	North_Coast	576.070441483633	0.197857682144205
UAM101701	MVZ191565	North	North_Coast	576.791619940557	0.199537386706947
UAM101701	MVZ191579	North	North_Coast	576.926562263754	0.196510297482837
UAM101701	MVZ191607	North	North_Coast	587.492459390426	0.19897382790435
UAM101701	MVZ217992	North	North_Coast	595.070523934602	0.202213848327838
UAM101701	MVZ219009	North	North_Coast	590.498272314303	0.197773567029843
UAM101701	MVZ219014	North	North_Coast	589.20879236859	0.193767459782295
UAM101701	MVZ219015	North	North_Coast	590.498272314303	0.192009198045415
UAM101701	MVZ230716	North	North_Coast	585.778483856287	0.191722725943259
UAM101701	MVZ231432	North	North_Coast	568.693597014456	0.194045567681409
UAM101701	MVZ240012	North	North_Coast	524.548159091061	0.167752131021933
UAM101701	MVZ240013	North	North_Coast	524.548159091061	0.181887584693195
UAM101701	MVZ196598	North	Sierra_3	307.006879111802	0.213825181910289
UAM101701	MVZ200477	North	Sierra_3	316.589705608591	0.222540983606558
UAM101701	MVZ200647	North	Sierra_3	315.950286857563	0.215231481481481
UAM101701	MVZ217509	North	Sierra_3	437.912298532251	0.228836701256144
UAM101701	MVZ217516	North	Sierra_3	384.334172528103	0.223020274570415
UAM101701	MVZ217517	North	Sierra_3	384.334172528103	0.223310748947079
UAM101701	MVZ217872	North	Sierra_3	327.904505726514	0.215350155421466
UAM101701	MVZ218037	North	Sierra_3	326.737182136751	0.216507067943457
UAM101701	MVZ218549	North	Sierra_3	318.304520132732	0.217315779850065
UAM101701	MVZ219775	North	Sierra_3	321.931823796167	0.215175644028104
UAM101701	MVZ220148	North	Sierra_3	307.113597764325	0.219028967024959
UAM101701	MVZ222746	North	Sierra_3	453.083335206949	0.230747947984875
UAM101701	MVZ222749	North	Sierra_3	452.880028102472	0.228676809589673
UAM101701	MVZ222751	North	Sierra_3	453.548907595836	0.229404192717911
UAM101701	MVZ222752	North	Sierra_3	456.825344330968	0.226311376129693
UAM101701	MVZ222753	North	Sierra_3	456.825344330968	0.228922934076137
UAM101701	MVZ222756	North	Sierra_3	457.4918247779	0.228316445105513
UAM101701	MVZ222758	North	Sierra_3	457.4918247779	0.230007336757153
UAM101701	MVZ223020	North	Sierra_3	217.951794194987	0.208679809399234
UAM101701	MVZ223022	North	Sierra_3	246.017952406702	0.196924649261359
UAM101701	MVZ223023	North	Sierra_3	189.671763321684	0.199716298180395
UAM101701	MVZ228426	North	Sierra_3	338.713764000068	0.212212258482019
UAM101701	MVZ228428	North	Sierra_3	240.271076108327	0.213943636028735
UAM101701	MVZ232186	North	Sierra_3	436.775362956455	0.231404200678713
UAM101701	MVZ240272	North	North	408.97113873852	0.12799743730551
UAM101701	MVZ240328	North	North	448.115331566706	0.140259024524663
UAM101701	MVZ240329	North	North	448.115331566706	0.13591342626559
UAM101701	MVZ240330	North	North	448.115331566706	0.133391177276464
UAM101701	MVZ241349	North	North_Coast	511.961076940386	0.158343598976594
UAM101701	MVZ222480	North	Sierra_1	867.559445354696	0.35447256568779
UAM101701	MVZ222490	North	Sierra_1	892.210154554653	0.354227958621999
UAM101701	MVZ223094	North	Sierra_1	815.798752203664	0.358607919475833
UAM101701	MVZ223095	North	Sierra_1	815.798752203664	0.357041251778094
UAM101701	MVZ224618	North	Sierra_1	783.123507125039	0.359618471999244
UAM101701	MVZ199508	North	Sierra_2	597.550075640361	0.334796823914059
UAM101701	MVZ199509	North	Sierra_2	553.717000017305	0.330192217533989
UAM101701	MVZ199510	North	Sierra_2	558.040439688396	0.336039418113562
UAM101701	MVZ199511	North	Sierra_2	559.911169415193	0.332288996487231
UAM101701	MVZ201003	North	Sierra_2	563.993348165258	0.335760593817533
UAM101701	MVZ201307	North	Sierra_1	653.786255973942	0.366247418809837
UAM101701	MVZ201308	North	Sierra_1	645.612005981638	0.362535477767266
UAM101701	MVZ201309	North	Sierra_1	642.37339033958	0.366196520921486
UAM101701	MVZ201312	North	Sierra_1	641.196271389275	0.363161854603593
UAM101701	MVZ201314	North	Sierra_1	645.634369664297	0.363297822192892
UAM101701	MVZ201318	North	Sierra_1	659.872651319934	0.364729082542962
UAM101701	MVZ207124	North	Sierra_1	658.657930522618	0.363935969868173
UAM101701	MVZ216205	North	Sierra_1	643.438058922279	0.364958708708709
UAM101701	MVZ216215	North	Sierra_1	662.554291602085	0.359700367473853
UAM101701	MVZ221740	North	Sierra_2	463.004651717485	0.323675417661098
UAM101701	MVZ222747	North	Sierra_3	452.880028102472	0.22670349907919
UAM101701	MVZ222750	North	Sierra_3	453.548907595836	0.222825078835095
UAM101701	MVZ222754	North	Sierra_3	456.825344330968	0.225955265610438
UAM101701	MVZ222755	North	Sierra_3	456.601162099633	0.223762284442797
UAM101701	MVZ222757	North	Sierra_3	457.4918247779	0.221443915195667
UAM101701	MVZ225827	North	Sierra_1	632.842714893531	0.359732824427481
UAM101701	MVZ232185	North	Sierra_3	440.464452887106	0.226902425476764
UAM101701	MVZ232188	North	Sierra_2	557.252011725865	0.327800038160656
UAM101701	MVZ232189	North	Sierra_2	492.731348119435	0.328755446107218
UAM41739	UAM93314	North	North	375.023520171574	0.0727407407407405
UAM41739	MVZ221535	North	Sierra_2	864.728578608623	0.337498692878804
UAM41739	MVZ221743	North	Sierra_2	837.01417530178	0.334190760366293
UAM41739	MVZ224676	North	Sierra_2	828.39140372771	0.333743589743589
UAM41739	MVZ232190	North	Sierra_2	847.315310794444	0.336446679667454
UAM41739	MVZ191515	North	North_Coast	957.43176285903	0.227018507219847
UAM41739	MVZ191548	North	North_Coast	947.625309624553	0.222301280748119
UAM41739	MVZ191565	North	North_Coast	948.323356071381	0.22714780130293
UAM41739	MVZ191579	North	North_Coast	948.450911284954	0.225035882714783
UAM41739	MVZ191607	North	North_Coast	959.595894083831	0.224969536961819
UAM41739	MVZ217992	North	North_Coast	967.819970417085	0.226096224116931
UAM41739	MVZ219009	North	North_Coast	963.318458941197	0.224354394202306
UAM41739	MVZ219014	North	North_Coast	962.024843578933	0.220238713025427
UAM41739	MVZ219015	North	North_Coast	963.318458941197	0.218762886597938
UAM41739	MVZ230716	North	North_Coast	958.901857795463	0.216472073209213
UAM41739	MVZ231432	North	North_Coast	941.563164971154	0.219504643962847
UAM41739	MVZ240012	North	North_Coast	897.532508000047	0.209999999999999
UAM41739	MVZ240013	North	North_Coast	897.532508000047	0.211172782403124
UAM41739	MVZ196598	North	Sierra_3	679.249574018136	0.226856915581187
UAM41739	MVZ200477	North	Sierra_3	687.956460337552	0.232495335362858
UAM41739	MVZ200647	North	Sierra_3	687.779767488379	0.225164572112508
UAM41739	MVZ217509	North	Sierra_3	800.909471433285	0.242737978410207
UAM41739	MVZ217516	North	Sierra_3	753.692622414698	0.232938411828061
UAM41739	MVZ217517	North	Sierra_3	753.692622414698	0.233780981534513
UAM41739	MVZ217872	North	Sierra_3	700.70208650862	0.230291683090264
UAM41739	MVZ218037	North	Sierra_3	698.999313908137	0.229119527791442
UAM41739	MVZ218549	North	Sierra_3	689.79962396798	0.227546090900129
UAM41739	MVZ219775	North	Sierra_3	694.091005616196	0.22725899063161
UAM41739	MVZ220148	North	Sierra_3	677.023623862935	0.231384283331697
UAM41739	MVZ222746	North	Sierra_3	815.544523658338	0.242213155537867
UAM41739	MVZ222749	North	Sierra_3	815.321918806822	0.239459029435165
UAM41739	MVZ222751	North	Sierra_3	816.346051834906	0.242966118486229
UAM41739	MVZ222752	North	Sierra_3	819.516614645709	0.238847117794486
UAM41739	MVZ222753	North	Sierra_3	819.516614645709	0.244124412441243
UAM41739	MVZ222756	North	Sierra_3	819.391109443781	0.239619809904953
UAM41739	MVZ222758	North	Sierra_3	819.391109443781	0.243815555115772
UAM41739	MVZ223020	North	Sierra_3	581.703471814706	0.220309983896941
UAM41739	MVZ223022	North	Sierra_3	618.630687588972	0.208183273309324
UAM41739	MVZ223023	North	Sierra_3	562.258358696284	0.212113239318038
UAM41739	MVZ228426	North	Sierra_3	711.804592291144	0.225169187898089
UAM41739	MVZ228428	North	Sierra_3	614.050559423627	0.22784998511757
UAM41739	MVZ232186	North	Sierra_3	807.473375545933	0.246981393507519
UAM41739	MVZ240272	North	North	771.628344064017	0.138801106063599
UAM41739	MVZ240328	North	North	812.876059643395	0.155447605829285
UAM41739	MVZ240329	North	North	812.876059643395	0.144229816740961
UAM41739	MVZ240330	North	North	812.876059643395	0.148626021865458
UAM41739	MVZ241349	North	North_Coast	878.41243425185	0.176236207601145
UAM41739	MVZ222480	North	Sierra_1	1222.11980173076	0.363102049308227
UAM41739	MVZ222490	North	Sierra_1	1248.48073049596	0.363799099836333
UAM41739	MVZ223094	North	Sierra_1	1174.66966181636	0.36859631147541
UAM41739	MVZ223095	North	Sierra_1	1174.66966181636	0.36620654396728
UAM41739	MVZ224618	North	Sierra_1	1138.49705068298	0.369726920725493
UAM41739	MVZ199508	North	Sierra_2	966.38834480568	0.34573502722323
UAM41739	MVZ199509	North	Sierra_2	922.104651206384	0.341157426143262
UAM41739	MVZ199510	North	Sierra_2	926.717501133855	0.346516102896496
UAM41739	MVZ199511	North	Sierra_2	927.915044270515	0.344258936802212
UAM41739	MVZ201003	North	Sierra_2	932.412630739929	0.346052498226412
UAM41739	MVZ201307	North	Sierra_1	1015.73930552016	0.376697749847962
UAM41739	MVZ201308	North	Sierra_1	1009.28283898712	0.373941434547495
UAM41739	MVZ201309	North	Sierra_1	1005.0406824772	0.376027605805338
UAM41739	MVZ201312	North	Sierra_1	1005.10154176574	0.373045685279188
UAM41739	MVZ201314	North	Sierra_1	1009.67371647155	0.372852932208557
UAM41739	MVZ201318	North	Sierra_1	1022.9845587224	0.3757852077001
UAM41739	MVZ207124	North	Sierra_1	1018.5165858125	0.374707854892796
UAM41739	MVZ216205	North	Sierra_1	1007.62338847479	0.374645748987854
UAM41739	MVZ216215	North	Sierra_1	1027.45364583353	0.369872055239643
UAM41739	MVZ221740	North	Sierra_2	831.177253042638	0.333796439230215
UAM41739	MVZ222747	North	Sierra_3	815.321918806822	0.239994041116298
UAM41739	MVZ222750	North	Sierra_3	816.346051834906	0.235559115026527
UAM41739	MVZ222754	North	Sierra_3	819.516614645709	0.24108488196886
UAM41739	MVZ222755	North	Sierra_3	818.30732209466	0.236676332366764
UAM41739	MVZ222757	North	Sierra_3	819.391109443781	0.234434625426792
UAM41739	MVZ225827	North	Sierra_1	999.350095241327	0.371822578985284
UAM41739	MVZ232185	North	Sierra_3	810.994244657513	0.239631106679962
UAM41739	MVZ232188	North	Sierra_2	917.659624652359	0.339769333745237
UAM41739	MVZ232189	North	Sierra_2	859.122067048768	0.339899969378381
UAM93314	MVZ221535	North	Sierra_2	496.18437024968	0.338905061508123
UAM93314	MVZ221743	North	Sierra_2	470.951589457405	0.334257206208426
UAM93314	MVZ224676	North	Sierra_2	466.589473963364	0.3343451066961
UAM93314	MVZ232190	North	Sierra_2	486.290142956755	0.336712126796904
UAM93314	MVZ191515	North	North_Coast	582.817405208419	0.225440921136799
UAM93314	MVZ191548	North	North_Coast	573.246868910437	0.222765044288192
UAM93314	MVZ191565	North	North_Coast	573.957354121372	0.227600694127317
UAM93314	MVZ191579	North	North_Coast	574.088854942857	0.221570438799076
UAM93314	MVZ191607	North	North_Coast	584.951139363002	0.224605994351827
UAM93314	MVZ217992	North	North_Coast	592.919705023904	0.22546249886084
UAM93314	MVZ219009	North	North_Coast	588.395280012599	0.222425964976621
UAM93314	MVZ219014	North	North_Coast	587.102716280348	0.218717924792386
UAM93314	MVZ219015	North	North_Coast	588.395280012599	0.217669416890703
UAM93314	MVZ230716	North	North_Coast	583.903794044028	0.216646209045417
UAM93314	MVZ231432	North	North_Coast	566.622283316196	0.221171672228403
UAM93314	MVZ240012	North	North_Coast	522.556302630652	0.208453054036519
UAM93314	MVZ240013	North	North_Coast	522.556302630652	0.207148134466198
UAM93314	MVZ196598	North	Sierra_3	308.884270666219	0.21851884858747
UAM93314	MVZ200477	North	Sierra_3	318.947199177771	0.229772607086198
UAM93314	MVZ200647	North	Sierra_3	318.053703310672	0.221050269299821
UAM93314	MVZ217509	North	Sierra_3	442.570584426895	0.236086650228953
UAM93314	MVZ217516	North	Sierra_3	387.351015595467	0.227500659804698
UAM93314	MVZ217517	North	Sierra_3	387.351015595467	0.228721990966256
UAM93314	MVZ217872	North	Sierra_3	329.321975212426	0.221220159151193
UAM93314	MVZ218037	North	Sierra_3	328.540579880524	0.222555594775857
UAM93314	MVZ218549	North	Sierra_3	320.58758585516	0.222291076487252
UAM93314	MVZ219775	North	Sierra_3	323.815746570128	0.221411081889908
UAM93314	MVZ220148	North	Sierra_3	310.189391512373	0.223510225669958
UAM93314	MVZ222746	North	Sierra_3	457.81384844699	0.234899928520373
UAM93314	MVZ222749	North	Sierra_3	457.615411306828	0.233719892952721
UAM93314	MVZ222751	North	Sierra_3	458.203474127958	0.238213840953566
UAM93314	MVZ222752	North	Sierra_3	461.493607935222	0.232642019837692
UAM93314	MVZ222753	North	Sierra_3	461.493607935222	0.236161035226455
UAM93314	MVZ222756	North	Sierra_3	462.330692268216	0.236742764695309
UAM93314	MVZ222758	North	Sierra_3	462.330692268216	0.2364918818206
UAM93314	MVZ223020	North	Sierra_3	223.68873696677	0.214169454742743
UAM93314	MVZ223022	North	Sierra_3	243.661041875829	0.202095135329556
UAM93314	MVZ223023	North	Sierra_3	191.868439425338	0.205091803899299
UAM93314	MVZ228426	North	Sierra_3	339.85608475381	0.220000000000001
UAM93314	MVZ228428	North	Sierra_3	240.74354597358	0.220648494566186
UAM93314	MVZ232186	North	Sierra_3	439.123318159203	0.23925971951003
UAM93314	MVZ240272	North	North	403.243647337037	0.130663716814158
UAM93314	MVZ240328	North	North	442.961344817166	0.146044444444445
UAM93314	MVZ240329	North	North	442.961344817166	0.139221955768718
UAM93314	MVZ240330	North	North	442.961344817166	0.139082795793938
UAM93314	MVZ241349	North	North_Coast	507.334522254923	0.17462645522046
UAM93314	MVZ222480	North	Sierra_1	872.928788741934	0.361557882925004
UAM93314	MVZ222490	North	Sierra_1	897.292278757859	0.361399320539895
UAM93314	MVZ223094	North	Sierra_1	820.539988038233	0.366534781008464
UAM93314	MVZ223095	North	Sierra_1	820.539988038233	0.364419990829895
UAM93314	MVZ224618	North	Sierra_1	788.475120225149	0.367202484245137
UAM93314	MVZ199508	North	Sierra_2	600.310803777739	0.347227239884393
UAM93314	MVZ199509	North	Sierra_2	556.687299402426	0.342820884699057
UAM93314	MVZ199510	North	Sierra_2	560.912112909574	0.347508396115094
UAM93314	MVZ199511	North	Sierra_2	562.988829856454	0.344742154523766
UAM93314	MVZ201003	North	Sierra_2	566.937045832597	0.34653825186262
UAM93314	MVZ201307	North	Sierra_1	658.177051888758	0.375578756241489
UAM93314	MVZ201308	North	Sierra_1	649.654664634813	0.371146281218553
UAM93314	MVZ201309	North	Sierra_1	646.636137870992	0.374431301182893
UAM93314	MVZ201312	North	Sierra_1	645.194015400182	0.371338912133891
UAM93314	MVZ201314	North	Sierra_1	649.595279092378	0.370976566061822
UAM93314	MVZ201318	North	Sierra_1	664.014028502778	0.373365419542318
UAM93314	MVZ207124	North	Sierra_1	663.444055675696	0.373258672493854
UAM93314	MVZ216205	North	Sierra_1	647.369525403566	0.373445866231055
UAM93314	MVZ216215	North	Sierra_1	666.293278980114	0.368425849968098
UAM93314	MVZ221740	North	Sierra_2	466.220591810948	0.334502815991137
UAM93314	MVZ222747	North	Sierra_3	457.615411306828	0.234770217313858
UAM93314	MVZ222750	North	Sierra_3	458.203474127958	0.230441031168598
UAM93314	MVZ222754	North	Sierra_3	461.493607935222	0.234556767968256
UAM93314	MVZ222755	North	Sierra_3	461.483915077031	0.23252893155109
UAM93314	MVZ222757	North	Sierra_3	462.330692268216	0.230459925905845
UAM93314	MVZ225827	North	Sierra_1	636.226743004677	0.368746538674543
UAM93314	MVZ232185	North	Sierra_3	442.876429786113	0.232443568613401
UAM93314	MVZ232188	North	Sierra_2	562.132048164251	0.34181885261022
UAM93314	MVZ232189	North	Sierra_2	496.400535178122	0.341177547843604
MVZ221535	MVZ221743	Sierra_2	Sierra_2	33.8610454534662	0.0714685054043979
MVZ221535	MVZ224676	Sierra_2	Sierra_2	60.8140994418969	0.0764378478664194
MVZ221535	MVZ232190	Sierra_2	Sierra_2	58.5171393688397	0.0702725327876475
MVZ221535	MVZ191515	Sierra_2	North_Coast	185.290048204255	0.30809573757986
MVZ221535	MVZ191548	Sierra_2	North_Coast	187.217024647247	0.304003813155386
MVZ221535	MVZ191565	Sierra_2	North_Coast	187.944032804287	0.311159820832936
MVZ221535	MVZ191579	Sierra_2	North_Coast	188.123805521466	0.297792345512388
MVZ221535	MVZ191607	Sierra_2	North_Coast	185.481699395189	0.310805669171502
MVZ221535	MVZ217992	Sierra_2	North_Coast	179.052298742334	0.313439939082429
MVZ221535	MVZ219009	Sierra_2	North_Coast	174.724674326325	0.310305233948904
MVZ221535	MVZ219014	Sierra_2	North_Coast	173.983451045245	0.30424000777983
MVZ221535	MVZ219015	Sierra_2	North_Coast	174.724674326325	0.305407758537294
MVZ221535	MVZ230716	Sierra_2	North_Coast	165.241700887423	0.30438207779419
MVZ221535	MVZ231432	Sierra_2	North_Coast	160.588240846263	0.30376318080681
MVZ221535	MVZ240012	Sierra_2	North_Coast	138.002147874537	0.302271628806187
MVZ221535	MVZ240013	Sierra_2	North_Coast	138.002147874537	0.301587301587302
MVZ221535	MVZ196598	Sierra_2	Sierra_3	187.356372288371	0.339446559569134
MVZ221535	MVZ200477	Sierra_2	Sierra_3	177.380735906535	0.337707625952096
MVZ221535	MVZ200647	Sierra_2	Sierra_3	178.132211440342	0.334127206500421
MVZ221535	MVZ217509	Sierra_2	Sierra_3	91.89752064288	0.318831942789036
MVZ221535	MVZ217516	Sierra_2	Sierra_3	111.533410570275	0.33249289447144
MVZ221535	MVZ217517	Sierra_2	Sierra_3	111.533410570275	0.326845018450183
MVZ221535	MVZ217872	Sierra_2	Sierra_3	167.741121711796	0.34255417242969
MVZ221535	MVZ218037	Sierra_2	Sierra_3	167.800274344751	0.343666636004049
MVZ221535	MVZ218549	Sierra_2	Sierra_3	175.674248878152	0.339966832504146
MVZ221535	MVZ219775	Sierra_2	Sierra_3	172.441344528863	0.332077249175694
MVZ221535	MVZ220148	Sierra_2	Sierra_3	187.70498094252	0.343623667769204
MVZ221535	MVZ222746	Sierra_2	Sierra_3	86.8297266351885	0.317506039769559
MVZ221535	MVZ222749	Sierra_2	Sierra_3	87.0418697068026	0.318131205344715
MVZ221535	MVZ222751	Sierra_2	Sierra_3	84.5565632955666	0.316055215860663
MVZ221535	MVZ222752	Sierra_2	Sierra_3	83.7152312888989	0.308204406938583
MVZ221535	MVZ222753	Sierra_2	Sierra_3	83.7152312888989	0.310093457943923
MVZ221535	MVZ222756	Sierra_2	Sierra_3	88.3446688366337	0.310844951810612
MVZ221535	MVZ222758	Sierra_2	Sierra_3	88.3446688366337	0.317442719881744
MVZ221535	MVZ223020	Sierra_2	Sierra_3	284.65261794566	0.334210773714392
MVZ221535	MVZ223022	Sierra_2	Sierra_3	269.690859034858	0.334847775175643
MVZ221535	MVZ223023	Sierra_2	Sierra_3	304.406724695643	0.333513566653559
MVZ221535	MVZ228426	Sierra_2	Sierra_3	158.292883039278	0.331797020484171
MVZ221535	MVZ228428	Sierra_2	Sierra_3	257.464253089861	0.342088167053366
MVZ221535	MVZ232186	Sierra_2	Sierra_3	57.2743474226687	0.310155239327297
MVZ221535	MVZ240272	Sierra_2	North	242.981003475162	0.315710676522878
MVZ221535	MVZ240328	Sierra_2	North	224.784475582424	0.31908389766742
MVZ221535	MVZ240329	Sierra_2	North	224.784475582424	0.31849765258216
MVZ221535	MVZ240330	Sierra_2	North	224.784475582424	0.320108543089735
MVZ221535	MVZ241349	Sierra_2	North_Coast	217.842266832993	0.31431029538285
MVZ221535	MVZ222480	Sierra_2	Sierra_1	398.559885397718	0.166261072714883
MVZ221535	MVZ222490	Sierra_2	Sierra_1	418.386230141849	0.168866571018651
MVZ221535	MVZ223094	Sierra_2	Sierra_1	339.415955124151	0.168870365047427
MVZ221535	MVZ223095	Sierra_2	Sierra_1	339.415955124151	0.169294724770643
MVZ221535	MVZ224618	Sierra_2	Sierra_1	317.294825748031	0.167729652546407
MVZ221535	MVZ199508	Sierra_2	Sierra_2	105.588685260914	0.0726211112124804
MVZ221535	MVZ199509	Sierra_2	Sierra_2	65.2545293732203	0.07518315018315
MVZ221535	MVZ199510	Sierra_2	Sierra_2	68.0963388749539	0.0759893733968487
MVZ221535	MVZ199511	Sierra_2	Sierra_2	72.4869008612927	0.0785522291222541
MVZ221535	MVZ201003	Sierra_2	Sierra_2	74.5945909511474	0.0759633027522936
MVZ221535	MVZ201307	Sierra_2	Sierra_1	179.69536465468	0.16283470527013
MVZ221535	MVZ201308	Sierra_2	Sierra_1	166.471428948419	0.162538109756097
MVZ221535	MVZ201309	Sierra_2	Sierra_1	167.00054429141	0.160267349260524
MVZ221535	MVZ201312	Sierra_2	Sierra_1	161.652627747178	0.162605480231346
MVZ221535	MVZ201314	Sierra_2	Sierra_1	165.272468972184	0.162722174698222
MVZ221535	MVZ201318	Sierra_2	Sierra_1	181.359731955351	0.162153205188902
MVZ221535	MVZ207124	Sierra_2	Sierra_1	191.317345503653	0.163265306122449
MVZ221535	MVZ216205	Sierra_2	Sierra_1	162.773816764856	0.160391637498817
MVZ221535	MVZ216215	Sierra_2	Sierra_1	178.424562750136	0.162660332541568
MVZ221535	MVZ221740	Sierra_2	Sierra_2	43.2973310513412	0.0760484622553588
MVZ221535	MVZ222747	Sierra_2	Sierra_3	87.0418697068026	0.321103473899312
MVZ221535	MVZ222750	Sierra_2	Sierra_3	84.5565632955666	0.312815479528883
MVZ221535	MVZ222754	Sierra_2	Sierra_3	83.7152312888989	0.309411985722338
MVZ221535	MVZ222755	Sierra_2	Sierra_3	89.8879246817298	0.312989921612543
MVZ221535	MVZ222757	Sierra_2	Sierra_3	88.3446688366337	0.311777422690104
MVZ221535	MVZ225827	Sierra_2	Sierra_1	145.659485914203	0.164633560656997
MVZ221535	MVZ232185	Sierra_2	Sierra_3	53.7396340187021	0.306857355818505
MVZ221535	MVZ232188	Sierra_2	Sierra_2	111.459568682502	0.0798678946878779
MVZ221535	MVZ232189	Sierra_2	Sierra_2	46.2182184233697	0.0717981888745151
MVZ221743	MVZ224676	Sierra_2	Sierra_2	30.1991485554262	0.0777412581028029
MVZ221743	MVZ232190	Sierra_2	Sierra_2	37.1724821239705	0.0726691042047535
MVZ221743	MVZ191515	Sierra_2	North_Coast	215.098623218904	0.307699512926189
MVZ221743	MVZ191548	Sierra_2	North_Coast	215.916791078976	0.301085837311616
MVZ221743	MVZ191565	Sierra_2	North_Coast	216.674120988727	0.308106337171207
MVZ221743	MVZ191579	Sierra_2	North_Coast	216.856660055146	0.296194623248769
MVZ221743	MVZ191607	Sierra_2	North_Coast	215.489401850727	0.307042121976277
MVZ221743	MVZ217992	Sierra_2	North_Coast	210.204345099198	0.309924306139613
MVZ221743	MVZ219009	Sierra_2	North_Coast	205.727531497229	0.310033821871476
MVZ221743	MVZ219014	Sierra_2	North_Coast	204.911283000869	0.302514580743856
MVZ221743	MVZ219015	Sierra_2	North_Coast	205.727531497229	0.302491441612781
MVZ221743	MVZ230716	Sierra_2	North_Coast	196.411674421718	0.300019340489315
MVZ221743	MVZ231432	Sierra_2	North_Coast	190.273027740835	0.300712250712251
MVZ221743	MVZ240012	Sierra_2	North_Coast	163.276837390839	0.299866958091799
MVZ221743	MVZ240013	Sierra_2	North_Coast	163.276837390839	0.298165137614679
MVZ221743	MVZ196598	Sierra_2	Sierra_3	163.593565724425	0.339326457972072
MVZ221743	MVZ200477	Sierra_2	Sierra_3	152.413487980403	0.335694945848376
MVZ221743	MVZ200647	Sierra_2	Sierra_3	153.880501218381	0.330329225675924
MVZ221743	MVZ217509	Sierra_2	Sierra_3	58.7480676098475	0.317505411255412
MVZ221743	MVZ217516	Sierra_2	Sierra_3	83.6874104877734	0.331110910892873
MVZ221743	MVZ217517	Sierra_2	Sierra_3	83.6874104877734	0.327256235827665
MVZ221743	MVZ217872	Sierra_2	Sierra_3	145.9140264179	0.342883046237535
MVZ221743	MVZ218037	Sierra_2	Sierra_3	144.66475488	0.342390812912559
MVZ221743	MVZ218549	Sierra_2	Sierra_3	150.931429132744	0.337776568734132
MVZ221743	MVZ219775	Sierra_2	Sierra_3	148.941937450137	0.328926616569255
MVZ221743	MVZ220148	Sierra_2	Sierra_3	160.904734273392	0.343800831375385
MVZ221743	MVZ222746	Sierra_2	Sierra_3	55.8172106394642	0.315883321141184
MVZ221743	MVZ222749	Sierra_2	Sierra_3	56.0002218909923	0.315022831050228
MVZ221743	MVZ222751	Sierra_2	Sierra_3	53.4925112785372	0.313883574747198
MVZ221743	MVZ222752	Sierra_2	Sierra_3	53.3457463915673	0.308561675431312
MVZ221743	MVZ222753	Sierra_2	Sierra_3	53.3457463915673	0.307738259351163
MVZ221743	MVZ222756	Sierra_2	Sierra_3	58.4019331173372	0.311229651430148
MVZ221743	MVZ222758	Sierra_2	Sierra_3	58.4019331173372	0.317806229002089
MVZ221743	MVZ223020	Sierra_2	Sierra_3	255.690791462214	0.333194483013978
MVZ221743	MVZ223022	Sierra_2	Sierra_3	251.604548316808	0.334716459197788
MVZ221743	MVZ223023	Sierra_2	Sierra_3	279.166170329723	0.332736250968242
MVZ221743	MVZ228426	Sierra_2	Sierra_3	137.936517220678	0.329424697691462
MVZ221743	MVZ228428	Sierra_2	Sierra_3	234.976314236999	0.338643417929522
MVZ221743	MVZ232186	Sierra_2	Sierra_3	35.8208019080174	0.309909090909093
MVZ221743	MVZ240272	Sierra_2	North	247.808922669086	0.314843821984705
MVZ221743	MVZ240328	Sierra_2	North	235.142721679761	0.315188234205901
MVZ221743	MVZ240329	Sierra_2	North	235.142721679761	0.314087759815242
MVZ221743	MVZ240330	Sierra_2	North	235.142721679761	0.31913915202796
MVZ221743	MVZ241349	Sierra_2	North_Coast	237.006201174733	0.310127771514469
MVZ221743	MVZ222480	Sierra_2	Sierra_1	413.490761506006	0.166108185734801
MVZ221743	MVZ222490	Sierra_2	Sierra_1	434.866065521971	0.170693869875893
MVZ221743	MVZ223094	Sierra_2	Sierra_1	356.228375665561	0.168551503157101
MVZ221743	MVZ223095	Sierra_2	Sierra_1	356.228375665561	0.168575720589616
MVZ221743	MVZ224618	Sierra_2	Sierra_1	330.567966235947	0.169130719565827
MVZ221743	MVZ199508	Sierra_2	Sierra_2	129.592469880491	0.0785201793721968
MVZ221743	MVZ199509	Sierra_2	Sierra_2	85.7357662536375	0.0781038984424237
MVZ221743	MVZ199510	Sierra_2	Sierra_2	90.0246391523744	0.0821171171171166
MVZ221743	MVZ199511	Sierra_2	Sierra_2	92.0986386361562	0.0844351235524757
MVZ221743	MVZ201003	Sierra_2	Sierra_2	95.9918781343226	0.0809738503155998
MVZ221743	MVZ201307	Sierra_2	Sierra_1	193.739744981402	0.164775369733048
MVZ221743	MVZ201308	Sierra_2	Sierra_1	182.499832774016	0.16190520794305
MVZ221743	MVZ201309	Sierra_2	Sierra_1	181.326863266674	0.161275286659831
MVZ221743	MVZ201312	Sierra_2	Sierra_1	177.790649996087	0.162159641924655
MVZ221743	MVZ201314	Sierra_2	Sierra_1	181.868256175845	0.163302495093917
MVZ221743	MVZ201318	Sierra_2	Sierra_1	197.344047785604	0.16412213740458
MVZ221743	MVZ207124	Sierra_2	Sierra_1	202.995943195157	0.163199626865672
MVZ221743	MVZ216205	Sierra_2	Sierra_1	179.47871693188	0.162157136215713
MVZ221743	MVZ216215	Sierra_2	Sierra_1	197.105416272882	0.162900364179662
MVZ221743	MVZ221740	Sierra_2	Sierra_2	9.7844321336511	0.0758020164986254
MVZ221743	MVZ222747	Sierra_2	Sierra_3	56.0002218909923	0.321969696969698
MVZ221743	MVZ222750	Sierra_2	Sierra_3	53.4925112785372	0.314595388996049
MVZ221743	MVZ222754	Sierra_2	Sierra_3	53.3457463915673	0.310051736881004
MVZ221743	MVZ222755	Sierra_2	Sierra_3	59.8234281482226	0.311828450730094
MVZ221743	MVZ222757	Sierra_2	Sierra_3	58.4019331173372	0.313477737665463
MVZ221743	MVZ225827	Sierra_2	Sierra_1	165.823490200101	0.166273027869627
MVZ221743	MVZ232185	Sierra_2	Sierra_3	31.6969590205078	0.307085892382436
MVZ221743	MVZ232188	Sierra_2	Sierra_2	111.158008300025	0.0816784112748238
MVZ221743	MVZ232189	Sierra_2	Sierra_2	33.9401722637066	0.0748478517576527
MVZ224676	MVZ232190	Sierra_2	Sierra_2	19.9819657673541	0.0772524369135463
MVZ224676	MVZ191515	Sierra_2	North_Coast	244.845629166595	0.310190369540873
MVZ224676	MVZ191548	Sierra_2	North_Coast	245.911790266574	0.30692099617573
MVZ224676	MVZ191565	Sierra_2	North_Coast	246.664343231267	0.312395075545608
MVZ224676	MVZ191579	Sierra_2	North_Coast	246.846506633112	0.302197284043757
MVZ224676	MVZ191607	Sierra_2	North_Coast	245.178053983357	0.311830959694685
MVZ224676	MVZ217992	Sierra_2	North_Coast	239.440634760775	0.315480625931445
MVZ224676	MVZ219009	Sierra_2	North_Coast	235.032308909565	0.31238880044948
MVZ224676	MVZ219014	Sierra_2	North_Coast	234.249662607666	0.306549885757807
MVZ224676	MVZ219015	Sierra_2	North_Coast	235.032308909565	0.305476596551071
MVZ224676	MVZ230716	Sierra_2	North_Coast	225.630445905968	0.305092101456264
MVZ224676	MVZ231432	Sierra_2	North_Coast	220.035525352734	0.306152389966872
MVZ224676	MVZ240012	Sierra_2	North_Coast	193.472856184245	0.300350179822071
MVZ224676	MVZ240013	Sierra_2	North_Coast	193.472856184245	0.300725320271288
MVZ224676	MVZ196598	Sierra_2	Sierra_3	164.383107831808	0.337711325213597
MVZ224676	MVZ200477	Sierra_2	Sierra_3	151.896749254278	0.334951020041342
MVZ224676	MVZ200647	Sierra_2	Sierra_3	154.313694262497	0.330359593741422
MVZ224676	MVZ217509	Sierra_2	Sierra_3	32.7408068416561	0.317573635057472
MVZ224676	MVZ217516	Sierra_2	Sierra_3	82.5967739412113	0.330910722296994
MVZ224676	MVZ217517	Sierra_2	Sierra_3	82.5967739412113	0.324688234230979
MVZ224676	MVZ217872	Sierra_2	Sierra_3	149.763416474394	0.340480274442538
MVZ224676	MVZ218037	Sierra_2	Sierra_3	146.912729067176	0.340984787109552
MVZ224676	MVZ218549	Sierra_2	Sierra_3	150.782338015841	0.336870146288604
MVZ224676	MVZ219775	Sierra_2	Sierra_3	150.556651057322	0.33085381630013
MVZ224676	MVZ220148	Sierra_2	Sierra_3	157.378520251682	0.341731149901026
MVZ224676	MVZ222746	Sierra_2	Sierra_3	26.0779604844265	0.314759173267779
MVZ224676	MVZ222749	Sierra_2	Sierra_3	26.2825231289218	0.314523463077483
MVZ224676	MVZ222751	Sierra_2	Sierra_3	23.7819613766275	0.314092681599711
MVZ224676	MVZ222752	Sierra_2	Sierra_3	23.2612956631432	0.309804101903798
MVZ224676	MVZ222753	Sierra_2	Sierra_3	23.2612956631432	0.308554437328454
MVZ224676	MVZ222756	Sierra_2	Sierra_3	28.2367953684681	0.308531109685695
MVZ224676	MVZ222758	Sierra_2	Sierra_3	28.2367953684681	0.317022431259044
MVZ224676	MVZ223020	Sierra_2	Sierra_3	246.902223152461	0.331566331704618
MVZ224676	MVZ223022	Sierra_2	Sierra_3	257.352349899521	0.331955922865014
MVZ224676	MVZ223023	Sierra_2	Sierra_3	275.935026703889	0.33296396222779
MVZ224676	MVZ228426	Sierra_2	Sierra_3	143.84048625124	0.327586206896551
MVZ224676	MVZ228428	Sierra_2	Sierra_3	235.912047124439	0.338060176347605
MVZ224676	MVZ232186	Sierra_2	Sierra_3	52.8925075500878	0.311668326242419
MVZ224676	MVZ240272	Sierra_2	North	271.257874499269	0.314283093294193
MVZ224676	MVZ240328	Sierra_2	North	261.364198660646	0.315435623503408
MVZ224676	MVZ240329	Sierra_2	North	261.364198660646	0.317207762347098
MVZ224676	MVZ240330	Sierra_2	North	261.364198660646	0.317607182117993
MVZ224676	MVZ241349	Sierra_2	North_Coast	266.243399132932	0.313605314868532
MVZ224676	MVZ222480	Sierra_2	Sierra_1	410.161327755574	0.169189034837236
MVZ224676	MVZ222490	Sierra_2	Sierra_1	432.956896895937	0.172049049892353
MVZ224676	MVZ223094	Sierra_2	Sierra_1	355.116200468848	0.170979840600094
MVZ224676	MVZ223095	Sierra_2	Sierra_1	355.116200468848	0.171576879910213
MVZ224676	MVZ224618	Sierra_2	Sierra_1	326.21031918275	0.171274318160663
MVZ224676	MVZ199508	Sierra_2	Sierra_2	140.001298365102	0.0787710994016254
MVZ224676	MVZ199509	Sierra_2	Sierra_2	95.8079025018949	0.0771402958314656
MVZ224676	MVZ199510	Sierra_2	Sierra_2	100.95408375697	0.0788623721514443
MVZ224676	MVZ199511	Sierra_2	Sierra_2	100.759930775595	0.0830611504264195
MVZ224676	MVZ201003	Sierra_2	Sierra_2	105.914285582459	0.0812763665739159
MVZ224676	MVZ201307	Sierra_2	Sierra_1	192.119211026884	0.167977424130274
MVZ224676	MVZ201308	Sierra_2	Sierra_1	183.073814621023	0.167008292182987
MVZ224676	MVZ201309	Sierra_2	Sierra_1	180.306512193719	0.165538347398683
MVZ224676	MVZ201312	Sierra_2	Sierra_1	178.604670100313	0.16657389368216
MVZ224676	MVZ201314	Sierra_2	Sierra_1	183.009395716855	0.168015252976191
MVZ224676	MVZ201318	Sierra_2	Sierra_1	197.493789189297	0.167839289020552
MVZ224676	MVZ207124	Sierra_2	Sierra_1	198.939318916898	0.167935741480174
MVZ224676	MVZ216205	Sierra_2	Sierra_1	180.793102523249	0.166481635673976
MVZ224676	MVZ216215	Sierra_2	Sierra_1	199.922398515049	0.167735042735043
MVZ224676	MVZ221740	Sierra_2	Sierra_2	21.2135900157794	0.08215620158571
MVZ224676	MVZ222747	Sierra_2	Sierra_3	26.2825231289218	0.319796493140729
MVZ224676	MVZ222750	Sierra_2	Sierra_3	23.7819613766275	0.313827838827838
MVZ224676	MVZ222754	Sierra_2	Sierra_3	23.2612956631432	0.309256532940743
MVZ224676	MVZ222755	Sierra_2	Sierra_3	29.6864712161469	0.309643510054845
MVZ224676	MVZ222757	Sierra_2	Sierra_3	28.2367953684681	0.312932067471658
MVZ224676	MVZ225827	Sierra_2	Sierra_1	170.97098434436	0.168107904878278
MVZ224676	MVZ232185	Sierra_2	Sierra_3	49.6432887686347	0.305471818763132
MVZ224676	MVZ232188	Sierra_2	Sierra_2	100.345335747408	0.0848075870873605
MVZ224676	MVZ232189	Sierra_2	Sierra_2	30.9525977119878	0.0737170784686396
MVZ232190	MVZ191515	Sierra_2	North_Coast	243.586627455356	0.305246422893481
MVZ232190	MVZ191548	Sierra_2	North_Coast	245.714212486619	0.305643804896281
MVZ232190	MVZ191565	Sierra_2	North_Coast	246.438458572244	0.310518934081346
MVZ232190	MVZ191579	Sierra_2	North_Coast	246.617928382576	0.298506757395331
MVZ232190	MVZ191607	Sierra_2	North_Coast	243.71405813354	0.31041394741749
MVZ232190	MVZ217992	Sierra_2	North_Coast	236.712182443435	0.312424157565575
MVZ232190	MVZ219009	Sierra_2	North_Coast	232.49737140283	0.31065366219638
MVZ232190	MVZ219014	Sierra_2	North_Coast	231.805272641228	0.304847790819734
MVZ232190	MVZ219015	Sierra_2	North_Coast	232.49737140283	0.304566600208867
MVZ232190	MVZ230716	Sierra_2	North_Coast	222.93048397761	0.302532379663638
MVZ232190	MVZ231432	Sierra_2	North_Coast	218.950084854314	0.303205614567526
MVZ232190	MVZ240012	Sierra_2	North_Coast	195.920387412621	0.29963933181473
MVZ232190	MVZ240013	Sierra_2	North_Coast	195.920387412621	0.30008496978852
MVZ232190	MVZ196598	Sierra_2	Sierra_3	184.333308645958	0.344068877551019
MVZ232190	MVZ200477	Sierra_2	Sierra_3	171.873684863808	0.341003242074928
MVZ232190	MVZ200647	Sierra_2	Sierra_3	174.269946988597	0.336974481365888
MVZ232190	MVZ217509	Sierra_2	Sierra_3	47.8551469654788	0.321830288850895
MVZ232190	MVZ217516	Sierra_2	Sierra_3	102.515746908272	0.337484265419888
MVZ232190	MVZ217517	Sierra_2	Sierra_3	102.515746908272	0.330224556320173
MVZ232190	MVZ217872	Sierra_2	Sierra_3	169.490606968838	0.346000723850888
MVZ232190	MVZ218037	Sierra_2	Sierra_3	166.770062403165	0.345580933465739
MVZ232190	MVZ218549	Sierra_2	Sierra_3	170.752321432057	0.342452744867503
MVZ232190	MVZ219775	Sierra_2	Sierra_3	170.458058720448	0.335756621596591
MVZ232190	MVZ220148	Sierra_2	Sierra_3	177.302880948913	0.347385031559964
MVZ232190	MVZ222746	Sierra_2	Sierra_3	35.8388860361976	0.318484710178003
MVZ232190	MVZ222749	Sierra_2	Sierra_3	36.0874574469078	0.321923427529627
MVZ232190	MVZ222751	Sierra_2	Sierra_3	34.1400837030254	0.319305580803492
MVZ232190	MVZ222752	Sierra_2	Sierra_3	31.7615689748918	0.312626634739362
MVZ232190	MVZ222753	Sierra_2	Sierra_3	31.7615689748918	0.313428728673639
MVZ232190	MVZ222756	Sierra_2	Sierra_3	34.751364857699	0.314945801947456
MVZ232190	MVZ222758	Sierra_2	Sierra_3	34.751364857699	0.322548486496285
MVZ232190	MVZ223020	Sierra_2	Sierra_3	266.080274010366	0.338353506421509
MVZ232190	MVZ223022	Sierra_2	Sierra_3	276.997068746242	0.337394262596544
MVZ232190	MVZ223023	Sierra_2	Sierra_3	295.801404928276	0.336145391438488
MVZ232190	MVZ228426	Sierra_2	Sierra_3	163.308296034643	0.333958123799945
MVZ232190	MVZ228428	Sierra_2	Sierra_3	255.881694861952	0.34402332361516
MVZ232190	MVZ232186	Sierra_2	Sierra_3	68.2882494909303	0.313208231348019
MVZ232190	MVZ240272	Sierra_2	North	284.604427373596	0.317801672640383
MVZ232190	MVZ240328	Sierra_2	North	272.310899802903	0.318827217407339
MVZ232190	MVZ240329	Sierra_2	North	272.310899802903	0.318332565637955
MVZ232190	MVZ240330	Sierra_2	North	272.310899802903	0.321998898678415
MVZ232190	MVZ241349	Sierra_2	North_Coast	272.759807670479	0.313162585608407
MVZ232190	MVZ222480	Sierra_2	Sierra_1	390.181894343042	0.170053424918908
MVZ232190	MVZ222490	Sierra_2	Sierra_1	412.984313770696	0.17316707294206
MVZ232190	MVZ223094	Sierra_2	Sierra_1	335.177662787538	0.171976318015224
MVZ232190	MVZ223095	Sierra_2	Sierra_1	335.177662787538	0.17272386661671
MVZ232190	MVZ224618	Sierra_2	Sierra_1	306.245982031446	0.171719056058204
MVZ232190	MVZ199508	Sierra_2	Sierra_2	122.991293246868	0.0721958642914688
MVZ232190	MVZ199509	Sierra_2	Sierra_2	79.4851909384606	0.0757317292152989
MVZ232190	MVZ199510	Sierra_2	Sierra_2	84.8543778541628	0.0790089036783879
MVZ232190	MVZ199511	Sierra_2	Sierra_2	83.7355748203834	0.0786266484765804
MVZ232190	MVZ201003	Sierra_2	Sierra_2	89.2671391174133	0.07560075600756
MVZ232190	MVZ201307	Sierra_2	Sierra_1	172.214291633615	0.164579855314412
MVZ232190	MVZ201308	Sierra_2	Sierra_1	163.37836705874	0.16358543417367
MVZ232190	MVZ201309	Sierra_2	Sierra_1	160.456225028485	0.163121226196006
MVZ232190	MVZ201312	Sierra_2	Sierra_1	158.94714229629	0.164251207729468
MVZ232190	MVZ201314	Sierra_2	Sierra_1	163.385096994046	0.165052160953801
MVZ232190	MVZ201318	Sierra_2	Sierra_1	177.729041817949	0.165305743713464
MVZ232190	MVZ207124	Sierra_2	Sierra_1	178.95737448744	0.1650851241976
MVZ232190	MVZ216205	Sierra_2	Sierra_1	161.19680240734	0.16332869726472
MVZ232190	MVZ216215	Sierra_2	Sierra_1	180.511057725201	0.16412213740458
MVZ232190	MVZ221740	Sierra_2	Sierra_2	32.0524504123103	0.0765502103530276
MVZ232190	MVZ222747	Sierra_2	Sierra_3	36.0874574469078	0.326170096521581
MVZ232190	MVZ222750	Sierra_2	Sierra_3	34.1400837030254	0.316291877007803
MVZ232190	MVZ222754	Sierra_2	Sierra_3	31.7615689748918	0.313623375426309
MVZ232190	MVZ222755	Sierra_2	Sierra_3	36.3226531610067	0.315975084730235
MVZ232190	MVZ222757	Sierra_2	Sierra_3	34.751364857699	0.315949787705372
MVZ232190	MVZ225827	Sierra_2	Sierra_1	152.115980346819	0.164830508474576
MVZ232190	MVZ232185	Sierra_2	Sierra_3	64.5534454164074	0.310327478960848
MVZ232190	MVZ232188	Sierra_2	Sierra_2	80.7238780262266	0.0793824792180505
MVZ232190	MVZ232189	Sierra_2	Sierra_2	15.6515994376005	0.0712537394615173
MVZ191515	MVZ191548	North_Coast	North_Coast	13.118045335649	0.116137684398748
MVZ191515	MVZ191565	North_Coast	North_Coast	12.9058253862421	0.114435202575798
MVZ191515	MVZ191579	North_Coast	North_Coast	12.9119444877732	0.115120274914089
MVZ191515	MVZ191607	North_Coast	North_Coast	2.52231570837632	0.119459555872648
MVZ191515	MVZ217992	North_Coast	North_Coast	18.8467505593821	0.121164823403496
MVZ191515	MVZ219009	North_Coast	North_Coast	18.5525931452262	0.1152845090648
MVZ191515	MVZ219014	North_Coast	North_Coast	18.0919319933089	0.117206754906436
MVZ191515	MVZ219015	North_Coast	North_Coast	18.5525931452262	0.116719672875965
MVZ191515	MVZ230716	North_Coast	North_Coast	26.185417879797	0.11656498428545
MVZ191515	MVZ231432	North_Coast	North_Coast	24.8281274256204	0.117844506940034
MVZ191515	MVZ240012	North_Coast	North_Coast	63.9855597181569	0.134404210908431
MVZ191515	MVZ240013	North_Coast	North_Coast	63.9855597181569	0.137464967001175
MVZ191515	MVZ196598	North_Coast	Sierra_3	300.842808228418	0.231008942281637
MVZ191515	MVZ200477	North_Coast	Sierra_3	298.246755334614	0.23506829747344
MVZ191515	MVZ200647	North_Coast	Sierra_3	295.836745014229	0.231660758112899
MVZ191515	MVZ217509	North_Coast	Sierra_3	272.944299687742	0.239512674044984
MVZ191515	MVZ217516	North_Coast	Sierra_3	259.591207699752	0.238967638405991
MVZ191515	MVZ217517	North_Coast	Sierra_3	259.591207699752	0.235391796068575
MVZ191515	MVZ217872	North_Coast	Sierra_3	278.39980603956	0.231351981351981
MVZ191515	MVZ218037	North_Coast	Sierra_3	283.590189090088	0.235462515655752
MVZ191515	MVZ218549	North_Coast	Sierra_3	295.996717610717	0.229982964224871
MVZ191515	MVZ219775	North_Coast	Sierra_3	288.464743228781	0.227034723498071
MVZ191515	MVZ220148	North_Coast	Sierra_3	314.387226967977	0.234545292120779
MVZ191515	MVZ222746	North_Coast	Sierra_3	270.818931153222	0.238101701049583
MVZ191515	MVZ222749	North_Coast	Sierra_3	271.010335582828	0.240549828178695
MVZ191515	MVZ222751	North_Coast	Sierra_3	268.49905277107	0.242964098863431
MVZ191515	MVZ222752	North_Coast	Sierra_3	268.097278439441	0.237229278991135
MVZ191515	MVZ222753	North_Coast	Sierra_3	268.097278439441	0.239460985158882
MVZ191515	MVZ222756	North_Coast	Sierra_3	272.970599190951	0.239023501548552
MVZ191515	MVZ222758	North_Coast	Sierra_3	272.970599190951	0.235280898876405
MVZ191515	MVZ223020	North_Coast	Sierra_3	409.781742428337	0.227064430391347
MVZ191515	MVZ223022	North_Coast	Sierra_3	339.381700854646	0.221578995350533
MVZ191515	MVZ223023	North_Coast	Sierra_3	406.096718881439	0.222158383606244
MVZ191515	MVZ228426	North_Coast	Sierra_3	266.256274733297	0.228677603552978
MVZ191515	MVZ228428	North_Coast	Sierra_3	351.196921945453	0.231043509658783
MVZ191515	MVZ232186	North_Coast	Sierra_3	214.601448128322	0.243006206710444
MVZ191515	MVZ240272	North_Coast	North	204.322501916822	0.197986882856622
MVZ191515	MVZ240328	North_Coast	North	162.819260848856	0.196351833226662
MVZ191515	MVZ240329	North_Coast	North	162.819260848856	0.192026669102201
MVZ191515	MVZ240330	North_Coast	North	162.819260848856	0.195828031267043
MVZ191515	MVZ241349	North_Coast	North_Coast	103.841509739542	0.167369838420108
MVZ191515	MVZ222480	North_Coast	Sierra_1	458.682518555857	0.335231586940015
MVZ191515	MVZ222490	North_Coast	Sierra_1	468.015124039106	0.335783401563081
MVZ191515	MVZ223094	North_Coast	Sierra_1	396.156125833249	0.342711832773423
MVZ191515	MVZ223095	North_Coast	Sierra_1	396.156125833249	0.339490090257746
MVZ191515	MVZ224618	North_Coast	Sierra_1	395.265903670836	0.341854218764472
MVZ191515	MVZ199508	North_Coast	Sierra_2	199.613956598597	0.318248509857862
MVZ191515	MVZ199509	North_Coast	Sierra_2	201.301128027681	0.314755154639176
MVZ191515	MVZ199510	North_Coast	Sierra_2	197.954803664179	0.320645161290323
MVZ191515	MVZ199511	North_Coast	Sierra_2	205.469617801094	0.318461538461538
MVZ191515	MVZ201003	North_Coast	Sierra_2	200.943447395151	0.321119100294985
MVZ191515	MVZ201307	North_Coast	Sierra_1	281.697576449739	0.350124320839856
MVZ191515	MVZ201308	North_Coast	Sierra_1	264.698815457754	0.346514434233732
MVZ191515	MVZ201309	North_Coast	Sierra_1	271.759404243691	0.347858197932053
MVZ191515	MVZ201312	North_Coast	Sierra_1	261.102168548174	0.347094095940959
MVZ191515	MVZ201314	North_Coast	Sierra_1	261.581242875923	0.34623924507355
MVZ191515	MVZ201318	North_Coast	Sierra_1	274.941614151773	0.347737952639823
MVZ191515	MVZ207124	North_Coast	Sierra_1	299.241917430662	0.346111213744688
MVZ191515	MVZ216205	North_Coast	Sierra_1	259.513999663045	0.347545814531725
MVZ191515	MVZ216215	North_Coast	Sierra_1	260.891000335653	0.344524602293747
MVZ191515	MVZ221740	North_Coast	Sierra_2	224.774968253454	0.310372315483447
MVZ191515	MVZ222747	North_Coast	Sierra_3	271.010335582828	0.235185185185185
MVZ191515	MVZ222750	North_Coast	Sierra_3	268.49905277107	0.23983073983074
MVZ191515	MVZ222754	North_Coast	Sierra_3	268.097278439441	0.236356156869915
MVZ191515	MVZ222755	North_Coast	Sierra_3	274.465138805581	0.235837046467219
MVZ191515	MVZ222757	North_Coast	Sierra_3	272.970599190951	0.235474425839509
MVZ191515	MVZ225827	North_Coast	Sierra_1	234.362148233657	0.3438231713028
MVZ191515	MVZ232185	North_Coast	Sierra_3	214.10190525416	0.235745414926458
MVZ191515	MVZ232188	North_Coast	Sierra_2	270.707620214012	0.315713081749227
MVZ191515	MVZ232189	North_Coast	Sierra_2	230.000444165693	0.315464013390366
MVZ191548	MVZ191565	North_Coast	North_Coast	0.817135902235646	0.111016797712652
MVZ191548	MVZ191579	North_Coast	North_Coast	0.996129979372564	0.113225456517809
MVZ191548	MVZ191607	North_Coast	North_Coast	15.6054653850856	0.120520591905866
MVZ191548	MVZ217992	North_Coast	North_Coast	31.6765697836337	0.123105047262351
MVZ191548	MVZ219009	North_Coast	North_Coast	30.5775076817344	0.118380901094956
MVZ191548	MVZ219014	North_Coast	North_Coast	29.8465074729081	0.122638926909389
MVZ191548	MVZ219015	North_Coast	North_Coast	30.5775076817344	0.119101633393829
MVZ191548	MVZ230716	North_Coast	North_Coast	36.5143357229694	0.120012929442187
MVZ191548	MVZ231432	North_Coast	North_Coast	28.2952338731637	0.11856650960493
MVZ191548	MVZ240012	North_Coast	North_Coast	58.815708907114	0.135053041980234
MVZ191548	MVZ240013	North_Coast	North_Coast	58.815708907114	0.13913475433526
MVZ191548	MVZ196598	North_Coast	Sierra_3	294.510904389847	0.228040083054979
MVZ191548	MVZ200477	North_Coast	Sierra_3	292.445030359825	0.235296742525658
MVZ191548	MVZ200647	North_Coast	Sierra_3	289.853428330634	0.229308621786136
MVZ191548	MVZ217509	North_Coast	Sierra_3	273.123721015425	0.237128580351566
MVZ191548	MVZ217516	North_Coast	Sierra_3	256.414806131616	0.234515640317262
MVZ191548	MVZ217517	North_Coast	Sierra_3	256.414806131616	0.23344697649381
MVZ191548	MVZ217872	North_Coast	Sierra_3	272.212763888846	0.231258396775639
MVZ191548	MVZ218037	North_Coast	Sierra_3	277.658433876138	0.233550867155373
MVZ191548	MVZ218549	North_Coast	Sierra_3	290.188659311588	0.229807261317794
MVZ191548	MVZ219775	North_Coast	Sierra_3	282.474569225401	0.226688102893891
MVZ191548	MVZ220148	North_Coast	Sierra_3	308.787522143636	0.232482370793537
MVZ191548	MVZ222746	North_Coast	Sierra_3	271.733364615395	0.239441078050104
MVZ191548	MVZ222749	North_Coast	Sierra_3	271.916890354497	0.237503389677303
MVZ191548	MVZ222751	North_Coast	Sierra_3	269.408809129833	0.242207207207207
MVZ191548	MVZ222752	North_Coast	Sierra_3	269.167383116177	0.234700401899891
MVZ191548	MVZ222753	North_Coast	Sierra_3	269.167383116177	0.234777464275963
MVZ191548	MVZ222756	North_Coast	Sierra_3	274.127599685816	0.238207976689129
MVZ191548	MVZ222758	North_Coast	Sierra_3	274.127599685816	0.236993440560698
MVZ191548	MVZ223020	North_Coast	Sierra_3	403.262573572001	0.224017947074444
MVZ191548	MVZ223022	North_Coast	Sierra_3	330.080690847621	0.219715613891167
MVZ191548	MVZ223023	North_Coast	Sierra_3	398.067401439966	0.220674135784736
MVZ191548	MVZ228426	North_Coast	Sierra_3	260.104397551516	0.225341907435921
MVZ191548	MVZ228428	North_Coast	Sierra_3	343.09935296053	0.22509474824039
MVZ191548	MVZ232186	North_Coast	Sierra_3	213.233331310996	0.237953973390867
MVZ191548	MVZ240272	North_Coast	North	192.002208678016	0.195600692230622
MVZ191548	MVZ240328	North_Coast	North	150.272339972841	0.194383561643836
MVZ191548	MVZ240329	North_Coast	North	150.272339972841	0.191886465273341
MVZ191548	MVZ240330	North_Coast	North	150.272339972841	0.19742937596512
MVZ191548	MVZ241349	North_Coast	North_Coast	90.7434372243823	0.168938918288636
MVZ191548	MVZ222480	North_Coast	Sierra_1	470.707436762361	0.329493742889648
MVZ191548	MVZ222490	North_Coast	Sierra_1	480.333577547317	0.329537002603199
MVZ191548	MVZ223094	North_Coast	Sierra_1	408.106327815162	0.335151006711409
MVZ191548	MVZ223095	North_Coast	Sierra_1	408.106327815162	0.331831273808417
MVZ191548	MVZ224618	North_Coast	Sierra_1	406.520574890235	0.33489082161362
MVZ191548	MVZ199508	North_Coast	Sierra_2	207.94977802901	0.313290559120073
MVZ191548	MVZ199509	North_Coast	Sierra_2	207.246980867331	0.310430463576159
MVZ191548	MVZ199510	North_Coast	Sierra_2	204.159505200372	0.316005157012616
MVZ191548	MVZ199511	North_Coast	Sierra_2	211.748473355043	0.312802832650019
MVZ191548	MVZ201003	North_Coast	Sierra_2	207.471873173584	0.315840398083302
MVZ191548	MVZ201307	North_Coast	Sierra_1	291.155472047611	0.342974066580834
MVZ191548	MVZ201308	North_Coast	Sierra_1	274.136375493747	0.339836870887015
MVZ191548	MVZ201309	North_Coast	Sierra_1	280.963038449211	0.340955190853772
MVZ191548	MVZ201312	North_Coast	Sierra_1	270.431696806313	0.339461800755691
MVZ191548	MVZ201314	North_Coast	Sierra_1	271.070580749128	0.338554662230847
MVZ191548	MVZ201318	North_Coast	Sierra_1	284.726500007317	0.340235597275906
MVZ191548	MVZ207124	North_Coast	Sierra_1	308.585497170433	0.340758162700608
MVZ191548	MVZ216205	North_Coast	Sierra_1	268.954330821106	0.340294388224471
MVZ191548	MVZ216215	North_Coast	Sierra_1	271.011555802506	0.334641669745105
MVZ191548	MVZ221740	North_Coast	Sierra_2	225.489821631824	0.304525014052839
MVZ191548	MVZ222747	North_Coast	Sierra_3	271.916890354497	0.235575620767495
MVZ191548	MVZ222750	North_Coast	Sierra_3	269.408809129833	0.236846896049517
MVZ191548	MVZ222754	North_Coast	Sierra_3	269.167383116177	0.236397662954172
MVZ191548	MVZ222755	North_Coast	Sierra_3	275.594052426919	0.235708443151867
MVZ191548	MVZ222757	North_Coast	Sierra_3	274.127599685816	0.232799634034767
MVZ191548	MVZ225827	North_Coast	Sierra_1	243.795173231512	0.337322363500374
MVZ191548	MVZ232185	North_Coast	Sierra_3	212.985303743511	0.231467198983759
MVZ191548	MVZ232188	North_Coast	Sierra_2	276.475997363543	0.311359595770562
MVZ191548	MVZ232189	North_Coast	Sierra_2	232.569605718448	0.309028422812558
MVZ191565	MVZ191579	North_Coast	North_Coast	0.183992922921932	0.106290672451193
MVZ191565	MVZ191607	North_Coast	North_Coast	15.366314418384	0.11484319315752
MVZ191565	MVZ217992	North_Coast	North_Coast	31.5796732870029	0.123840528005708
MVZ191565	MVZ219009	North_Coast	North_Coast	30.6060957023434	0.116140319397093
MVZ191565	MVZ219014	North_Coast	North_Coast	29.9042542198313	0.117405582922824
MVZ191565	MVZ219015	North_Coast	North_Coast	30.6060957023434	0.11763370562063
MVZ191565	MVZ230716	North_Coast	North_Coast	36.7258763211447	0.1165958625785
MVZ191565	MVZ231432	North_Coast	North_Coast	28.8742208152535	0.119153372008702
MVZ191565	MVZ240012	North_Coast	North_Coast	59.6327899503602	0.133762582751428
MVZ191565	MVZ240013	North_Coast	North_Coast	59.6327899503602	0.136084522304497
MVZ191565	MVZ196598	North_Coast	Sierra_3	295.313158784209	0.229821235102925
MVZ191565	MVZ200477	North_Coast	Sierra_3	293.253591692588	0.235874319378738
MVZ191565	MVZ200647	North_Coast	Sierra_3	290.660068788701	0.229077691958201
MVZ191565	MVZ217509	North_Coast	Sierra_3	273.896732911259	0.238624197002141
MVZ191565	MVZ217516	North_Coast	Sierra_3	257.229767393015	0.234853884533143
MVZ191565	MVZ217517	North_Coast	Sierra_3	257.229767393015	0.232818948501705
MVZ191565	MVZ217872	North_Coast	Sierra_3	273.017155265359	0.231696388565284
MVZ191565	MVZ218037	North_Coast	Sierra_3	278.465759692915	0.232051855163165
MVZ191565	MVZ218549	North_Coast	Sierra_3	290.997174925406	0.228824952944339
MVZ191565	MVZ219775	North_Coast	Sierra_3	283.281200969193	0.228087100330761
MVZ191565	MVZ220148	North_Coast	Sierra_3	309.597887066488	0.233148825997679
MVZ191565	MVZ222746	North_Coast	Sierra_3	272.490311794621	0.236371033360455
MVZ191565	MVZ222749	North_Coast	Sierra_3	272.674027079995	0.240667088493175
MVZ191565	MVZ222751	North_Coast	Sierra_3	270.165803477846	0.243510005408328
MVZ191565	MVZ222752	North_Coast	Sierra_3	269.92055357922	0.235887833394228
MVZ191565	MVZ222753	North_Coast	Sierra_3	269.92055357922	0.23723491398926
MVZ191565	MVZ222756	North_Coast	Sierra_3	274.878791364449	0.236389293517844
MVZ191565	MVZ222758	North_Coast	Sierra_3	274.878791364449	0.238277039166367
MVZ191565	MVZ223020	North_Coast	Sierra_3	404.06125805841	0.223915431081824
MVZ191565	MVZ223022	North_Coast	Sierra_3	330.805217839301	0.219382176052487
MVZ191565	MVZ223023	North_Coast	Sierra_3	398.834304803514	0.216966679433167
MVZ191565	MVZ228426	North_Coast	Sierra_3	260.909365758688	0.228293345405161
MVZ191565	MVZ228428	North_Coast	Sierra_3	343.864966526842	0.224668411080033
MVZ191565	MVZ232186	North_Coast	Sierra_3	214.031026926369	0.240357817135665
MVZ191565	MVZ240272	North_Coast	North	192.501074970781	0.197267759562842
MVZ191565	MVZ240328	North_Coast	North	150.736296040729	0.191387341309708
MVZ191565	MVZ240329	North_Coast	North	150.736296040729	0.190021909804638
MVZ191565	MVZ240330	North_Coast	North	150.736296040729	0.191157760814249
MVZ191565	MVZ241349	North_Coast	North_Coast	91.0283742728244	0.164005024223937
MVZ191565	MVZ222480	North_Coast	Sierra_1	470.799956426481	0.339336492890995
MVZ191565	MVZ222490	North_Coast	Sierra_1	480.377807054464	0.339194343659874
MVZ191565	MVZ223094	North_Coast	Sierra_1	408.209461131675	0.345006061736454
MVZ191565	MVZ223095	North_Coast	Sierra_1	408.209461131675	0.341875174402381
MVZ191565	MVZ224618	North_Coast	Sierra_1	406.71420302384	0.34399888868309
MVZ191565	MVZ199508	North_Coast	Sierra_2	208.388210024117	0.319897398314401
MVZ191565	MVZ199509	North_Coast	Sierra_2	207.821912082676	0.316053357865685
MVZ191565	MVZ199510	North_Coast	Sierra_2	204.721333282156	0.322264185703758
MVZ191565	MVZ199511	North_Coast	Sierra_2	212.307120045991	0.318902041196756
MVZ191565	MVZ201003	North_Coast	Sierra_2	208.017278119702	0.322475119793586
MVZ191565	MVZ201307	North_Coast	Sierra_1	291.516901590009	0.351136259085473
MVZ191565	MVZ201308	North_Coast	Sierra_1	274.498747716992	0.34683849434452
MVZ191565	MVZ201309	North_Coast	Sierra_1	281.343812185723	0.349266402140814
MVZ191565	MVZ201312	North_Coast	Sierra_1	270.802365109472	0.346745943952803
MVZ191565	MVZ201314	North_Coast	Sierra_1	271.428719106058	0.347725591715976
MVZ191565	MVZ201318	North_Coast	Sierra_1	285.061044038605	0.349645520670288
MVZ191565	MVZ207124	North_Coast	Sierra_1	308.956512222425	0.347832103321033
MVZ191565	MVZ216205	North_Coast	Sierra_1	269.316264382123	0.349176405631729
MVZ191565	MVZ216215	North_Coast	Sierra_1	271.3165718946	0.345080831408776
MVZ191565	MVZ221740	North_Coast	Sierra_2	226.249919864575	0.312488289301106
MVZ191565	MVZ222747	North_Coast	Sierra_3	272.674027079995	0.236982221821135
MVZ191565	MVZ222750	North_Coast	Sierra_3	270.165803477846	0.237009737009737
MVZ191565	MVZ222754	North_Coast	Sierra_3	269.92055357922	0.238812785388128
MVZ191565	MVZ222755	North_Coast	Sierra_3	276.345971036181	0.238346206269877
MVZ191565	MVZ222757	North_Coast	Sierra_3	274.878791364449	0.232556012802926
MVZ191565	MVZ225827	North_Coast	Sierra_1	244.156480706041	0.346758349705305
MVZ191565	MVZ232185	North_Coast	Sierra_3	213.779426771585	0.235851623435516
MVZ191565	MVZ232188	North_Coast	Sierra_2	277.063420476941	0.316660433807031
MVZ191565	MVZ232189	North_Coast	Sierra_2	233.279983655981	0.317109418539848
MVZ191579	MVZ191607	North_Coast	North_Coast	15.3649732059815	0.121698368340395
MVZ191579	MVZ217992	North_Coast	North_Coast	31.608126552542	0.121164259927797
MVZ191579	MVZ219009	North_Coast	North_Coast	30.6621562090594	0.117241379310345
MVZ191579	MVZ219014	North_Coast	North_Coast	29.9665958786895	0.117315857485693
MVZ191579	MVZ219015	North_Coast	North_Coast	30.6621562090594	0.119788797061525
MVZ191579	MVZ230716	North_Coast	North_Coast	36.8193972112558	0.115992148798953
MVZ191579	MVZ231432	North_Coast	North_Coast	29.0344991499312	0.118877270225647
MVZ191579	MVZ240012	North_Coast	North_Coast	59.8101410043641	0.135546588407923
MVZ191579	MVZ240013	North_Coast	North_Coast	59.8101410043641	0.134268995154064
MVZ191579	MVZ196598	North_Coast	Sierra_3	295.47890225263	0.222831050228311
MVZ191579	MVZ200477	North_Coast	Sierra_3	293.422838646494	0.229234380642831
MVZ191579	MVZ200647	North_Coast	Sierra_3	290.828182495018	0.221875286986868
MVZ191579	MVZ217509	North_Coast	Sierra_3	274.080259585609	0.231846098265895
MVZ191579	MVZ217516	North_Coast	Sierra_3	257.410604099603	0.229288740647254
MVZ191579	MVZ217517	North_Coast	Sierra_3	257.410604099603	0.22718199963709
MVZ191579	MVZ217872	North_Coast	Sierra_3	273.184024293851	0.22457857531267
MVZ191579	MVZ218037	North_Coast	Sierra_3	278.634270600279	0.22568533429838
MVZ191579	MVZ218549	North_Coast	Sierra_3	291.166394185005	0.223848803480783
MVZ191579	MVZ219775	North_Coast	Sierra_3	283.449310382206	0.222242869088544
MVZ191579	MVZ220148	North_Coast	Sierra_3	309.768276069532	0.226989431848975
MVZ191579	MVZ222746	North_Coast	Sierra_3	272.672818378171	0.232257179440278
MVZ191579	MVZ222749	North_Coast	Sierra_3	272.856547978354	0.233592321755028
MVZ191579	MVZ222751	North_Coast	Sierra_3	270.348313752448	0.234454777534647
MVZ191579	MVZ222752	North_Coast	Sierra_3	270.102765325243	0.229674796747967
MVZ191579	MVZ222753	North_Coast	Sierra_3	270.102765325243	0.231339162448228
MVZ191579	MVZ222756	North_Coast	Sierra_3	275.060841292545	0.234337571402248
MVZ191579	MVZ222758	North_Coast	Sierra_3	275.060841292545	0.230891575024993
MVZ191579	MVZ223020	North_Coast	Sierra_3	404.225216125326	0.218735536425067
MVZ191579	MVZ223022	North_Coast	Sierra_3	330.94129344875	0.215523598820059
MVZ191579	MVZ223023	North_Coast	Sierra_3	398.985073353423	0.214078233927188
MVZ191579	MVZ228426	North_Coast	Sierra_3	261.076548874976	0.220333547145606
MVZ191579	MVZ228428	North_Coast	Sierra_3	344.015263163287	0.221664537324329
MVZ191579	MVZ232186	North_Coast	Sierra_3	214.214870884293	0.235657787071551
MVZ191579	MVZ240272	North_Coast	North	192.572794371307	0.193643482266236
MVZ191579	MVZ240328	North_Coast	North	150.799076297634	0.188885809312639
MVZ191579	MVZ240329	North_Coast	North	150.799076297634	0.187730797636632
MVZ191579	MVZ240330	North_Coast	North	150.799076297634	0.189981617647059
MVZ191579	MVZ241349	North_Coast	North_Coast	91.047289927588	0.159736722650931
MVZ191579	MVZ222480	North_Coast	Sierra_1	470.866992137754	0.32713505223809
MVZ191579	MVZ222490	North_Coast	Sierra_1	480.43456539598	0.327659174268786
MVZ191579	MVZ223094	North_Coast	Sierra_1	408.278759655645	0.332500706946932
MVZ191579	MVZ223095	North_Coast	Sierra_1	408.278759655645	0.329270588235294
MVZ191579	MVZ224618	North_Coast	Sierra_1	406.802223423704	0.332006742204326
MVZ191579	MVZ199508	North_Coast	Sierra_2	208.523574440627	0.308480074142724
MVZ191579	MVZ199509	North_Coast	Sierra_2	207.980632588297	0.30523769652991
MVZ191579	MVZ199510	North_Coast	Sierra_2	204.877943283993	0.311486864169927
MVZ191579	MVZ199511	North_Coast	Sierra_2	212.463206310354	0.307406011495336
MVZ191579	MVZ201003	North_Coast	Sierra_2	208.17119270681	0.311143203205068
MVZ191579	MVZ201307	North_Coast	Sierra_1	291.637958169489	0.340143335815339
MVZ191579	MVZ201308	North_Coast	Sierra_1	274.619995162927	0.335631213655975
MVZ191579	MVZ201309	North_Coast	Sierra_1	281.4685116751	0.337750816612226
MVZ191579	MVZ201312	North_Coast	Sierra_1	270.925178341258	0.335603657398768
MVZ191579	MVZ201314	North_Coast	Sierra_1	271.549168851212	0.335561997381709
MVZ191579	MVZ201318	North_Coast	Sierra_1	285.176991669534	0.338036695538791
MVZ191579	MVZ207124	North_Coast	Sierra_1	309.07936358474	0.336150541651102
MVZ191579	MVZ216205	North_Coast	Sierra_1	269.437433233505	0.338220236433026
MVZ191579	MVZ216215	North_Coast	Sierra_1	271.426837397677	0.333161977754931
MVZ191579	MVZ221740	North_Coast	Sierra_2	226.432660860702	0.299261083743842
MVZ191579	MVZ222747	North_Coast	Sierra_3	272.856547978354	0.231162663256919
MVZ191579	MVZ222750	North_Coast	Sierra_3	270.348313752448	0.231986748872734
MVZ191579	MVZ222754	North_Coast	Sierra_3	270.102765325243	0.233650471088121
MVZ191579	MVZ222755	North_Coast	Sierra_3	276.52808074984	0.230108416023521
MVZ191579	MVZ222757	North_Coast	Sierra_3	275.060841292545	0.2295772041817
MVZ191579	MVZ225827	North_Coast	Sierra_1	244.277554435607	0.333822415751609
MVZ191579	MVZ232185	North_Coast	Sierra_3	213.963379267912	0.228044415894283
MVZ191579	MVZ232188	North_Coast	Sierra_2	277.224088431514	0.305148102583515
MVZ191579	MVZ232189	North_Coast	Sierra_2	233.457908858526	0.304439647080909
MVZ191607	MVZ217992	North_Coast	North_Coast	16.6180797148496	0.119405641071269
MVZ191607	MVZ219009	North_Coast	North_Coast	16.7334376482833	0.120144979416503
MVZ191607	MVZ219014	North_Coast	North_Coast	16.4010186884339	0.120710059171598
MVZ191607	MVZ219015	North_Coast	North_Coast	16.7334376482833	0.117034757422158
MVZ191607	MVZ230716	North_Coast	North_Coast	24.8866187711592	0.12060070020269
MVZ191607	MVZ231432	North_Coast	North_Coast	25.3603611978649	0.121168279229587
MVZ191607	MVZ240012	North_Coast	North_Coast	65.6070438491444	0.139097404359229
MVZ191607	MVZ240013	North_Coast	North_Coast	65.6070438491444	0.140881239863039
MVZ191607	MVZ196598	North_Coast	Sierra_3	302.482842610215	0.224842484248425
MVZ191607	MVZ200477	North_Coast	Sierra_3	299.79928470176	0.232772435897436
MVZ191607	MVZ200647	North_Coast	Sierra_3	297.419881066599	0.228908019936565
MVZ191607	MVZ217509	North_Coast	Sierra_3	273.437099160729	0.237029456260567
MVZ191607	MVZ217516	North_Coast	Sierra_3	260.700318507095	0.234337509997334
MVZ191607	MVZ217517	North_Coast	Sierra_3	260.700318507095	0.230218403150734
MVZ191607	MVZ217872	North_Coast	Sierra_3	280.019470870817	0.227309272824728
MVZ191607	MVZ218037	North_Coast	Sierra_3	285.166734108084	0.2306766515111
MVZ191607	MVZ218549	North_Coast	Sierra_3	297.550654352646	0.229531641043976
MVZ191607	MVZ219775	North_Coast	Sierra_3	290.050181199491	0.224695429147202
MVZ191607	MVZ220148	North_Coast	Sierra_3	315.903529259244	0.232745569507525
MVZ191607	MVZ222746	North_Coast	Sierra_3	271.172774391377	0.240643881323835
MVZ191607	MVZ222749	North_Coast	Sierra_3	271.365633589127	0.23868349864743
MVZ191607	MVZ222751	North_Coast	Sierra_3	268.854409673273	0.238223660553758
MVZ191607	MVZ222752	North_Coast	Sierra_3	268.422060721187	0.234380692167577
MVZ191607	MVZ222753	North_Coast	Sierra_3	268.422060721187	0.237319662462571
MVZ191607	MVZ222756	North_Coast	Sierra_3	273.277420043336	0.238095238095238
MVZ191607	MVZ222758	North_Coast	Sierra_3	273.277420043336	0.235510167517692
MVZ191607	MVZ223020	North_Coast	Sierra_3	411.441337205368	0.22130923034785
MVZ191607	MVZ223022	North_Coast	Sierra_3	341.484384144505	0.219314981375488
MVZ191607	MVZ223023	North_Coast	Sierra_3	408.000517333545	0.22043370271303
MVZ191607	MVZ228426	North_Coast	Sierra_3	267.872301703411	0.226196928635953
MVZ191607	MVZ228428	North_Coast	Sierra_3	353.115265115244	0.226262262622626
MVZ191607	MVZ232186	North_Coast	Sierra_3	215.400313288695	0.237851891698045
MVZ191607	MVZ240272	North_Coast	North	206.813948299858	0.194298165970584
MVZ191607	MVZ240328	North_Coast	North	165.328566189728	0.19568981228358
MVZ191607	MVZ240329	North_Coast	North	165.328566189728	0.189116575591985
MVZ191607	MVZ240330	North_Coast	North	165.328566189728	0.195585169068988
MVZ191607	MVZ241349	North_Coast	North_Coast	106.342983268846	0.170187058086458
MVZ191607	MVZ222480	North_Coast	Sierra_1	456.600945418045	0.337037737633596
MVZ191607	MVZ222490	North_Coast	Sierra_1	465.850273936096	0.338015762633286
MVZ191607	MVZ223094	North_Coast	Sierra_1	394.096756718229	0.342851827736955
MVZ191607	MVZ223095	North_Coast	Sierra_1	394.096756718229	0.339393377237732
MVZ191607	MVZ224618	North_Coast	Sierra_1	393.389520365351	0.342246236261199
MVZ191607	MVZ199508	North_Coast	Sierra_2	198.457983943327	0.320060345615799
MVZ191607	MVZ199509	North_Coast	Sierra_2	200.667954629933	0.316579454695676
MVZ191607	MVZ199510	North_Coast	Sierra_2	197.267921881249	0.3237915824297
MVZ191607	MVZ199511	North_Coast	Sierra_2	204.76378646302	0.32042940793754
MVZ191607	MVZ201003	North_Coast	Sierra_2	200.185873519782	0.323069852941177
MVZ191607	MVZ201307	North_Coast	Sierra_1	280.265548903137	0.349637514912361
MVZ191607	MVZ201308	North_Coast	Sierra_1	263.27414879974	0.346246301775148
MVZ191607	MVZ201309	North_Coast	Sierra_1	270.387851153847	0.34919028340081
MVZ191607	MVZ201312	North_Coast	Sierra_1	259.703247460657	0.345796541574688
MVZ191607	MVZ201314	North_Coast	Sierra_1	260.145006509273	0.346334716459198
MVZ191607	MVZ201318	North_Coast	Sierra_1	273.433883200011	0.34843893480257
MVZ191607	MVZ207124	North_Coast	Sierra_1	297.834008665514	0.346465390279823
MVZ191607	MVZ216205	North_Coast	Sierra_1	258.08955667639	0.348177394178679
MVZ191607	MVZ216215	North_Coast	Sierra_1	259.305346810469	0.343732718894009
MVZ191607	MVZ221740	North_Coast	Sierra_2	225.181542970837	0.311086184333521
MVZ191607	MVZ222747	North_Coast	Sierra_3	271.365633589127	0.233684400036007
MVZ191607	MVZ222750	North_Coast	Sierra_3	268.854409673273	0.235617059891107
MVZ191607	MVZ222754	North_Coast	Sierra_3	268.422060721187	0.236379373177843
MVZ191607	MVZ222755	North_Coast	Sierra_3	274.776961318149	0.236968543196446
MVZ191607	MVZ222757	North_Coast	Sierra_3	273.277420043336	0.230257158489878
MVZ191607	MVZ225827	North_Coast	Sierra_1	232.94418325361	0.344721366563987
MVZ191607	MVZ232185	North_Coast	Sierra_3	214.854945583872	0.234977375565611
MVZ191607	MVZ232188	North_Coast	Sierra_2	270.090031202391	0.316943459600672
MVZ191607	MVZ232189	North_Coast	Sierra_2	230.04588080505	0.31615534340532
MVZ217992	MVZ219009	North_Coast	North_Coast	4.8920073622453	0.116809881847476
MVZ217992	MVZ219014	North_Coast	North_Coast	6.07735999225693	0.116988346686089
MVZ217992	MVZ219015	North_Coast	North_Coast	4.8920073622453	0.117098351747872
MVZ217992	MVZ230716	North_Coast	North_Coast	13.8126263605352	0.116235142356952
MVZ217992	MVZ231432	North_Coast	North_Coast	26.5027725052533	0.118024780681921
MVZ217992	MVZ240012	North_Coast	North_Coast	70.6750660870002	0.141015200868621
MVZ217992	MVZ240013	North_Coast	North_Coast	70.6750660870002	0.142155094679891
MVZ217992	MVZ196598	North_Coast	Sierra_3	306.044473602099	0.231393043791674
MVZ217992	MVZ200477	North_Coast	Sierra_3	302.640545453404	0.234078560612809
MVZ217992	MVZ200647	North_Coast	Sierra_3	300.516387198684	0.231682988755895
MVZ217992	MVZ217509	North_Coast	Sierra_3	268.663104126447	0.238826566951568
MVZ217992	MVZ217516	North_Coast	Sierra_3	260.197301973684	0.240263204695003
MVZ217992	MVZ217517	North_Coast	Sierra_3	260.197301973684	0.234796238244515
MVZ217992	MVZ217872	North_Coast	Sierra_3	283.449500309755	0.232495752481445
MVZ217992	MVZ218037	North_Coast	Sierra_3	288.230345424462	0.233922040852734
MVZ217992	MVZ218549	North_Coast	Sierra_3	300.40717841527	0.2328473029788
MVZ217992	MVZ219775	North_Coast	Sierra_3	293.178310256734	0.22846012832264
MVZ217992	MVZ220148	North_Coast	Sierra_3	318.424648444939	0.235181388715572
MVZ217992	MVZ222746	North_Coast	Sierra_3	265.514049694779	0.241313960833859
MVZ217992	MVZ222749	North_Coast	Sierra_3	265.715719834627	0.240391555395165
MVZ217992	MVZ222751	North_Coast	Sierra_3	263.209843615266	0.246537769784172
MVZ217992	MVZ222752	North_Coast	Sierra_3	262.585710207848	0.241775266563383
MVZ217992	MVZ222753	North_Coast	Sierra_3	262.585710207848	0.239081085989286
MVZ217992	MVZ222756	North_Coast	Sierra_3	267.318962293335	0.241321337695384
MVZ217992	MVZ222758	North_Coast	Sierra_3	267.318962293335	0.238993992647718
MVZ217992	MVZ223020	North_Coast	Sierra_3	415.040308878955	0.226932212680431
MVZ217992	MVZ223022	North_Coast	Sierra_3	349.265442262903	0.222010004547522
MVZ217992	MVZ223023	North_Coast	Sierra_3	413.77037741069	0.222471802714586
MVZ217992	MVZ228426	North_Coast	Sierra_3	271.29575283618	0.22841515233704
MVZ217992	MVZ228428	North_Coast	Sierra_3	359.071351986423	0.229896443043674
MVZ217992	MVZ232186	North_Coast	Sierra_3	212.822914200117	0.242712350883488
MVZ217992	MVZ240272	North_Coast	North	220.009196586768	0.200081795873854
MVZ217992	MVZ240328	North_Coast	North	179.090807981765	0.19340869723767
MVZ217992	MVZ240329	North_Coast	North	179.090807981765	0.192069562050441
MVZ217992	MVZ240330	North_Coast	North	179.090807981765	0.198214123832835
MVZ217992	MVZ241349	North_Coast	North_Coast	121.851242462839	0.169980297331184
MVZ217992	MVZ222480	North_Coast	Sierra_1	440.037901617101	0.335289663006436
MVZ217992	MVZ222490	North_Coast	Sierra_1	449.235145429639	0.33673658808242
MVZ217992	MVZ223094	North_Coast	Sierra_1	377.557918330364	0.343305108402345
MVZ217992	MVZ223095	North_Coast	Sierra_1	377.557918330364	0.339736451373423
MVZ217992	MVZ224618	North_Coast	Sierra_1	377.160621040497	0.343111891342512
MVZ217992	MVZ199508	North_Coast	Sierra_2	184.768269205269	0.323088181485547
MVZ217992	MVZ199509	North_Coast	Sierra_2	189.482528865823	0.319667615462309
MVZ217992	MVZ199510	North_Coast	Sierra_2	185.813838798465	0.325657289943004
MVZ217992	MVZ199511	North_Coast	Sierra_2	193.196174474667	0.322621151520789
MVZ217992	MVZ201003	North_Coast	Sierra_2	188.367064785391	0.324747010119596
MVZ217992	MVZ201307	North_Coast	Sierra_1	265.39233854118	0.350367309458218
MVZ217992	MVZ201308	North_Coast	Sierra_1	248.436723239143	0.346727154893065
MVZ217992	MVZ201309	North_Coast	Sierra_1	255.746716779655	0.348762307904666
MVZ217992	MVZ201312	North_Coast	Sierra_1	244.964212026574	0.346999815939628
MVZ217992	MVZ201314	North_Coast	Sierra_1	245.266493819236	0.347094095940959
MVZ217992	MVZ201318	North_Coast	Sierra_1	258.292196559992	0.349264705882353
MVZ217992	MVZ207124	North_Coast	Sierra_1	283.042102403715	0.346589339961337
MVZ217992	MVZ216205	North_Coast	Sierra_1	243.255841980139	0.347905951506245
MVZ217992	MVZ216215	North_Coast	Sierra_1	243.905022529929	0.345058085930297
MVZ217992	MVZ221740	North_Coast	Sierra_2	219.968126677549	0.314780168381665
MVZ217992	MVZ222747	North_Coast	Sierra_3	265.715719834627	0.238361098604232
MVZ217992	MVZ222750	North_Coast	Sierra_3	263.209843615266	0.239100817438692
MVZ217992	MVZ222754	North_Coast	Sierra_3	262.585710207848	0.240431930016402
MVZ217992	MVZ222755	North_Coast	Sierra_3	268.846969963708	0.23972602739726
MVZ217992	MVZ222757	North_Coast	Sierra_3	267.318962293335	0.23616943582253
MVZ217992	MVZ225827	North_Coast	Sierra_1	218.150696888243	0.344885567491825
MVZ217992	MVZ232185	North_Coast	Sierra_3	211.965192135753	0.236723061612232
MVZ217992	MVZ232188	North_Coast	Sierra_2	258.863840071826	0.318326172239865
MVZ217992	MVZ232189	North_Coast	Sierra_2	222.582916683544	0.318839236046727
MVZ219009	MVZ219014	North_Coast	North_Coast	1.29629106194798	0.111813186813187
MVZ219009	MVZ219015	North_Coast	North_Coast	0	0.114624145785877
MVZ219009	MVZ230716	North_Coast	North_Coast	9.68291175449972	0.113986273418661
MVZ219009	MVZ231432	North_Coast	North_Coast	21.8219863493922	0.117912077910257
MVZ219009	MVZ240012	North_Coast	North_Coast	66.0179485633027	0.139768796650282
MVZ219009	MVZ240013	North_Coast	North_Coast	66.0179485633027	0.137402503174316
MVZ219009	MVZ196598	North_Coast	Sierra_3	301.187466635297	0.232828923523015
MVZ219009	MVZ200477	North_Coast	Sierra_3	297.762543232465	0.235460166681602
MVZ219009	MVZ200647	North_Coast	Sierra_3	295.644867247866	0.230941090643807
MVZ219009	MVZ217509	North_Coast	Sierra_3	264.136980114543	0.239095387371249
MVZ219009	MVZ217516	North_Coast	Sierra_3	255.342486191768	0.236764442854588
MVZ219009	MVZ217517	North_Coast	Sierra_3	255.342486191768	0.235008103727715
MVZ219009	MVZ217872	North_Coast	Sierra_3	278.589132280846	0.232332314331954
MVZ219009	MVZ218037	North_Coast	Sierra_3	283.35846305572	0.235193826274229
MVZ219009	MVZ218549	North_Coast	Sierra_3	295.529602706201	0.232805185451927
MVZ219009	MVZ219775	North_Coast	Sierra_3	288.307993907015	0.228102526276968
MVZ219009	MVZ220148	North_Coast	Sierra_3	313.539958217905	0.233419967736153
MVZ219009	MVZ222746	North_Coast	Sierra_3	261.100666479766	0.242398112008713
MVZ219009	MVZ222749	North_Coast	Sierra_3	261.301164762641	0.241676494602195
MVZ219009	MVZ222751	North_Coast	Sierra_3	258.79404535115	0.243211440984793
MVZ219009	MVZ222752	North_Coast	Sierra_3	258.196532896187	0.236793837123991
MVZ219009	MVZ222753	North_Coast	Sierra_3	258.196532896187	0.239221775666788
MVZ219009	MVZ222756	North_Coast	Sierra_3	262.948227467692	0.242712236132687
MVZ219009	MVZ222758	North_Coast	Sierra_3	262.948227467692	0.238973572652657
MVZ219009	MVZ223020	North_Coast	Sierra_3	410.180442332896	0.22491730981257
MVZ219009	MVZ223022	North_Coast	Sierra_3	344.735614428463	0.221617418351477
MVZ219009	MVZ223023	North_Coast	Sierra_3	409.03177165325	0.220670122887865
MVZ219009	MVZ228426	North_Coast	Sierra_3	266.435911905892	0.226909090909092
MVZ219009	MVZ228428	North_Coast	Sierra_3	354.351640496255	0.231455484104701
MVZ219009	MVZ232186	North_Coast	Sierra_3	208.075703431573	0.243344463496075
MVZ219009	MVZ240272	North_Coast	North	216.689935011351	0.197102641440453
MVZ219009	MVZ240328	North_Coast	North	176.008394120363	0.191002476382647
MVZ219009	MVZ240329	North_Coast	North	176.008394120363	0.188599706744868
MVZ219009	MVZ240330	North_Coast	North	176.008394120363	0.191970802919708
MVZ219009	MVZ241349	North_Coast	North_Coast	119.732776737989	0.16561571029637
MVZ219009	MVZ222480	North_Coast	Sierra_1	440.26509633188	0.339516742770167
MVZ219009	MVZ222490	North_Coast	Sierra_1	449.772437178197	0.339367360268732
MVZ219009	MVZ223094	North_Coast	Sierra_1	377.707070346725	0.345970233080595
MVZ219009	MVZ223095	North_Coast	Sierra_1	377.707070346725	0.342694532562045
MVZ219009	MVZ224618	North_Coast	Sierra_1	376.714917950692	0.345260223048327
MVZ219009	MVZ199508	North_Coast	Sierra_2	182.45633456952	0.320719146588192
MVZ219009	MVZ199509	North_Coast	Sierra_2	186.21696114637	0.317682363804247
MVZ219009	MVZ199510	North_Coast	Sierra_2	182.63112663196	0.324274357552228
MVZ219009	MVZ199511	North_Coast	Sierra_2	190.053242890868	0.320022444589919
MVZ219009	MVZ201003	North_Coast	Sierra_2	185.305813434884	0.32266715990012
MVZ219009	MVZ201307	North_Coast	Sierra_1	263.744326987142	0.352626234653373
MVZ219009	MVZ201308	North_Coast	Sierra_1	246.764338392015	0.348166077080618
MVZ219009	MVZ201309	North_Coast	Sierra_1	253.954261792528	0.34979633401222
MVZ219009	MVZ201312	North_Coast	Sierra_1	243.229966308239	0.347968909040437
MVZ219009	MVZ201314	North_Coast	Sierra_1	243.620041664436	0.347981438515081
MVZ219009	MVZ201318	North_Coast	Sierra_1	256.82368294383	0.350240206947524
MVZ219009	MVZ207124	North_Coast	Sierra_1	281.344177067192	0.348031496062992
MVZ219009	MVZ216205	North_Coast	Sierra_1	241.580577046881	0.349607390300231
MVZ219009	MVZ216215	North_Coast	Sierra_1	242.62719092177	0.347120467402393
MVZ219009	MVZ221740	North_Coast	Sierra_2	215.485027636819	0.312905348247017
MVZ219009	MVZ222747	North_Coast	Sierra_3	261.301164762641	0.239673913043479
MVZ219009	MVZ222750	North_Coast	Sierra_3	258.79404535115	0.241618708321915
MVZ219009	MVZ222754	North_Coast	Sierra_3	258.196532896187	0.239505041246563
MVZ219009	MVZ222755	North_Coast	Sierra_3	264.472441017307	0.240171485907143
MVZ219009	MVZ222757	North_Coast	Sierra_3	262.948227467692	0.236255162918769
MVZ219009	MVZ225827	North_Coast	Sierra_1	216.447099968143	0.345965999812153
MVZ219009	MVZ232185	North_Coast	Sierra_3	207.241620546171	0.238908627129452
MVZ219009	MVZ232188	North_Coast	Sierra_2	255.632437788685	0.317156816687024
MVZ219009	MVZ232189	North_Coast	Sierra_2	218.444385505403	0.315931760976974
MVZ219014	MVZ219015	North_Coast	North_Coast	1.29629106194798	0.111692763828407
MVZ219014	MVZ230716	North_Coast	North_Coast	9.23817145319125	0.11952116127816
MVZ219014	MVZ231432	North_Coast	North_Coast	20.5394719700781	0.116239237107675
MVZ219014	MVZ240012	North_Coast	North_Coast	64.7355661551691	0.141574905154067
MVZ219014	MVZ240013	North_Coast	North_Coast	64.7355661551691	0.135650327702391
MVZ219014	MVZ196598	North_Coast	Sierra_3	299.968678572884	0.226130190590185
MVZ219014	MVZ200477	North_Coast	Sierra_3	296.564578232649	0.228283656913681
MVZ219014	MVZ200647	North_Coast	Sierra_3	294.439119725892	0.220070422535212
MVZ219014	MVZ217509	North_Coast	Sierra_3	263.293239913807	0.231585177091869
MVZ219014	MVZ217516	North_Coast	Sierra_3	254.26783937197	0.229789942711649
MVZ219014	MVZ217517	North_Coast	Sierra_3	254.26783937197	0.22720197765977
MVZ219014	MVZ217872	North_Coast	Sierra_3	277.37299016179	0.225667764361507
MVZ219014	MVZ218037	North_Coast	Sierra_3	282.153108668784	0.226633807959108
MVZ219014	MVZ218549	North_Coast	Sierra_3	294.331066769103	0.225098326168481
MVZ219014	MVZ219775	North_Coast	Sierra_3	287.100975467628	0.217611241217799
MVZ219014	MVZ220148	North_Coast	Sierra_3	312.352748699096	0.222789425706472
MVZ219014	MVZ222746	North_Coast	Sierra_3	260.31483922467	0.234034699150978
MVZ219014	MVZ222749	North_Coast	Sierra_3	260.514754407609	0.231688191881919
MVZ219014	MVZ222751	North_Coast	Sierra_3	258.007080651771	0.236936522539099
MVZ219014	MVZ222752	North_Coast	Sierra_3	257.422630548411	0.228768528013423
MVZ219014	MVZ222753	North_Coast	Sierra_3	257.422630548411	0.230926493820277
MVZ219014	MVZ222756	North_Coast	Sierra_3	262.183124784273	0.23337673207477
MVZ219014	MVZ222758	North_Coast	Sierra_3	262.183124784273	0.234458096460664
MVZ219014	MVZ223020	North_Coast	Sierra_3	408.963920526624	0.2165670526709
MVZ219014	MVZ223022	North_Coast	Sierra_3	343.44323791936	0.215613382899628
MVZ219014	MVZ223023	North_Coast	Sierra_3	407.765392059737	0.213136337039204
MVZ219014	MVZ228426	North_Coast	Sierra_3	265.219337748814	0.218801996672213
MVZ219014	MVZ228428	North_Coast	Sierra_3	353.081146345876	0.222334744982507
MVZ219014	MVZ232186	North_Coast	Sierra_3	207.097943422388	0.235474988526848
MVZ219014	MVZ240272	North_Coast	North	215.479934066633	0.193237838340619
MVZ219014	MVZ240328	North_Coast	North	174.832252512235	0.188706518698125
MVZ219014	MVZ240329	North_Coast	North	174.832252512235	0.185135135135136
MVZ219014	MVZ240330	North_Coast	North	174.832252512235	0.190977373887241
MVZ219014	MVZ241349	North_Coast	North_Coast	118.722528145663	0.159615384615384
MVZ219014	MVZ222480	North_Coast	Sierra_1	440.910034827291	0.331172600619195
MVZ219014	MVZ222490	North_Coast	Sierra_1	450.48729667737	0.330119680851064
MVZ219014	MVZ223094	North_Coast	Sierra_1	378.335277863275	0.336666666666667
MVZ219014	MVZ223095	North_Coast	Sierra_1	378.335277863275	0.33330168976647
MVZ219014	MVZ224618	North_Coast	Sierra_1	377.200891266513	0.335776432759599
MVZ219014	MVZ199508	North_Coast	Sierra_2	182.444101333268	0.313950224550897
MVZ219014	MVZ199509	North_Coast	Sierra_2	185.895862971321	0.311008829607364
MVZ219014	MVZ199510	North_Coast	Sierra_2	182.338991728096	0.318374259102456
MVZ219014	MVZ199511	North_Coast	Sierra_2	189.774038630048	0.31292225711295
MVZ219014	MVZ201003	North_Coast	Sierra_2	185.054685377143	0.316004892736169
MVZ219014	MVZ201307	North_Coast	Sierra_1	263.918816804993	0.344469504745795
MVZ219014	MVZ201308	North_Coast	Sierra_1	246.932986910022	0.340407389862624
MVZ219014	MVZ201309	North_Coast	Sierra_1	254.088582442902	0.342048238175994
MVZ219014	MVZ201312	North_Coast	Sierra_1	243.381429051896	0.339877589453861
MVZ219014	MVZ201314	North_Coast	Sierra_1	243.796149563741	0.340050972248442
MVZ219014	MVZ201318	North_Coast	Sierra_1	257.048269928735	0.341531082479075
MVZ219014	MVZ207124	North_Coast	Sierra_1	281.503775569699	0.340795550947309
MVZ219014	MVZ216205	North_Coast	Sierra_1	241.748745610855	0.34278059785674
MVZ219014	MVZ216215	North_Coast	Sierra_1	242.904406667293	0.337721781804455
MVZ219014	MVZ221740	North_Coast	Sierra_2	214.665194963253	0.306389898603405
MVZ219014	MVZ222747	North_Coast	Sierra_3	260.514754407609	0.230230414746544
MVZ219014	MVZ222750	North_Coast	Sierra_3	258.007080651771	0.232336830377866
MVZ219014	MVZ222754	North_Coast	Sierra_3	257.422630548411	0.233236967266623
MVZ219014	MVZ222755	North_Coast	Sierra_3	263.705474984562	0.232507423904974
MVZ219014	MVZ222757	North_Coast	Sierra_3	262.183124784273	0.227459398917305
MVZ219014	MVZ225827	North_Coast	Sierra_1	216.609118009061	0.338111620795107
MVZ219014	MVZ232185	North_Coast	Sierra_3	206.280684290509	0.229176317983879
MVZ219014	MVZ232188	North_Coast	Sierra_2	255.318691968323	0.31044034769319
MVZ219014	MVZ232189	North_Coast	Sierra_2	217.786351465024	0.309842444950645
MVZ219015	MVZ230716	North_Coast	North_Coast	9.68291175449972	0.118817456593149
MVZ219015	MVZ231432	North_Coast	North_Coast	21.8219863493922	0.117454913507546
MVZ219015	MVZ240012	North_Coast	North_Coast	66.0179485633027	0.136317583126094
MVZ219015	MVZ240013	North_Coast	North_Coast	66.0179485633027	0.135404239699
MVZ219015	MVZ196598	North_Coast	Sierra_3	301.187466635297	0.226356304985337
MVZ219015	MVZ200477	North_Coast	Sierra_3	297.762543232465	0.228245105148658
MVZ219015	MVZ200647	North_Coast	Sierra_3	295.644867247866	0.225403411710466
MVZ219015	MVZ217509	North_Coast	Sierra_3	264.136980114543	0.232006889050036
MVZ219015	MVZ217516	North_Coast	Sierra_3	255.342486191768	0.231705110809588
MVZ219015	MVZ217517	North_Coast	Sierra_3	255.342486191768	0.229914374202951
MVZ219015	MVZ217872	North_Coast	Sierra_3	278.589132280846	0.226842584167425
MVZ219015	MVZ218037	North_Coast	Sierra_3	283.35846305572	0.226464719753311
MVZ219015	MVZ218549	North_Coast	Sierra_3	295.529602706201	0.227301673944687
MVZ219015	MVZ219775	North_Coast	Sierra_3	288.307993907015	0.220150992636779
MVZ219015	MVZ220148	North_Coast	Sierra_3	313.539958217905	0.230301931272101
MVZ219015	MVZ222746	North_Coast	Sierra_3	261.100666479766	0.235993754592212
MVZ219015	MVZ222749	North_Coast	Sierra_3	261.301164762641	0.234924277191373
MVZ219015	MVZ222751	North_Coast	Sierra_3	258.79404535115	0.236242102371578
MVZ219015	MVZ222752	North_Coast	Sierra_3	258.196532896187	0.231250579401131
MVZ219015	MVZ222753	North_Coast	Sierra_3	258.196532896187	0.230936315740826
MVZ219015	MVZ222756	North_Coast	Sierra_3	262.948227467692	0.235864745011087
MVZ219015	MVZ222758	North_Coast	Sierra_3	262.948227467692	0.234105628021527
MVZ219015	MVZ223020	North_Coast	Sierra_3	410.180442332896	0.22081241866518
MVZ219015	MVZ223022	North_Coast	Sierra_3	344.735614428463	0.215858623242043
MVZ219015	MVZ223023	North_Coast	Sierra_3	409.03177165325	0.215922330097088
MVZ219015	MVZ228426	North_Coast	Sierra_3	266.435911905892	0.221322785392328
MVZ219015	MVZ228428	North_Coast	Sierra_3	354.351640496255	0.225215319772769
MVZ219015	MVZ232186	North_Coast	Sierra_3	208.075703431573	0.23664993153811
MVZ219015	MVZ240272	North_Coast	North	216.689935011351	0.19460634656305
MVZ219015	MVZ240328	North_Coast	North	176.008394120363	0.188300241232139
MVZ219015	MVZ240329	North_Coast	North	176.008394120363	0.185633463179374
MVZ219015	MVZ240330	North_Coast	North	176.008394120363	0.191115416551343
MVZ219015	MVZ241349	North_Coast	North_Coast	119.732776737989	0.163203936577365
MVZ219015	MVZ222480	North_Coast	Sierra_1	440.26509633188	0.331006259027443
MVZ219015	MVZ222490	North_Coast	Sierra_1	449.772437178197	0.330341113105925
MVZ219015	MVZ223094	North_Coast	Sierra_1	377.707070346725	0.336569426027657
MVZ219015	MVZ223095	North_Coast	Sierra_1	377.707070346725	0.332735002361833
MVZ219015	MVZ224618	North_Coast	Sierra_1	376.714917950692	0.337597591948077
MVZ219015	MVZ199508	North_Coast	Sierra_2	182.45633456952	0.314576933817369
MVZ219015	MVZ199509	North_Coast	Sierra_2	186.21696114637	0.310947132449094
MVZ219015	MVZ199510	North_Coast	Sierra_2	182.63112663196	0.316621457300533
MVZ219015	MVZ199511	North_Coast	Sierra_2	190.053242890868	0.314799054373522
MVZ219015	MVZ201003	North_Coast	Sierra_2	185.305813434884	0.316998970326688
MVZ219015	MVZ201307	North_Coast	Sierra_1	263.744326987142	0.344582593250444
MVZ219015	MVZ201308	North_Coast	Sierra_1	246.764338392015	0.340930495385195
MVZ219015	MVZ201309	North_Coast	Sierra_1	253.954261792528	0.343219941898604
MVZ219015	MVZ201312	North_Coast	Sierra_1	243.229966308239	0.340187353629977
MVZ219015	MVZ201314	North_Coast	Sierra_1	243.620041664436	0.341393558080571
MVZ219015	MVZ201318	North_Coast	Sierra_1	256.82368294383	0.341686927248925
MVZ219015	MVZ207124	North_Coast	Sierra_1	281.344177067192	0.340476413767233
MVZ219015	MVZ216205	North_Coast	Sierra_1	241.580577046881	0.342464472700075
MVZ219015	MVZ216215	North_Coast	Sierra_1	242.62719092177	0.339107981220657
MVZ219015	MVZ221740	North_Coast	Sierra_2	215.485027636819	0.306671107727445
MVZ219015	MVZ222747	North_Coast	Sierra_3	261.301164762641	0.228434065934066
MVZ219015	MVZ222750	North_Coast	Sierra_3	258.79404535115	0.233995381062355
MVZ219015	MVZ222754	North_Coast	Sierra_3	258.196532896187	0.235185013447093
MVZ219015	MVZ222755	North_Coast	Sierra_3	264.472441017307	0.232779316712835
MVZ219015	MVZ222757	North_Coast	Sierra_3	262.948227467692	0.229588049730934
MVZ219015	MVZ225827	North_Coast	Sierra_1	216.447099968143	0.340005705591479
MVZ219015	MVZ232185	North_Coast	Sierra_3	207.241620546171	0.22970607205381
MVZ219015	MVZ232188	North_Coast	Sierra_2	255.632437788685	0.312535612535613
MVZ219015	MVZ232189	North_Coast	Sierra_2	218.444385505403	0.310777651944131
MVZ230716	MVZ231432	North_Coast	North_Coast	18.6313899350523	0.117366501449547
MVZ230716	MVZ240012	North_Coast	North_Coast	61.4333094201221	0.136252927400468
MVZ230716	MVZ240013	North_Coast	North_Coast	61.4333094201221	0.133504433037798
MVZ230716	MVZ196598	North_Coast	Sierra_3	294.595449845867	0.222817978366282
MVZ230716	MVZ200477	North_Coast	Sierra_3	290.860029823296	0.22998524257517
MVZ230716	MVZ200647	North_Coast	Sierra_3	288.853753010686	0.222894959166432
MVZ230716	MVZ217509	North_Coast	Sierra_3	254.893033085163	0.230889810972799
MVZ230716	MVZ217516	North_Coast	Sierra_3	247.218259481807	0.229066985645933
MVZ230716	MVZ217517	North_Coast	Sierra_3	247.218259481807	0.226127628044827
MVZ230716	MVZ217872	North_Coast	Sierra_3	271.961992568204	0.22688142182727
MVZ230716	MVZ218037	North_Coast	Sierra_3	276.565422526038	0.227566768320858
MVZ230716	MVZ218549	North_Coast	Sierra_3	288.635653810446	0.222670001852882
MVZ230716	MVZ219775	North_Coast	Sierra_3	281.537828621906	0.221089080732378
MVZ230716	MVZ220148	North_Coast	Sierra_3	306.489699873594	0.227092368736736
MVZ230716	MVZ222746	North_Coast	Sierra_3	251.704386650079	0.23362567643217
MVZ230716	MVZ222749	North_Coast	Sierra_3	251.906219849876	0.233327115007929
MVZ230716	MVZ222751	North_Coast	Sierra_3	249.400536301582	0.238086373790022
MVZ230716	MVZ222752	North_Coast	Sierra_3	248.773670768712	0.231440430148099
MVZ230716	MVZ222753	North_Coast	Sierra_3	248.773670768712	0.233433593382837
MVZ230716	MVZ222756	North_Coast	Sierra_3	253.506337788131	0.233446200150489
MVZ230716	MVZ222758	North_Coast	Sierra_3	253.506337788131	0.229112513924991
MVZ230716	MVZ223020	North_Coast	Sierra_3	403.528267623993	0.216001513145451
MVZ230716	MVZ223022	North_Coast	Sierra_3	340.27323250109	0.216822077799755
MVZ230716	MVZ223023	North_Coast	Sierra_3	403.412761325478	0.214454626071534
MVZ230716	MVZ228426	North_Coast	Sierra_3	259.820105216055	0.220713549957861
MVZ230716	MVZ228428	North_Coast	Sierra_3	348.867995780088	0.220959478341872
MVZ230716	MVZ232186	North_Coast	Sierra_3	199.369544535245	0.235758758479695
MVZ230716	MVZ240272	North_Coast	North	216.441430309346	0.190783279984937
MVZ230716	MVZ240328	North_Coast	North	176.453614636315	0.188509111509772
MVZ230716	MVZ240329	North_Coast	North	176.453614636315	0.184558060560324
MVZ230716	MVZ240330	North_Coast	North	176.453614636315	0.18772292096865
MVZ230716	MVZ241349	North_Coast	North_Coast	122.57908006863	0.16218471810089
MVZ230716	MVZ222480	North_Coast	Sierra_1	434.571744558451	0.331456272647145
MVZ230716	MVZ222490	North_Coast	Sierra_1	444.588749465554	0.331348444102959
MVZ230716	MVZ223094	North_Coast	Sierra_1	371.907276263119	0.338311813451532
MVZ230716	MVZ223095	North_Coast	Sierra_1	371.907276263119	0.334918804650716
MVZ230716	MVZ224618	North_Coast	Sierra_1	370.009530661654	0.338166331706384
MVZ230716	MVZ199508	North_Coast	Sierra_2	173.582182085505	0.314176063678575
MVZ230716	MVZ199509	North_Coast	Sierra_2	176.664743921281	0.31025957972806
MVZ230716	MVZ199510	North_Coast	Sierra_2	173.119022647846	0.316615911686334
MVZ230716	MVZ199511	North_Coast	Sierra_2	180.560520476887	0.312445897855151
MVZ230716	MVZ201003	North_Coast	Sierra_2	175.858982539634	0.316579323487375
MVZ230716	MVZ201307	North_Coast	Sierra_1	255.520969039794	0.345806390262457
MVZ230716	MVZ201308	North_Coast	Sierra_1	238.520059544421	0.340630388963403
MVZ230716	MVZ201309	North_Coast	Sierra_1	245.574209582574	0.34257935373177
MVZ230716	MVZ201312	North_Coast	Sierra_1	234.917977922431	0.340114340161982
MVZ230716	MVZ201314	North_Coast	Sierra_1	235.406441318579	0.340248565965583
MVZ230716	MVZ201318	North_Coast	Sierra_1	248.811147678243	0.342278047387953
MVZ230716	MVZ207124	North_Coast	Sierra_1	273.058904911419	0.342009916094584
MVZ230716	MVZ216205	North_Coast	Sierra_1	233.335240732989	0.343604374702806
MVZ230716	MVZ216215	North_Coast	Sierra_1	234.853382447253	0.338378533231475
MVZ230716	MVZ221740	North_Coast	Sierra_2	206.177720264217	0.304726850058117
MVZ230716	MVZ222747	North_Coast	Sierra_3	251.906219849876	0.230740533482559
MVZ230716	MVZ222750	North_Coast	Sierra_3	249.400536301582	0.23019453058923
MVZ230716	MVZ222754	North_Coast	Sierra_3	248.773670768712	0.232279377064653
MVZ230716	MVZ222755	North_Coast	Sierra_3	255.034378734177	0.233836914703951
MVZ230716	MVZ222757	North_Coast	Sierra_3	253.506337788131	0.227277021919879
MVZ230716	MVZ225827	North_Coast	Sierra_1	208.181894000028	0.339760317000097
MVZ230716	MVZ232185	North_Coast	Sierra_3	198.452950200989	0.229219379627027
MVZ230716	MVZ232188	North_Coast	Sierra_2	246.089392232256	0.309369561013343
MVZ230716	MVZ232189	North_Coast	Sierra_2	208.835698222388	0.306823642479576
MVZ231432	MVZ240012	North_Coast	North_Coast	44.1961783138918	0.137659828902585
MVZ231432	MVZ240013	North_Coast	North_Coast	44.1961783138918	0.135476779334982
MVZ231432	MVZ196598	North_Coast	Sierra_3	279.858952586336	0.225080091533181
MVZ231432	MVZ200477	North_Coast	Sierra_3	276.669423770544	0.228910209992759
MVZ231432	MVZ200647	North_Coast	Sierra_3	274.462180959334	0.224442807146805
MVZ231432	MVZ217509	North_Coast	Sierra_3	248.127587534515	0.230219083831251
MVZ231432	MVZ217516	North_Coast	Sierra_3	235.888937252897	0.230772706732941
MVZ231432	MVZ217517	North_Coast	Sierra_3	235.888937252897	0.226912928759895
MVZ231432	MVZ217872	North_Coast	Sierra_3	257.292403669161	0.228197674418605
MVZ231432	MVZ218037	North_Coast	Sierra_3	262.182268490597	0.22935738239826
MVZ231432	MVZ218549	North_Coast	Sierra_3	274.430201293628	0.224822759498273
MVZ231432	MVZ219775	North_Coast	Sierra_3	267.1119787117	0.224375698844577
MVZ231432	MVZ220148	North_Coast	Sierra_3	292.571455352541	0.22920249841586
MVZ231432	MVZ222746	North_Coast	Sierra_3	246.000807772337	0.23601687144691
MVZ231432	MVZ222749	North_Coast	Sierra_3	246.191782776041	0.234863057616561
MVZ231432	MVZ222751	North_Coast	Sierra_3	243.680523122111	0.238578216374269
MVZ231432	MVZ222752	North_Coast	Sierra_3	243.289677347659	0.232023721275018
MVZ231432	MVZ222753	North_Coast	Sierra_3	243.289677347659	0.232007750507474
MVZ231432	MVZ222756	North_Coast	Sierra_3	248.171155592246	0.235505908419498
MVZ231432	MVZ222758	North_Coast	Sierra_3	248.171155592246	0.234548769371012
MVZ231432	MVZ223020	North_Coast	Sierra_3	388.8671204306	0.221066319895969
MVZ231432	MVZ223022	North_Coast	Sierra_3	322.961241777587	0.214721375103965
MVZ231432	MVZ223023	North_Coast	Sierra_3	387.271781582369	0.218665246028671
MVZ231432	MVZ228426	North_Coast	Sierra_3	245.136247233542	0.220380235121235
MVZ231432	MVZ228428	North_Coast	Sierra_3	332.568661931072	0.225249108693664
MVZ231432	MVZ232186	North_Coast	Sierra_3	190.103148948995	0.235733819507748
MVZ231432	MVZ240272	North_Coast	North	197.901371437953	0.194377769571639
MVZ231432	MVZ240328	North_Coast	North	158.127311182229	0.18805002315887
MVZ231432	MVZ240329	North_Coast	North	158.127311182229	0.188598926522302
MVZ231432	MVZ240330	North_Coast	North	158.127311182229	0.191570704744357
MVZ231432	MVZ241349	North_Coast	North_Coast	105.968244506437	0.164058946602383
MVZ231432	MVZ222480	North_Coast	Sierra_1	448.77520441754	0.329837390551332
MVZ231432	MVZ222490	North_Coast	Sierra_1	459.517642638068	0.329668774181373
MVZ231432	MVZ223094	North_Coast	Sierra_1	385.992271086664	0.334704491725768
MVZ231432	MVZ223095	North_Coast	Sierra_1	385.992271086664	0.332092014707269
MVZ231432	MVZ224618	North_Coast	Sierra_1	382.513221180777	0.335446009389672
MVZ231432	MVZ199508	North_Coast	Sierra_2	180.390585850919	0.313237891605466
MVZ231432	MVZ199509	North_Coast	Sierra_2	178.951795988332	0.309792755787901
MVZ231432	MVZ199510	North_Coast	Sierra_2	175.871270117982	0.31575259273101
MVZ231432	MVZ199511	North_Coast	Sierra_2	183.464232263602	0.312866326337681
MVZ231432	MVZ201003	North_Coast	Sierra_2	179.2143479552	0.315240766713417
MVZ231432	MVZ201307	North_Coast	Sierra_1	264.450228628794	0.343583761082594
MVZ231432	MVZ201308	North_Coast	Sierra_1	247.429549534958	0.339586271744241
MVZ231432	MVZ201309	North_Coast	Sierra_1	254.012807939638	0.341147295526857
MVZ231432	MVZ201312	North_Coast	Sierra_1	243.617392119297	0.340331026743969
MVZ231432	MVZ201314	North_Coast	Sierra_1	244.423286718016	0.339866829222546
MVZ231432	MVZ201318	North_Coast	Sierra_1	258.402392925098	0.342424808518588
MVZ231432	MVZ207124	North_Coast	Sierra_1	281.744715888118	0.340011233851339
MVZ231432	MVZ216205	North_Coast	Sierra_1	242.257081692101	0.340272591486184
MVZ231432	MVZ216215	North_Coast	Sierra_1	245.151084802548	0.337379323273034
MVZ231432	MVZ221740	North_Coast	Sierra_2	199.947492780658	0.303155593574755
MVZ231432	MVZ222747	North_Coast	Sierra_3	246.191782776041	0.232240937385573
MVZ231432	MVZ222750	North_Coast	Sierra_3	243.680523122111	0.234050410857723
MVZ231432	MVZ222754	North_Coast	Sierra_3	243.289677347659	0.234610756271406
MVZ231432	MVZ222755	North_Coast	Sierra_3	249.663204046806	0.233705171936941
MVZ231432	MVZ222757	North_Coast	Sierra_3	248.171155592246	0.230316238523602
MVZ231432	MVZ225827	North_Coast	Sierra_1	217.126823671865	0.338012139605463
MVZ231432	MVZ232185	North_Coast	Sierra_3	189.526718677122	0.230606423115856
MVZ231432	MVZ232188	North_Coast	Sierra_2	248.189728685497	0.308554068166714
MVZ231432	MVZ232189	North_Coast	Sierra_2	205.487361474557	0.309113184431251
MVZ240012	MVZ240013	North_Coast	North_Coast	0	0.117603956768639
MVZ240012	MVZ196598	North_Coast	Sierra_3	236.875967400982	0.21271046852123
MVZ240012	MVZ200477	North_Coast	Sierra_3	234.283684537991	0.220733363512901
MVZ240012	MVZ200647	North_Coast	Sierra_3	231.853794592597	0.213180436584691
MVZ240012	MVZ217509	North_Coast	Sierra_3	218.61231007129	0.222765552838903
MVZ240012	MVZ217516	North_Coast	Sierra_3	197.8728442293	0.21928952363735
MVZ240012	MVZ217517	North_Coast	Sierra_3	197.8728442293	0.22259121099081
MVZ240012	MVZ217872	North_Coast	Sierra_3	214.418909934828	0.216640930148061
MVZ240012	MVZ218037	North_Coast	Sierra_3	219.610092283889	0.216281179138322
MVZ240012	MVZ218549	North_Coast	Sierra_3	232.032399600908	0.213993453355156
MVZ240012	MVZ219775	North_Coast	Sierra_3	224.481142905142	0.211613623673925
MVZ240012	MVZ220148	North_Coast	Sierra_3	250.470718010618	0.216757246376812
MVZ240012	MVZ222746	North_Coast	Sierra_3	218.717987916114	0.225902510536925
MVZ240012	MVZ222749	North_Coast	Sierra_3	218.883022400495	0.22284352369603
MVZ240012	MVZ222751	North_Coast	Sierra_3	216.40203923989	0.227953943160011
MVZ240012	MVZ222752	North_Coast	Sierra_3	216.514987039158	0.222294292068199
MVZ240012	MVZ222753	North_Coast	Sierra_3	216.514987039158	0.225867478774456
MVZ240012	MVZ222756	North_Coast	Sierra_3	221.627835954489	0.225916689757087
MVZ240012	MVZ222758	North_Coast	Sierra_3	221.627835954489	0.224236902050114
MVZ240012	MVZ223020	North_Coast	Sierra_3	345.836420420175	0.210204081632653
MVZ240012	MVZ223022	North_Coast	Sierra_3	278.90401950561	0.205058257813945
MVZ240012	MVZ223023	North_Coast	Sierra_3	343.204992184069	0.205739771184797
MVZ240012	MVZ228426	North_Coast	Sierra_3	202.273795203329	0.211326474370751
MVZ240012	MVZ228428	North_Coast	Sierra_3	288.45319067996	0.212240417162199
MVZ240012	MVZ232186	North_Coast	Sierra_3	156.553433998934	0.226286026997446
MVZ240012	MVZ240272	North_Coast	North	162.348414934155	0.182742054693275
MVZ240012	MVZ240328	North_Coast	North	125.965382301377	0.176645041705283
MVZ240012	MVZ240329	North_Coast	North	125.965382301377	0.177837437511573
MVZ240012	MVZ240330	North_Coast	North	125.965382301377	0.180079277286135
MVZ240012	MVZ241349	North_Coast	North_Coast	88.8643176878397	0.152722141296431
MVZ240012	MVZ222480	North_Coast	Sierra_1	468.443208499629	0.326952674105426
MVZ240012	MVZ222490	North_Coast	Sierra_1	481.47803839431	0.326888616429312
MVZ240012	MVZ223094	North_Coast	Sierra_1	405.647297443647	0.331141803046069
MVZ240012	MVZ223095	North_Coast	Sierra_1	405.647297443647	0.328648240732006
MVZ240012	MVZ224618	North_Coast	Sierra_1	397.455335747831	0.331016344166823
MVZ240012	MVZ199508	North_Coast	Sierra_2	183.991846087605	0.310500372023809
MVZ240012	MVZ199509	North_Coast	Sierra_2	171.712175067345	0.308496732026144
MVZ240012	MVZ199510	North_Coast	Sierra_2	169.876005682815	0.312955692652833
MVZ240012	MVZ199511	North_Coast	Sierra_2	177.49993538828	0.309132161089052
MVZ240012	MVZ201003	North_Coast	Sierra_2	174.5100285159	0.312634433741701
MVZ240012	MVZ201307	North_Coast	Sierra_1	271.068856287043	0.339680761691403
MVZ240012	MVZ201308	North_Coast	Sierra_1	254.332117372105	0.337724663592736
MVZ240012	MVZ201309	North_Coast	Sierra_1	259.57067089829	0.337903603182031
MVZ240012	MVZ201312	North_Coast	Sierra_1	250.06170719526	0.336452095808383
MVZ240012	MVZ201314	North_Coast	Sierra_1	251.666202535462	0.334740594802515
MVZ240012	MVZ201318	North_Coast	Sierra_1	266.855534340798	0.338330064443822
MVZ240012	MVZ207124	North_Coast	Sierra_1	287.432542336027	0.338593369544858
MVZ240012	MVZ216205	North_Coast	Sierra_1	249.302236743531	0.337754530169998
MVZ240012	MVZ216215	North_Coast	Sierra_1	255.719278055967	0.332427366447985
MVZ240012	MVZ221740	North_Coast	Sierra_2	172.491932656896	0.301216845707767
MVZ240012	MVZ222747	North_Coast	Sierra_3	218.883022400495	0.224112696670326
MVZ240012	MVZ222750	North_Coast	Sierra_3	216.40203923989	0.224732571007008
MVZ240012	MVZ222754	North_Coast	Sierra_3	216.514987039158	0.221964996758959
MVZ240012	MVZ222755	North_Coast	Sierra_3	223.01918229717	0.221864063363418
MVZ240012	MVZ222757	North_Coast	Sierra_3	221.627835954489	0.219387755102041
MVZ240012	MVZ225827	North_Coast	Sierra_1	224.841047267849	0.333460003800114
MVZ240012	MVZ232185	North_Coast	Sierra_3	156.675170705519	0.217433302667893
MVZ240012	MVZ232188	North_Coast	Sierra_2	238.340964818194	0.304688241434944
MVZ240012	MVZ232189	North_Coast	Sierra_2	184.216147168293	0.304403168018104
MVZ240013	MVZ196598	North_Coast	Sierra_3	236.875967400982	0.214943471918308
MVZ240013	MVZ200477	North_Coast	Sierra_3	234.283684537991	0.220568335588633
MVZ240013	MVZ200647	North_Coast	Sierra_3	231.853794592597	0.214902609334804
MVZ240013	MVZ217509	North_Coast	Sierra_3	218.61231007129	0.22064393939394
MVZ240013	MVZ217516	North_Coast	Sierra_3	197.8728442293	0.219509998198523
MVZ240013	MVZ217517	North_Coast	Sierra_3	197.8728442293	0.22066025757301
MVZ240013	MVZ217872	North_Coast	Sierra_3	214.418909934828	0.215572657311001
MVZ240013	MVZ218037	North_Coast	Sierra_3	219.610092283889	0.21723421551802
MVZ240013	MVZ218549	North_Coast	Sierra_3	232.032399600908	0.213716252944374
MVZ240013	MVZ219775	North_Coast	Sierra_3	224.481142905142	0.211310076080905
MVZ240013	MVZ220148	North_Coast	Sierra_3	250.470718010618	0.217748487857723
MVZ240013	MVZ222746	North_Coast	Sierra_3	218.717987916114	0.224684701151527
MVZ240013	MVZ222749	North_Coast	Sierra_3	218.883022400495	0.225454379395378
MVZ240013	MVZ222751	North_Coast	Sierra_3	216.40203923989	0.230912900874636
MVZ240013	MVZ222752	North_Coast	Sierra_3	216.514987039158	0.22795679069338
MVZ240013	MVZ222753	North_Coast	Sierra_3	216.514987039158	0.224728910126815
MVZ240013	MVZ222756	North_Coast	Sierra_3	221.627835954489	0.22682500230139
MVZ240013	MVZ222758	North_Coast	Sierra_3	221.627835954489	0.222459358822995
MVZ240013	MVZ223020	North_Coast	Sierra_3	345.836420420175	0.208868954036807
MVZ240013	MVZ223022	North_Coast	Sierra_3	278.90401950561	0.204520346160928
MVZ240013	MVZ223023	North_Coast	Sierra_3	343.204992184069	0.201623815967524
MVZ240013	MVZ228426	North_Coast	Sierra_3	202.273795203329	0.214429499496751
MVZ240013	MVZ228428	North_Coast	Sierra_3	288.45319067996	0.213414078863491
MVZ240013	MVZ232186	North_Coast	Sierra_3	156.553433998934	0.22557928214448
MVZ240013	MVZ240272	North_Coast	North	162.348414934155	0.182056711471184
MVZ240013	MVZ240328	North_Coast	North	125.965382301377	0.180966014037681
MVZ240013	MVZ240329	North_Coast	North	125.965382301377	0.17288166882038
MVZ240013	MVZ240330	North_Coast	North	125.965382301377	0.183313424607186
MVZ240013	MVZ241349	North_Coast	North_Coast	88.8643176878397	0.158006891548785
MVZ240013	MVZ222480	North_Coast	Sierra_1	468.443208499629	0.325136612021858
MVZ240013	MVZ222490	North_Coast	Sierra_1	481.47803839431	0.325841640022569
MVZ240013	MVZ223094	North_Coast	Sierra_1	405.647297443647	0.331384934477232
MVZ240013	MVZ223095	North_Coast	Sierra_1	405.647297443647	0.326989944554083
MVZ240013	MVZ224618	North_Coast	Sierra_1	397.455335747831	0.331288630829744
MVZ240013	MVZ199508	North_Coast	Sierra_2	183.991846087605	0.309717723276261
MVZ240013	MVZ199509	North_Coast	Sierra_2	171.712175067345	0.307166759620747
MVZ240013	MVZ199510	North_Coast	Sierra_2	169.876005682815	0.311604317885725
MVZ240013	MVZ199511	North_Coast	Sierra_2	177.49993538828	0.307257836769274
MVZ240013	MVZ201003	North_Coast	Sierra_2	174.5100285159	0.312156753234665
MVZ240013	MVZ201307	North_Coast	Sierra_1	271.068856287043	0.337783773725344
MVZ240013	MVZ201308	North_Coast	Sierra_1	254.332117372105	0.33445882573626
MVZ240013	MVZ201309	North_Coast	Sierra_1	259.57067089829	0.337173507462686
MVZ240013	MVZ201312	North_Coast	Sierra_1	250.06170719526	0.334156570363466
MVZ240013	MVZ201314	North_Coast	Sierra_1	251.666202535462	0.334206096876754
MVZ240013	MVZ201318	North_Coast	Sierra_1	266.855534340798	0.336685288640597
MVZ240013	MVZ207124	North_Coast	Sierra_1	287.432542336027	0.336613805970149
MVZ240013	MVZ216205	North_Coast	Sierra_1	249.302236743531	0.336388165240044
MVZ240013	MVZ216215	North_Coast	Sierra_1	255.719278055967	0.332476875642344
MVZ240013	MVZ221740	North_Coast	Sierra_2	172.491932656896	0.300833017796289
MVZ240013	MVZ222747	North_Coast	Sierra_3	218.883022400495	0.222364100693178
MVZ240013	MVZ222750	North_Coast	Sierra_3	216.40203923989	0.223340687626402
MVZ240013	MVZ222754	North_Coast	Sierra_3	216.514987039158	0.224115636833841
MVZ240013	MVZ222755	North_Coast	Sierra_3	223.01918229717	0.223538051959975
MVZ240013	MVZ222757	North_Coast	Sierra_3	221.627835954489	0.217007306020531
MVZ240013	MVZ225827	North_Coast	Sierra_1	224.841047267849	0.331898997541139
MVZ240013	MVZ232185	North_Coast	Sierra_3	156.675170705519	0.219572594698706
MVZ240013	MVZ232188	North_Coast	Sierra_2	238.340964818194	0.30645618678514
MVZ240013	MVZ232189	North_Coast	Sierra_2	184.216147168293	0.3061473486626
MVZ196598	MVZ200477	Sierra_3	Sierra_3	13.7110572446102	0.117777777777777
MVZ196598	MVZ200647	Sierra_3	Sierra_3	10.1116993966006	0.116052445074416
MVZ196598	MVZ217509	Sierra_3	Sierra_3	147.885563186544	0.133388458525547
MVZ196598	MVZ217516	Sierra_3	Sierra_3	81.8550618014745	0.129555536226841
MVZ196598	MVZ217517	Sierra_3	Sierra_3	81.8550618014745	0.127634455618714
MVZ196598	MVZ217872	Sierra_3	Sierra_3	22.662205351253	0.117883690424136
MVZ196598	MVZ218037	Sierra_3	Sierra_3	19.7558627851767	0.117783010640154
MVZ196598	MVZ218549	Sierra_3	Sierra_3	14.0689630940639	0.118830941547077
MVZ196598	MVZ219775	Sierra_3	Sierra_3	14.933433080437	0.116317579663444
MVZ196598	MVZ220148	Sierra_3	Sierra_3	23.6150036763066	0.119053842132776
MVZ196598	MVZ222746	Sierra_3	Sierra_3	162.847321658685	0.144671841919548
MVZ196598	MVZ222749	Sierra_3	Sierra_3	162.709794473698	0.139175257731959
MVZ196598	MVZ222751	Sierra_3	Sierra_3	162.466554404695	0.143948708940804
MVZ196598	MVZ222752	Sierra_3	Sierra_3	165.698571496904	0.142494658119658
MVZ196598	MVZ222753	Sierra_3	Sierra_3	165.698571496904	0.14167776298269
MVZ196598	MVZ222756	Sierra_3	Sierra_3	168.172918048941	0.147620316107263
MVZ196598	MVZ222758	Sierra_3	Sierra_3	168.172918048941	0.137040932597072
MVZ196598	MVZ223020	Sierra_3	Sierra_3	109.008787757373	0.116376617581437
MVZ196598	MVZ223022	Sierra_3	Sierra_3	96.8016125521934	0.124244578741557
MVZ196598	MVZ223023	Sierra_3	Sierra_3	117.340477175756	0.120014908684309
MVZ196598	MVZ228426	Sierra_3	Sierra_3	34.7789426075366	0.119333745692321
MVZ196598	MVZ228428	Sierra_3	Sierra_3	71.6740107021452	0.121965165376496
MVZ196598	MVZ232186	Sierra_3	Sierra_3	130.49802639488	0.143057626523989
MVZ196598	MVZ240272	Sierra_3	North	197.212806301872	0.183904474431818
MVZ196598	MVZ240328	Sierra_3	North	215.056470867311	0.190278891561971
MVZ196598	MVZ240329	Sierra_3	North	215.056470867311	0.184348833066097
MVZ196598	MVZ240330	Sierra_3	North	215.056470867311	0.186281460475009
MVZ196598	MVZ241349	Sierra_3	North_Coast	259.483630626493	0.200289881329831
MVZ196598	MVZ222480	Sierra_3	Sierra_1	574.42979216271	0.363161785087314
MVZ196598	MVZ222490	Sierra_3	Sierra_1	596.861037604241	0.365220548193865
MVZ196598	MVZ223094	Sierra_3	Sierra_1	518.638418547055	0.368660243592074
MVZ196598	MVZ223095	Sierra_3	Sierra_1	518.638418547055	0.365201631173539
MVZ196598	MVZ224618	Sierra_3	Sierra_1	490.573653736873	0.368670457622529
MVZ196598	MVZ199508	Sierra_3	Sierra_2	292.036939717941	0.352339703518485
MVZ196598	MVZ199509	Sierra_3	Sierra_2	248.977682303552	0.348502510760401
MVZ196598	MVZ199510	Sierra_3	Sierra_2	252.949781118486	0.354013287843418
MVZ196598	MVZ199511	Sierra_3	Sierra_2	255.545104655873	0.350530901170706
MVZ196598	MVZ201003	Sierra_3	Sierra_2	259.125943322611	0.351702146770861
MVZ196598	MVZ201307	Sierra_3	Sierra_1	355.598269975753	0.377490576198169
MVZ196598	MVZ201308	Sierra_3	Sierra_1	345.366316839674	0.374332760336561
MVZ196598	MVZ201309	Sierra_3	Sierra_1	343.475825694907	0.376844188557035
MVZ196598	MVZ201312	Sierra_3	Sierra_1	340.728818459708	0.374561640140275
MVZ196598	MVZ201314	Sierra_3	Sierra_1	344.929048881814	0.373455955279055
MVZ196598	MVZ201318	Sierra_3	Sierra_1	360.089608850652	0.375807899461401
MVZ196598	MVZ207124	Sierra_3	Sierra_1	363.16925293377	0.374696192276533
MVZ196598	MVZ216205	Sierra_3	Sierra_1	342.586418189934	0.376873373418289
MVZ196598	MVZ216215	Sierra_3	Sierra_1	360.592712905416	0.371160947491669
MVZ196598	MVZ221740	Sierra_3	Sierra_2	160.007804418033	0.340440102264428
MVZ196598	MVZ222747	Sierra_3	Sierra_3	162.709794473698	0.136871754246985
MVZ196598	MVZ222750	Sierra_3	Sierra_3	162.466554404695	0.137573177221927
MVZ196598	MVZ222754	Sierra_3	Sierra_3	165.698571496904	0.144639515194724
MVZ196598	MVZ222755	Sierra_3	Sierra_3	167.829397268192	0.139351523742027
MVZ196598	MVZ222757	Sierra_3	Sierra_3	168.172918048941	0.137272402713316
MVZ196598	MVZ225827	Sierra_3	Sierra_1	329.406470265898	0.371259124087591
MVZ196598	MVZ232185	Sierra_3	Sierra_3	134.343050291648	0.140239043824702
MVZ196598	MVZ232188	Sierra_3	Sierra_2	264.346914743047	0.344643833120788
MVZ196598	MVZ232189	Sierra_3	Sierra_2	191.960459277211	0.345439724662621
MVZ200477	MVZ200647	Sierra_3	Sierra_3	5.19647178792938	0.112378278796386
MVZ200477	MVZ217509	Sierra_3	Sierra_3	134.560466753469	0.136246233318984
MVZ200477	MVZ217516	Sierra_3	Sierra_3	69.6769471174586	0.124580861490844
MVZ200477	MVZ217517	Sierra_3	Sierra_3	69.6769471174586	0.121558441558441
MVZ200477	MVZ217872	Sierra_3	Sierra_3	22.1440533456118	0.121716211545109
MVZ200477	MVZ218037	Sierra_3	Sierra_3	15.0660736753361	0.119542709232097
MVZ200477	MVZ218549	Sierra_3	Sierra_3	2.25921039060139	0.11791677480751
MVZ200477	MVZ219775	Sierra_3	Sierra_3	10.925526647306	0.112671688081524
MVZ200477	MVZ220148	Sierra_3	Sierra_3	17.0519911285334	0.118977850555891
MVZ200477	MVZ222746	Sierra_3	Sierra_3	149.597317536628	0.13358645369643
MVZ200477	MVZ222749	Sierra_3	Sierra_3	149.455154550327	0.136755861588077
MVZ200477	MVZ222751	Sierra_3	Sierra_3	149.269956193166	0.143322900365154
MVZ200477	MVZ222752	Sierra_3	Sierra_3	152.518038390748	0.139811470355035
MVZ200477	MVZ222753	Sierra_3	Sierra_3	152.518038390748	0.136279845505618
MVZ200477	MVZ222756	Sierra_3	Sierra_3	154.888418577949	0.139826041117554
MVZ200477	MVZ222758	Sierra_3	Sierra_3	154.888418577949	0.137104464672735
MVZ200477	MVZ223020	Sierra_3	Sierra_3	113.243064015806	0.120206750309242
MVZ200477	MVZ223022	Sierra_3	Sierra_3	110.495756166254	0.122801618009145
MVZ200477	MVZ223023	Sierra_3	Sierra_3	127.087880992684	0.121753996857961
MVZ200477	MVZ228426	Sierra_3	Sierra_3	33.2403005819863	0.116679786582699
MVZ200477	MVZ228428	Sierra_3	Sierra_3	84.0496883649928	0.120224523540161
MVZ200477	MVZ232186	Sierra_3	Sierra_3	120.207633338629	0.140366096989676
MVZ200477	MVZ240272	Sierra_3	North	204.451792692021	0.188488576449911
MVZ200477	MVZ240328	Sierra_3	North	219.986652616542	0.195899470899472
MVZ200477	MVZ240329	Sierra_3	North	219.986652616542	0.195954877941306
MVZ200477	MVZ240330	Sierra_3	North	219.986652616542	0.191862504384426
MVZ200477	MVZ241349	Sierra_3	North_Coast	261.611517492066	0.213031009141423
MVZ200477	MVZ222480	Sierra_3	Sierra_1	562.054220146535	0.362245364026674
MVZ200477	MVZ222490	Sierra_3	Sierra_1	584.690838504672	0.364773950484392
MVZ200477	MVZ223094	Sierra_3	Sierra_1	506.601566963976	0.368998381586046
MVZ200477	MVZ223095	Sierra_3	Sierra_1	506.601566963976	0.364834573657312
MVZ200477	MVZ224618	Sierra_3	Sierra_1	478.092376950574	0.365961435457954
MVZ200477	MVZ199508	Sierra_3	Sierra_2	281.431891697158	0.349938173467585
MVZ200477	MVZ199509	Sierra_3	Sierra_2	238.045320294658	0.346167478954365
MVZ200477	MVZ199510	Sierra_3	Sierra_2	242.14670130657	0.351286601597161
MVZ200477	MVZ199511	Sierra_3	Sierra_2	244.500199218597	0.346785778416232
MVZ200477	MVZ201003	Sierra_3	Sierra_2	248.248467226967	0.3505859375
MVZ200477	MVZ201307	Sierra_3	Sierra_1	343.530123696537	0.375521434277092
MVZ200477	MVZ201308	Sierra_3	Sierra_1	333.566738554655	0.372542009295674
MVZ200477	MVZ201309	Sierra_3	Sierra_1	331.482940004979	0.374355326338253
MVZ200477	MVZ201312	Sierra_3	Sierra_1	328.957837810146	0.371509870176063
MVZ200477	MVZ201314	Sierra_3	Sierra_1	333.200606215631	0.371646314288261
MVZ200477	MVZ201318	Sierra_3	Sierra_1	348.238830908965	0.374622758743121
MVZ200477	MVZ207124	Sierra_3	Sierra_1	350.81429490659	0.373164872319602
MVZ200477	MVZ216205	Sierra_3	Sierra_1	330.87888633439	0.374434489488157
MVZ200477	MVZ216215	Sierra_3	Sierra_1	349.097429197181	0.368986101211689
MVZ200477	MVZ221740	Sierra_3	Sierra_2	148.387895179245	0.338447653429602
MVZ200477	MVZ222747	Sierra_3	Sierra_3	149.455154550327	0.13198920048772
MVZ200477	MVZ222750	Sierra_3	Sierra_3	149.269956193166	0.137149122807018
MVZ200477	MVZ222754	Sierra_3	Sierra_3	152.518038390748	0.137225504894611
MVZ200477	MVZ222755	Sierra_3	Sierra_3	154.512826384762	0.137244584758397
MVZ200477	MVZ222757	Sierra_3	Sierra_3	154.888418577949	0.13234125231829
MVZ200477	MVZ225827	Sierra_3	Sierra_1	318.190405035004	0.370186671476238
MVZ200477	MVZ232185	Sierra_3	Sierra_3	123.935939466278	0.137959719789842
MVZ200477	MVZ232188	Sierra_3	Sierra_2	251.593676561008	0.34127770769508
MVZ200477	MVZ232189	Sierra_3	Sierra_2	179.960997160496	0.343657685077433
MVZ200647	MVZ217509	Sierra_3	Sierra_3	137.820777935588	0.128779248093944
MVZ200647	MVZ217516	Sierra_3	Sierra_3	71.8231046713466	0.123128775277948
MVZ200647	MVZ217517	Sierra_3	Sierra_3	71.8231046713466	0.12258746805323
MVZ200647	MVZ217872	Sierra_3	Sierra_3	18.2344787619907	0.117701453104359
MVZ200647	MVZ218037	Sierra_3	Sierra_3	12.2885213806898	0.115377863600457
MVZ200647	MVZ218549	Sierra_3	Sierra_3	4.38680502295807	0.115015411712902
MVZ200647	MVZ219775	Sierra_3	Sierra_3	7.37888841819977	0.11524247340905
MVZ200647	MVZ220148	Sierra_3	Sierra_3	21.1719973501992	0.115566657901657
MVZ200647	MVZ222746	Sierra_3	Sierra_3	152.762526373294	0.132207907596624
MVZ200647	MVZ222749	Sierra_3	Sierra_3	152.62597826022	0.131670070141171
MVZ200647	MVZ222751	Sierra_3	Sierra_3	152.372098357873	0.141238938053097
MVZ200647	MVZ222752	Sierra_3	Sierra_3	155.60155000984	0.136970946915352
MVZ200647	MVZ222753	Sierra_3	Sierra_3	155.60155000984	0.135258358662614
MVZ200647	MVZ222756	Sierra_3	Sierra_3	158.095518515856	0.137567084078712
MVZ200647	MVZ222758	Sierra_3	Sierra_3	158.095518515856	0.13404292906987
MVZ200647	MVZ223020	Sierra_3	Sierra_3	114.816648699234	0.120743868475429
MVZ200647	MVZ223022	Sierra_3	Sierra_3	106.589379646556	0.12440726491903
MVZ200647	MVZ223023	Sierra_3	Sierra_3	126.304698862642	0.116898365583318
MVZ200647	MVZ228426	Sierra_3	Sierra_3	29.9426227808492	0.113541202672606
MVZ200647	MVZ228428	Sierra_3	Sierra_3	81.6654433659683	0.118815392800142
MVZ200647	MVZ232186	Sierra_3	Sierra_3	121.113420631549	0.134817563388992
MVZ200647	MVZ240272	Sierra_3	North	199.539195343994	0.183506354036156
MVZ200647	MVZ240328	Sierra_3	North	215.481431659332	0.189093357271095
MVZ200647	MVZ240329	Sierra_3	North	215.481431659332	0.186283304925092
MVZ200647	MVZ240330	Sierra_3	North	215.481431659332	0.187399607353204
MVZ200647	MVZ241349	Sierra_3	North_Coast	257.76630923014	0.204976303317535
MVZ200647	MVZ222480	Sierra_3	Sierra_1	564.392353163257	0.356764049125419
MVZ200647	MVZ222490	Sierra_3	Sierra_1	586.870526662641	0.35754113345521
MVZ200647	MVZ223094	Sierra_3	Sierra_1	508.681201334777	0.362891411829336
MVZ200647	MVZ223095	Sierra_3	Sierra_1	508.681201334777	0.358929875821768
MVZ200647	MVZ224618	Sierra_3	Sierra_1	480.514860586892	0.36037101027553
MVZ200647	MVZ199508	Sierra_3	Sierra_2	282.566085003582	0.344821380365337
MVZ200647	MVZ199509	Sierra_3	Sierra_2	239.372500202204	0.342050587172539
MVZ200647	MVZ199510	Sierra_3	Sierra_2	243.395049214434	0.347690499864413
MVZ200647	MVZ199511	Sierra_3	Sierra_2	245.898400134485	0.344732991953183
MVZ200647	MVZ201003	Sierra_3	Sierra_2	249.54314167153	0.345461127703865
MVZ200647	MVZ201307	Sierra_3	Sierra_1	345.629032044426	0.369565217391304
MVZ200647	MVZ201308	Sierra_3	Sierra_1	335.471614996302	0.367107061503417
MVZ200647	MVZ201309	Sierra_3	Sierra_1	333.526085532162	0.368418667874943
MVZ200647	MVZ201312	Sierra_3	Sierra_1	330.842466020758	0.36587244065954
MVZ200647	MVZ201314	Sierra_3	Sierra_1	335.0558163503	0.366215725440349
MVZ200647	MVZ201318	Sierra_3	Sierra_1	350.180447039669	0.368580470162749
MVZ200647	MVZ207124	Sierra_3	Sierra_1	353.133073920973	0.367044424297371
MVZ200647	MVZ216205	Sierra_3	Sierra_1	332.71951119065	0.36782647989155
MVZ200647	MVZ216215	Sierra_3	Sierra_1	350.794959857548	0.363137361640356
MVZ200647	MVZ221740	Sierra_3	Sierra_2	150.148385195087	0.334083601286173
MVZ200647	MVZ222747	Sierra_3	Sierra_3	152.62597826022	0.130652597978365
MVZ200647	MVZ222750	Sierra_3	Sierra_3	152.372098357873	0.132368703108253
MVZ200647	MVZ222754	Sierra_3	Sierra_3	155.60155000984	0.136604179747062
MVZ200647	MVZ222755	Sierra_3	Sierra_3	157.760415322881	0.131557815845825
MVZ200647	MVZ222757	Sierra_3	Sierra_3	158.095518515856	0.130836925287356
MVZ200647	MVZ225827	Sierra_3	Sierra_1	319.70387769482	0.363903694173865
MVZ200647	MVZ232185	Sierra_3	Sierra_3	124.912825083379	0.132592989028632
MVZ200647	MVZ232188	Sierra_3	Sierra_2	254.246669751259	0.336316900761957
MVZ200647	MVZ232189	Sierra_3	Sierra_2	181.998591922423	0.33857729138167
MVZ217509	MVZ217516	Sierra_3	Sierra_3	69.9669022613612	0.133871799278227
MVZ217509	MVZ217517	Sierra_3	Sierra_3	69.9669022613612	0.128015564202335
MVZ217509	MVZ217872	Sierra_3	Sierra_3	136.920570616975	0.136124071194056
MVZ217509	MVZ218037	Sierra_3	Sierra_3	132.546791162328	0.132313657906075
MVZ217509	MVZ218549	Sierra_3	Sierra_3	133.850317998712	0.130186721991701
MVZ217509	MVZ219775	Sierra_3	Sierra_3	135.39303107753	0.130644590047813
MVZ217509	MVZ220148	Sierra_3	Sierra_3	136.981622343403	0.136203185535945
MVZ217509	MVZ222746	Sierra_3	Sierra_3	15.3585635976225	0.135919790758501
MVZ217509	MVZ222749	Sierra_3	Sierra_3	15.1805426858617	0.137519595889218
MVZ217509	MVZ222751	Sierra_3	Sierra_3	15.6373726933868	0.141237292553653
MVZ217509	MVZ222752	Sierra_3	Sierra_3	18.9230372471665	0.136607692984772
MVZ217509	MVZ222753	Sierra_3	Sierra_3	18.9230372471665	0.140819729682289
MVZ217509	MVZ222756	Sierra_3	Sierra_3	20.3929090265067	0.142888498683055
MVZ217509	MVZ222758	Sierra_3	Sierra_3	20.3929090265067	0.136745839112344
MVZ217509	MVZ223020	Sierra_3	Sierra_3	220.631201215874	0.133586438283596
MVZ217509	MVZ223022	Sierra_3	Sierra_3	243.806298174927	0.141012124406958
MVZ217509	MVZ223023	Sierra_3	Sierra_3	253.784813008948	0.1351401179941
MVZ217509	MVZ228426	Sierra_3	Sierra_3	133.430580063237	0.133062401678028
MVZ217509	MVZ228428	Sierra_3	Sierra_3	217.957005408279	0.138538494997825
MVZ217509	MVZ232186	Sierra_3	Sierra_3	65.6617829983358	0.141816920943134
MVZ217509	MVZ240272	Sierra_3	North	279.304276271376	0.198612696461499
MVZ217509	MVZ240328	Sierra_3	North	274.215820422304	0.198007581768492
MVZ217509	MVZ240329	Sierra_3	North	274.215820422304	0.201303275801338
MVZ217509	MVZ240330	Sierra_3	North	274.215820422304	0.199123959702146
MVZ217509	MVZ241349	Sierra_3	North_Coast	285.9496539746	0.213652244020425
MVZ217509	MVZ222480	Sierra_3	Sierra_1	431.027612034336	0.350292290829375
MVZ217509	MVZ222490	Sierra_3	Sierra_1	454.883974824127	0.353083542488347
MVZ217509	MVZ223094	Sierra_3	Sierra_1	377.972320924395	0.357097961749124
MVZ217509	MVZ223095	Sierra_3	Sierra_1	377.972320924395	0.35314122069089
MVZ217509	MVZ224618	Sierra_3	Sierra_1	346.646629829697	0.356066684496746
MVZ217509	MVZ199508	Sierra_3	Sierra_2	170.830124461144	0.331435883858443
MVZ217509	MVZ199509	Sierra_3	Sierra_2	127.121296765873	0.329745770218796
MVZ217509	MVZ199510	Sierra_3	Sierra_2	132.419139611385	0.333082039911308
MVZ217509	MVZ199511	Sierra_3	Sierra_2	131.555984679829	0.329760516638262
MVZ217509	MVZ201003	Sierra_3	Sierra_2	137.016264793304	0.330952169669003
MVZ217509	MVZ201307	Sierra_3	Sierra_1	215.968958736676	0.365416999025082
MVZ217509	MVZ201308	Sierra_3	Sierra_1	208.530131174488	0.360676967044744
MVZ217509	MVZ201309	Sierra_3	Sierra_1	204.75277712686	0.362897495114584
MVZ217509	MVZ201312	Sierra_3	Sierra_1	204.277967725077	0.361419561161943
MVZ217509	MVZ201314	Sierra_3	Sierra_1	208.824864258451	0.360468221470536
MVZ217509	MVZ201318	Sierra_3	Sierra_1	222.479080430945	0.363164893617022
MVZ217509	MVZ207124	Sierra_3	Sierra_1	220.878271774072	0.363761549395879
MVZ217509	MVZ216205	Sierra_3	Sierra_1	206.746994895096	0.362891075068687
MVZ217509	MVZ216215	Sierra_3	Sierra_1	226.549746136781	0.357225484961736
MVZ217509	MVZ221740	Sierra_3	Sierra_2	48.9759475547026	0.321206383554233
MVZ217509	MVZ222747	Sierra_3	Sierra_3	15.1805426858617	0.13600765750087
MVZ217509	MVZ222750	Sierra_3	Sierra_3	15.6373726933868	0.137447405329593
MVZ217509	MVZ222754	Sierra_3	Sierra_3	18.9230372471665	0.139522593147187
MVZ217509	MVZ222755	Sierra_3	Sierra_3	19.953177199176	0.134795552053235
MVZ217509	MVZ222757	Sierra_3	Sierra_3	20.3929090265067	0.13555359505955
MVZ217509	MVZ225827	Sierra_3	Sierra_1	199.212477732929	0.359915345821326
MVZ217509	MVZ232185	Sierra_3	Sierra_3	64.1192015105691	0.139219460973049
MVZ217509	MVZ232188	Sierra_3	Sierra_2	119.686009762436	0.323815528733561
MVZ217509	MVZ232189	Sierra_3	Sierra_2	62.1464855794518	0.325297432686288
MVZ217516	MVZ217517	Sierra_3	Sierra_3	0	0.118574514038878
MVZ217516	MVZ217872	Sierra_3	Sierra_3	67.7772772819807	0.1258523953388
MVZ217516	MVZ218037	Sierra_3	Sierra_3	64.404129501455	0.121157323688969
MVZ217516	MVZ218549	Sierra_3	Sierra_3	68.4286640951193	0.120974009152922
MVZ217516	MVZ219775	Sierra_3	Sierra_3	67.9644733191365	0.121983558737735
MVZ217516	MVZ220148	Sierra_3	Sierra_3	77.2217846828978	0.128527185134206
MVZ217516	MVZ222746	Sierra_3	Sierra_3	83.8518997085049	0.133487116991644
MVZ217516	MVZ222749	Sierra_3	Sierra_3	83.7547236860359	0.134618732590529
MVZ217516	MVZ222751	Sierra_3	Sierra_3	83.0715823065741	0.139460210014753
MVZ217516	MVZ222752	Sierra_3	Sierra_3	86.140829691197	0.131868131868132
MVZ217516	MVZ222753	Sierra_3	Sierra_3	86.140829691197	0.140127946718079
MVZ217516	MVZ222756	Sierra_3	Sierra_3	89.3656100029817	0.13861863441143
MVZ217516	MVZ222758	Sierra_3	Sierra_3	89.3656100029817	0.133050554016621
MVZ217516	MVZ223020	Sierra_3	Sierra_3	173.119226993286	0.124327897752314
MVZ217516	MVZ223022	Sierra_3	Sierra_3	175.392083994668	0.132020007020007
MVZ217516	MVZ223023	Sierra_3	Sierra_3	195.672012638172	0.12700460829493
MVZ217516	MVZ228426	Sierra_3	Sierra_3	63.4976558519573	0.120603892137184
MVZ217516	MVZ228428	Sierra_3	Sierra_3	153.486500870579	0.126586128976187
MVZ217516	MVZ232186	Sierra_3	Sierra_3	55.0075717075354	0.136513157894737
MVZ217516	MVZ240272	Sierra_3	North	220.181808408773	0.19196702622117
MVZ217516	MVZ240328	Sierra_3	North	222.403830337259	0.192182410423453
MVZ217516	MVZ240329	Sierra_3	North	222.403830337259	0.193315743183817
MVZ217516	MVZ240330	Sierra_3	North	222.403830337259	0.193518761479927
MVZ217516	MVZ241349	Sierra_3	North_Coast	247.322431989347	0.208053991239832
MVZ217516	MVZ222480	Sierra_3	Sierra_1	492.575034741295	0.361546880700475
MVZ217516	MVZ222490	Sierra_3	Sierra_1	515.067386392593	0.363705561028029
MVZ217516	MVZ223094	Sierra_3	Sierra_1	436.933718356965	0.367561260210035
MVZ217516	MVZ223095	Sierra_3	Sierra_1	436.933718356965	0.364620615604868
MVZ217516	MVZ224618	Sierra_3	Sierra_1	408.731786920202	0.366491446899501
MVZ217516	MVZ199508	Sierra_3	Sierra_2	213.262131660668	0.345485804972668
MVZ217516	MVZ199509	Sierra_3	Sierra_2	169.389167707476	0.341769911504425
MVZ217516	MVZ199510	Sierra_3	Sierra_2	173.712049237664	0.347186530793088
MVZ217516	MVZ199511	Sierra_3	Sierra_2	175.641363825987	0.34310035842294
MVZ217516	MVZ201003	Sierra_3	Sierra_2	179.660960831978	0.345246541326712
MVZ217516	MVZ201307	Sierra_3	Sierra_1	273.865574408863	0.37432468337614
MVZ217516	MVZ201308	Sierra_3	Sierra_1	263.915043519202	0.371786861835059
MVZ217516	MVZ201309	Sierra_3	Sierra_1	261.807033264266	0.37295882144125
MVZ217516	MVZ201312	Sierra_3	Sierra_1	259.316148875988	0.37133984028394
MVZ217516	MVZ201314	Sierra_3	Sierra_1	263.575279586396	0.369772201459335
MVZ217516	MVZ201318	Sierra_3	Sierra_1	278.573049057252	0.37226503676145
MVZ217516	MVZ207124	Sierra_3	Sierra_1	281.314638371274	0.372113676731794
MVZ217516	MVZ216205	Sierra_3	Sierra_1	261.263318758323	0.373339826456525
MVZ217516	MVZ216215	Sierra_3	Sierra_1	279.611527673919	0.367967291796285
MVZ217516	MVZ221740	Sierra_3	Sierra_2	78.9697543600998	0.332057286975319
MVZ217516	MVZ222747	Sierra_3	Sierra_3	83.7547236860359	0.131997566063978
MVZ217516	MVZ222750	Sierra_3	Sierra_3	83.0715823065741	0.136212333566923
MVZ217516	MVZ222754	Sierra_3	Sierra_3	86.140829691197	0.135631981704636
MVZ217516	MVZ222755	Sierra_3	Sierra_3	89.3143193815001	0.132566480055982
MVZ217516	MVZ222757	Sierra_3	Sierra_3	89.3656100029817	0.13025284115937
MVZ217516	MVZ225827	Sierra_3	Sierra_1	248.997737256676	0.368392615938766
MVZ217516	MVZ232185	Sierra_3	Sierra_3	58.0816481338971	0.129521230124061
MVZ217516	MVZ232188	Sierra_3	Sierra_2	182.790219367856	0.337922966162706
MVZ217516	MVZ232189	Sierra_3	Sierra_2	110.284365584756	0.337802806829354
MVZ217517	MVZ217872	Sierra_3	Sierra_3	67.7772772819807	0.123273390669794
MVZ217517	MVZ218037	Sierra_3	Sierra_3	64.404129501455	0.125227568270481
MVZ217517	MVZ218549	Sierra_3	Sierra_3	68.4286640951193	0.120807993049522
MVZ217517	MVZ219775	Sierra_3	Sierra_3	67.9644733191365	0.124054799395071
MVZ217517	MVZ220148	Sierra_3	Sierra_3	77.2217846828978	0.128073060941828
MVZ217517	MVZ222746	Sierra_3	Sierra_3	83.8518997085049	0.138961949850956
MVZ217517	MVZ222749	Sierra_3	Sierra_3	83.7547236860359	0.135061750021897
MVZ217517	MVZ222751	Sierra_3	Sierra_3	83.0715823065741	0.138515283842794
MVZ217517	MVZ222752	Sierra_3	Sierra_3	86.140829691197	0.134100974313552
MVZ217517	MVZ222753	Sierra_3	Sierra_3	86.140829691197	0.138761467889908
MVZ217517	MVZ222756	Sierra_3	Sierra_3	89.3656100029817	0.140612587165681
MVZ217517	MVZ222758	Sierra_3	Sierra_3	89.3656100029817	0.134236667828512
MVZ217517	MVZ223020	Sierra_3	Sierra_3	173.119226993286	0.123270049680625
MVZ217517	MVZ223022	Sierra_3	Sierra_3	175.392083994668	0.131864736005651
MVZ217517	MVZ223023	Sierra_3	Sierra_3	195.672012638172	0.127016502874096
MVZ217517	MVZ228426	Sierra_3	Sierra_3	63.4976558519573	0.121729587357331
MVZ217517	MVZ228428	Sierra_3	Sierra_3	153.486500870579	0.125459317585301
MVZ217517	MVZ232186	Sierra_3	Sierra_3	55.0075717075354	0.135931641817072
MVZ217517	MVZ240272	Sierra_3	North	220.181808408773	0.188200511870091
MVZ217517	MVZ240328	Sierra_3	North	222.403830337259	0.194808646350106
MVZ217517	MVZ240329	Sierra_3	North	222.403830337259	0.191994332270634
MVZ217517	MVZ240330	Sierra_3	North	222.403830337259	0.193585337915235
MVZ217517	MVZ241349	Sierra_3	North_Coast	247.322431989347	0.210784755383368
MVZ217517	MVZ222480	Sierra_3	Sierra_1	492.575034741295	0.354906820894153
MVZ217517	MVZ222490	Sierra_3	Sierra_1	515.067386392593	0.357509454349001
MVZ217517	MVZ223094	Sierra_3	Sierra_1	436.933718356965	0.360619469026549
MVZ217517	MVZ223095	Sierra_3	Sierra_1	436.933718356965	0.358255311487216
MVZ217517	MVZ224618	Sierra_3	Sierra_1	408.731786920202	0.36086216167772
MVZ217517	MVZ199508	Sierra_3	Sierra_2	213.262131660668	0.338082556591211
MVZ217517	MVZ199509	Sierra_3	Sierra_2	169.389167707476	0.336005701051132
MVZ217517	MVZ199510	Sierra_3	Sierra_2	173.712049237664	0.339921477647898
MVZ217517	MVZ199511	Sierra_3	Sierra_2	175.641363825987	0.338263143655875
MVZ217517	MVZ201003	Sierra_3	Sierra_2	179.660960831978	0.339551905739534
MVZ217517	MVZ201307	Sierra_3	Sierra_1	273.865574408863	0.36958845537146
MVZ217517	MVZ201308	Sierra_3	Sierra_1	263.915043519202	0.366669660499371
MVZ217517	MVZ201309	Sierra_3	Sierra_1	261.807033264266	0.3680239307081
MVZ217517	MVZ201312	Sierra_3	Sierra_1	259.316148875988	0.366318514550973
MVZ217517	MVZ201314	Sierra_3	Sierra_1	263.575279586396	0.36510067114094
MVZ217517	MVZ201318	Sierra_3	Sierra_1	278.573049057252	0.368116200320798
MVZ217517	MVZ207124	Sierra_3	Sierra_1	281.314638371274	0.367381590705987
MVZ217517	MVZ216205	Sierra_3	Sierra_1	261.263318758323	0.368451532430507
MVZ217517	MVZ216215	Sierra_3	Sierra_1	279.611527673919	0.362676686348185
MVZ217517	MVZ221740	Sierra_3	Sierra_2	78.9697543600998	0.326907375487617
MVZ217517	MVZ222747	Sierra_3	Sierra_3	83.7547236860359	0.130590809628009
MVZ217517	MVZ222750	Sierra_3	Sierra_3	83.0715823065741	0.134488230626818
MVZ217517	MVZ222754	Sierra_3	Sierra_3	86.140829691197	0.137755553588813
MVZ217517	MVZ222755	Sierra_3	Sierra_3	89.3143193815001	0.130790910692267
MVZ217517	MVZ222757	Sierra_3	Sierra_3	89.3656100029817	0.132076308784383
MVZ217517	MVZ225827	Sierra_3	Sierra_1	248.997737256676	0.363418168644144
MVZ217517	MVZ232185	Sierra_3	Sierra_3	58.0816481338971	0.13325710264755
MVZ217517	MVZ232188	Sierra_3	Sierra_2	182.790219367856	0.331807884005437
MVZ217517	MVZ232189	Sierra_3	Sierra_2	110.284365584756	0.332089216656175
MVZ217872	MVZ218037	Sierra_3	Sierra_3	8.09087060466963	0.116023533483302
MVZ217872	MVZ218549	Sierra_3	Sierra_3	20.0393563026535	0.114336544302699
MVZ217872	MVZ219775	Sierra_3	Sierra_3	11.2197404006981	0.116462113127001
MVZ217872	MVZ220148	Sierra_3	Sierra_3	39.1427056117614	0.120190229139646
MVZ217872	MVZ222746	Sierra_3	Sierra_3	151.297230403859	0.138918067226891
MVZ217872	MVZ222749	Sierra_3	Sierra_3	151.186475782635	0.135806790339517
MVZ217872	MVZ222751	Sierra_3	Sierra_3	150.635758920194	0.14468976350467
MVZ217872	MVZ222752	Sierra_3	Sierra_3	153.756801357614	0.14084195631025
MVZ217872	MVZ222753	Sierra_3	Sierra_3	153.756801357614	0.145222369000441
MVZ217872	MVZ222756	Sierra_3	Sierra_3	156.769186681583	0.143493211073885
MVZ217872	MVZ222758	Sierra_3	Sierra_3	156.769186681583	0.136976764424332
MVZ217872	MVZ223020	Sierra_3	Sierra_3	131.591459387603	0.116114164155292
MVZ217872	MVZ223022	Sierra_3	Sierra_3	107.666410087536	0.125848840285739
MVZ217872	MVZ223023	Sierra_3	Sierra_3	138.467016797052	0.124698683478583
MVZ217872	MVZ228426	Sierra_3	Sierra_3	12.1562638255379	0.113119789381307
MVZ217872	MVZ228428	Sierra_3	Sierra_3	89.7266637021492	0.122947239692523
MVZ217872	MVZ232186	Sierra_3	Sierra_3	111.635941251689	0.140400522420548
MVZ217872	MVZ240272	Sierra_3	North	183.4886232861	0.187538583649352
MVZ217872	MVZ240328	Sierra_3	North	198.026276643336	0.188761061946903
MVZ217872	MVZ240329	Sierra_3	North	198.026276643336	0.185360459973463
MVZ217872	MVZ240330	Sierra_3	North	198.026276643336	0.185102076733544
MVZ217872	MVZ241349	Sierra_3	North_Coast	239.572080772078	0.205165121929273
MVZ217872	MVZ222480	Sierra_3	Sierra_1	558.613786405588	0.368925362185953
MVZ217872	MVZ222490	Sierra_3	Sierra_1	580.495080760685	0.370295335854493
MVZ217872	MVZ223094	Sierra_3	Sierra_1	501.994153909803	0.373454282877515
MVZ217872	MVZ223095	Sierra_3	Sierra_1	501.994153909803	0.370490328385065
MVZ217872	MVZ224618	Sierra_3	Sierra_1	475.11389303573	0.372883633431873
MVZ217872	MVZ199508	Sierra_3	Sierra_2	273.005849363942	0.356205091812296
MVZ217872	MVZ199509	Sierra_3	Sierra_2	230.531178359012	0.351869991095281
MVZ217872	MVZ199510	Sierra_3	Sierra_2	234.28936566576	0.356996434937611
MVZ217872	MVZ199511	Sierra_3	Sierra_2	237.267906336255	0.354226748377794
MVZ217872	MVZ201003	Sierra_3	Sierra_2	240.568042860058	0.354638715432649
MVZ217872	MVZ201307	Sierra_3	Sierra_1	339.185794912531	0.382143492967776
MVZ217872	MVZ201308	Sierra_3	Sierra_1	328.35519676952	0.379296419276675
MVZ217872	MVZ201309	Sierra_3	Sierra_1	326.902238001498	0.381817370347228
MVZ217872	MVZ201312	Sierra_3	Sierra_1	323.663028205367	0.379527207850134
MVZ217872	MVZ201314	Sierra_3	Sierra_1	327.767004394162	0.377481666964765
MVZ217872	MVZ201318	Sierra_3	Sierra_1	343.169674034376	0.380154983521867
MVZ217872	MVZ207124	Sierra_3	Sierra_1	347.486489519935	0.378280664167113
MVZ217872	MVZ216205	Sierra_3	Sierra_1	325.383987420936	0.380430911680912
MVZ217872	MVZ216215	Sierra_3	Sierra_1	342.941725639136	0.375156445556946
MVZ217872	MVZ221740	Sierra_3	Sierra_2	143.219383515	0.344010511054731
MVZ217872	MVZ222747	Sierra_3	Sierra_3	151.186475782635	0.133985500917111
MVZ217872	MVZ222750	Sierra_3	Sierra_3	150.635758920194	0.137624372633618
MVZ217872	MVZ222754	Sierra_3	Sierra_3	153.756801357614	0.13899955732625
MVZ217872	MVZ222755	Sierra_3	Sierra_3	156.616250768771	0.133304003519578
MVZ217872	MVZ222757	Sierra_3	Sierra_3	156.769186681583	0.13264221158958
MVZ217872	MVZ225827	Sierra_3	Sierra_1	311.286232588995	0.376742712294043
MVZ217872	MVZ232185	Sierra_3	Sierra_3	115.616641357118	0.134985499604534
MVZ217872	MVZ232188	Sierra_3	Sierra_2	250.108750428678	0.347940244454503
MVZ217872	MVZ232189	Sierra_3	Sierra_2	175.832675028797	0.349024368312203
MVZ218037	MVZ218549	Sierra_3	Sierra_3	12.8320933287621	0.115634192766914
MVZ218037	MVZ219775	Sierra_3	Sierra_3	5.04856479587249	0.113376473716869
MVZ218037	MVZ220148	Sierra_3	Sierra_3	32.0698855837787	0.120999050987835
MVZ218037	MVZ222746	Sierra_3	Sierra_3	147.168789737414	0.138944701668559
MVZ218037	MVZ222749	Sierra_3	Sierra_3	147.047775355067	0.137617883339155
MVZ218037	MVZ222751	Sierra_3	Sierra_3	146.61263615409	0.14654422005571
MVZ218037	MVZ222752	Sierra_3	Sierra_3	149.781828785717	0.139594356261023
MVZ218037	MVZ222753	Sierra_3	Sierra_3	149.781828785717	0.1364075962722
MVZ218037	MVZ222756	Sierra_3	Sierra_3	152.595615042702	0.14701223268503
MVZ218037	MVZ222758	Sierra_3	Sierra_3	152.595615042702	0.136608461471636
MVZ218037	MVZ223020	Sierra_3	Sierra_3	127.082248952701	0.117961637054716
MVZ218037	MVZ223022	Sierra_3	Sierra_3	111.319456916302	0.124834990759483
MVZ218037	MVZ223023	Sierra_3	Sierra_3	137.079245342632	0.124780397595932
MVZ218037	MVZ228426	Sierra_3	Sierra_3	18.188123111117	0.112136856842842
MVZ218037	MVZ228428	Sierra_3	Sierra_3	90.3143393276122	0.11943549089642
MVZ218037	MVZ232186	Sierra_3	Sierra_3	111.112349276667	0.139487402258905
MVZ218037	MVZ240272	Sierra_3	North	191.5647893243	0.187010472586465
MVZ218037	MVZ240328	Sierra_3	North	205.829720062887	0.191258278145695
MVZ218037	MVZ240329	Sierra_3	North	205.829720062887	0.191652695667519
MVZ218037	MVZ240330	Sierra_3	North	205.829720062887	0.188487881981033
MVZ218037	MVZ241349	Sierra_3	North_Coast	246.664175514439	0.20751839224834
MVZ218037	MVZ222480	Sierra_3	Sierra_1	556.493940796654	0.366684966602617
MVZ218037	MVZ222490	Sierra_3	Sierra_1	578.651988567539	0.367607406075858
MVZ218037	MVZ223094	Sierra_3	Sierra_1	500.287040955815	0.373063760806916
MVZ218037	MVZ223095	Sierra_3	Sierra_1	500.287040955815	0.368907638452563
MVZ218037	MVZ224618	Sierra_3	Sierra_1	472.811786274687	0.371881984801073
MVZ218037	MVZ199508	Sierra_3	Sierra_2	272.677213307706	0.35530390161904
MVZ218037	MVZ199509	Sierra_3	Sierra_2	229.8064347723	0.351189419492277
MVZ218037	MVZ199510	Sierra_3	Sierra_2	233.703854194336	0.356285561877667
MVZ218037	MVZ199511	Sierra_3	Sierra_2	236.438697489959	0.352959697732997
MVZ218037	MVZ201003	Sierra_3	Sierra_2	239.918000205274	0.354880327431266
MVZ218037	MVZ201307	Sierra_3	Sierra_1	337.330423501833	0.380220366092056
MVZ218037	MVZ201308	Sierra_3	Sierra_1	326.815095303588	0.377160770264218
MVZ218037	MVZ201309	Sierra_3	Sierra_1	325.127659680838	0.379208979155532
MVZ218037	MVZ201312	Sierra_3	Sierra_1	322.151660929314	0.377403846153846
MVZ218037	MVZ201314	Sierra_3	Sierra_1	326.309641114513	0.376930631193643
MVZ218037	MVZ201318	Sierra_3	Sierra_1	341.583579103276	0.379955555555556
MVZ218037	MVZ207124	Sierra_3	Sierra_1	345.266708818552	0.378251960085531
MVZ218037	MVZ216205	Sierra_3	Sierra_1	323.948425832434	0.378775764036958
MVZ218037	MVZ216215	Sierra_3	Sierra_1	341.7641823025	0.373895976447498
MVZ218037	MVZ221740	Sierra_3	Sierra_2	141.454439804316	0.341636528028932
MVZ218037	MVZ222747	Sierra_3	Sierra_3	147.047775355067	0.135931641817072
MVZ218037	MVZ222750	Sierra_3	Sierra_3	146.61263615409	0.137214411247803
MVZ218037	MVZ222754	Sierra_3	Sierra_3	149.781828785717	0.141835834068844
MVZ218037	MVZ222755	Sierra_3	Sierra_3	152.371920989593	0.138384635622205
MVZ218037	MVZ222757	Sierra_3	Sierra_3	152.595615042702	0.137303410496555
MVZ218037	MVZ225827	Sierra_3	Sierra_1	310.380509346251	0.374153040021682
MVZ218037	MVZ232185	Sierra_3	Sierra_3	115.003942976574	0.137418959172946
MVZ218037	MVZ232188	Sierra_3	Sierra_2	247.179598818488	0.34651855865619
MVZ218037	MVZ232189	Sierra_3	Sierra_2	173.750477052959	0.348255135911006
MVZ218549	MVZ219775	Sierra_3	Sierra_3	8.85055383539903	0.111155555555556
MVZ218549	MVZ220148	Sierra_3	Sierra_3	19.2501999064186	0.114861940621484
MVZ218549	MVZ222746	Sierra_3	Sierra_3	148.838242581029	0.131954788399194
MVZ218549	MVZ222749	Sierra_3	Sierra_3	148.699005912625	0.132530647985989
MVZ218549	MVZ222751	Sierra_3	Sierra_3	148.478142473326	0.143892429931023
MVZ218549	MVZ222752	Sierra_3	Sierra_3	151.716974857639	0.136834188639179
MVZ218549	MVZ222753	Sierra_3	Sierra_3	151.716974857639	0.139777836551177
MVZ218549	MVZ222756	Sierra_3	Sierra_3	154.151850743606	0.139543089000617
MVZ218549	MVZ222758	Sierra_3	Sierra_3	154.151850743606	0.133629320100984
MVZ218549	MVZ223020	Sierra_3	Sierra_3	115.407240483858	0.119879411243128
MVZ218549	MVZ223022	Sierra_3	Sierra_3	110.799370568937	0.120774865413468
MVZ218549	MVZ223023	Sierra_3	Sierra_3	128.748126476833	0.117295393456298
MVZ218549	MVZ228426	Sierra_3	Sierra_3	31.0159030711428	0.11744053366102
MVZ218549	MVZ228428	Sierra_3	Sierra_3	85.1297260565765	0.121581476627348
MVZ218549	MVZ232186	Sierra_3	Sierra_3	118.539435423906	0.137136133867875
MVZ218549	MVZ240272	Sierra_3	North	202.676126840238	0.187301447229085
MVZ218549	MVZ240328	Sierra_3	North	217.980243986275	0.190931633014524
MVZ218549	MVZ240329	Sierra_3	North	217.980243986275	0.188097345132743
MVZ218549	MVZ240330	Sierra_3	North	217.980243986275	0.186189889025894
MVZ218549	MVZ241349	Sierra_3	North_Coast	259.428851101812	0.204829571004587
MVZ218549	MVZ222480	Sierra_3	Sierra_1	560.918580252325	0.363586308158209
MVZ218549	MVZ222490	Sierra_3	Sierra_1	583.489719776663	0.366969997297054
MVZ218549	MVZ223094	Sierra_3	Sierra_1	505.359498504819	0.36969669615454
MVZ218549	MVZ223095	Sierra_3	Sierra_1	505.359498504819	0.368496849684968
MVZ218549	MVZ224618	Sierra_3	Sierra_1	476.991893618603	0.369263176765866
MVZ218549	MVZ199508	Sierra_3	Sierra_2	279.84768517206	0.351933995741661
MVZ218549	MVZ199509	Sierra_3	Sierra_2	236.522338500286	0.348962507792324
MVZ218549	MVZ199510	Sierra_3	Sierra_2	240.597821353147	0.35418152639087
MVZ218549	MVZ199511	Sierra_3	Sierra_2	243.001459122597	0.350644666846992
MVZ218549	MVZ201003	Sierra_3	Sierra_2	246.715147821712	0.351579229122055
MVZ218549	MVZ201307	Sierra_3	Sierra_1	342.29320461491	0.379188948306595
MVZ218549	MVZ201308	Sierra_3	Sierra_1	332.25375505831	0.375673733381243
MVZ218549	MVZ201309	Sierra_3	Sierra_1	330.223592789124	0.377389673039128
MVZ218549	MVZ201312	Sierra_3	Sierra_1	327.637019719177	0.375569044006069
MVZ218549	MVZ201314	Sierra_3	Sierra_1	331.868743832596	0.374619652765348
MVZ218549	MVZ201318	Sierra_3	Sierra_1	346.940291756472	0.376960085531005
MVZ218549	MVZ207124	Sierra_3	Sierra_1	349.667690926382	0.375982844889206
MVZ218549	MVZ216205	Sierra_3	Sierra_1	329.541465382659	0.376692198076238
MVZ218549	MVZ216215	Sierra_3	Sierra_1	347.707452729944	0.372114868491681
MVZ218549	MVZ221740	Sierra_3	Sierra_2	147.010310603145	0.338816385716875
MVZ218549	MVZ222747	Sierra_3	Sierra_3	148.699005912625	0.130619205877208
MVZ218549	MVZ222750	Sierra_3	Sierra_3	148.478142473326	0.13635962979286
MVZ218549	MVZ222754	Sierra_3	Sierra_3	151.716974857639	0.135228480340064
MVZ218549	MVZ222755	Sierra_3	Sierra_3	153.797768483803	0.133415471266391
MVZ218549	MVZ222757	Sierra_3	Sierra_3	154.151850743606	0.13194998669859
MVZ218549	MVZ225827	Sierra_3	Sierra_1	316.734015480061	0.371797193300136
MVZ218549	MVZ232185	Sierra_3	Sierra_3	122.29002466872	0.136603143936068
MVZ218549	MVZ232188	Sierra_3	Sierra_2	250.590645953689	0.344284550638067
MVZ218549	MVZ232189	Sierra_3	Sierra_2	178.692586042111	0.345213483146067
MVZ219775	MVZ220148	Sierra_3	Sierra_3	27.9328439049852	0.114419923779136
MVZ219775	MVZ222746	Sierra_3	Sierra_3	150.146112779406	0.132972053027589
MVZ219775	MVZ222749	Sierra_3	Sierra_3	150.019179748745	0.129077060931901
MVZ219775	MVZ222751	Sierra_3	Sierra_3	149.651845352978	0.138692658499508
MVZ219775	MVZ222752	Sierra_3	Sierra_3	152.845524858406	0.136013764375622
MVZ219775	MVZ222753	Sierra_3	Sierra_3	152.845524858406	0.134776725304465
MVZ219775	MVZ222756	Sierra_3	Sierra_3	155.540925389241	0.135724585436193
MVZ219775	MVZ222758	Sierra_3	Sierra_3	155.540925389241	0.131543743868724
MVZ219775	MVZ223020	Sierra_3	Sierra_3	122.073475938472	0.115949918345128
MVZ219775	MVZ223022	Sierra_3	Sierra_3	108.431039718521	0.118905742145179
MVZ219775	MVZ223023	Sierra_3	Sierra_3	132.262203141755	0.121283847756107
MVZ219775	MVZ228426	Sierra_3	Sierra_3	22.6175717794378	0.117921984540716
MVZ219775	MVZ228428	Sierra_3	Sierra_3	86.0767049670309	0.122080014320236
MVZ219775	MVZ232186	Sierra_3	Sierra_3	115.635437144289	0.139213413002765
MVZ219775	MVZ240272	Sierra_3	North	194.039474997528	0.18254972875226
MVZ219775	MVZ240328	Sierra_3	North	209.132684068396	0.187307203774269
MVZ219775	MVZ240329	Sierra_3	North	209.132684068396	0.184043517679057
MVZ219775	MVZ240330	Sierra_3	North	209.132684068396	0.183303249097473
MVZ219775	MVZ241349	Sierra_3	North_Coast	250.747179452028	0.200737327188941
MVZ219775	MVZ222480	Sierra_3	Sierra_1	560.364900820088	0.360229194063498
MVZ219775	MVZ222490	Sierra_3	Sierra_1	582.633506637779	0.359491916859122
MVZ219775	MVZ223094	Sierra_3	Sierra_1	504.325813980323	0.365640599001664
MVZ219775	MVZ223095	Sierra_3	Sierra_1	504.325813980323	0.362172388335179
MVZ219775	MVZ224618	Sierra_3	Sierra_1	476.611743961589	0.363703159441587
MVZ219775	MVZ199508	Sierra_3	Sierra_2	277.193047116869	0.345399218820964
MVZ219775	MVZ199509	Sierra_3	Sierra_2	234.215755466009	0.341335641399416
MVZ219775	MVZ199510	Sierra_3	Sierra_2	238.153748324986	0.347554298229604
MVZ219775	MVZ199511	Sierra_3	Sierra_2	240.814398523126	0.343112833287204
MVZ219775	MVZ201003	Sierra_3	Sierra_2	244.34744021765	0.344415015069869
MVZ219775	MVZ201307	Sierra_3	Sierra_1	341.327987419911	0.372820231899936
MVZ219775	MVZ201308	Sierra_3	Sierra_1	330.93345065883	0.36878453038674
MVZ219775	MVZ201309	Sierra_3	Sierra_1	329.158344090558	0.371854698508555
MVZ219775	MVZ201312	Sierra_3	Sierra_1	326.281200928224	0.368916941090377
MVZ219775	MVZ201314	Sierra_3	Sierra_1	330.458116405613	0.368165137614679
MVZ219775	MVZ201318	Sierra_3	Sierra_1	345.68290993706	0.37120935330654
MVZ219775	MVZ207124	Sierra_3	Sierra_1	349.115671552761	0.369905669017309
MVZ219775	MVZ216205	Sierra_3	Sierra_1	328.105077237234	0.370377134508264
MVZ219775	MVZ216215	Sierra_3	Sierra_1	346.008518884206	0.36467784804326
MVZ219775	MVZ221740	Sierra_3	Sierra_2	145.552846181533	0.334338187552174
MVZ219775	MVZ222747	Sierra_3	Sierra_3	150.019179748745	0.129348117678619
MVZ219775	MVZ222750	Sierra_3	Sierra_3	149.651845352978	0.134067123782028
MVZ219775	MVZ222754	Sierra_3	Sierra_3	152.845524858406	0.135467534816423
MVZ219775	MVZ222755	Sierra_3	Sierra_3	155.275122149905	0.133780619596541
MVZ219775	MVZ222757	Sierra_3	Sierra_3	155.540925389241	0.131772060155826
MVZ219775	MVZ225827	Sierra_3	Sierra_1	314.718635963878	0.365784586815228
MVZ219775	MVZ232185	Sierra_3	Sierra_3	119.498884222028	0.136817486732032
MVZ219775	MVZ232188	Sierra_3	Sierra_2	250.733538480082	0.338120830244625
MVZ219775	MVZ232189	Sierra_3	Sierra_2	177.705428380805	0.338595360824744
MVZ220148	MVZ222746	Sierra_3	Sierra_3	152.281855682471	0.139221164760325
MVZ220148	MVZ222749	Sierra_3	Sierra_3	152.117834634089	0.136875163569746
MVZ220148	MVZ222751	Sierra_3	Sierra_3	152.21280230344	0.149621706235325
MVZ220148	MVZ222752	Sierra_3	Sierra_3	155.511097385346	0.141459545214172
MVZ220148	MVZ222753	Sierra_3	Sierra_3	155.511097385346	0.14395536812511
MVZ220148	MVZ222756	Sierra_3	Sierra_3	157.361206299629	0.146399366921657
MVZ220148	MVZ222758	Sierra_3	Sierra_3	157.361206299629	0.139918409860255
MVZ220148	MVZ223020	Sierra_3	Sierra_3	99.0230283511658	0.120549518508702
MVZ220148	MVZ223022	Sierra_3	Sierra_3	113.853535652805	0.125373527860784
MVZ220148	MVZ223023	Sierra_3	Sierra_3	118.730132071345	0.116734392316217
MVZ220148	MVZ228426	Sierra_3	Sierra_3	50.258008450625	0.12025537869512
MVZ220148	MVZ228428	Sierra_3	Sierra_3	81.7110636090331	0.119165795889934
MVZ220148	MVZ232186	Sierra_3	Sierra_3	130.457337871826	0.143272317168386
MVZ220148	MVZ240272	Sierra_3	North	220.161277815899	0.186824294629515
MVZ220148	MVZ240328	Sierra_3	North	236.630531229336	0.189881792519407
MVZ220148	MVZ240329	Sierra_3	North	236.630531229336	0.192568758815232
MVZ220148	MVZ240330	Sierra_3	North	236.630531229336	0.192331315258402
MVZ220148	MVZ241349	Sierra_3	North_Coast	278.662317718604	0.207545478985572
MVZ220148	MVZ222480	Sierra_3	Sierra_1	567.013972442595	0.368288667337419
MVZ220148	MVZ222490	Sierra_3	Sierra_1	590.187052264256	0.369054029797164
MVZ220148	MVZ223094	Sierra_3	Sierra_1	512.479761200032	0.374640287769784
MVZ220148	MVZ223095	Sierra_3	Sierra_1	512.479761200032	0.371434977578475
MVZ220148	MVZ224618	Sierra_3	Sierra_1	482.807490173061	0.373694079828556
MVZ220148	MVZ199508	Sierra_3	Sierra_2	290.456743451254	0.357704889046061
MVZ220148	MVZ199509	Sierra_3	Sierra_2	246.610185299462	0.355044813204366
MVZ220148	MVZ199510	Sierra_3	Sierra_2	250.927952084104	0.359554055254508
MVZ220148	MVZ199511	Sierra_3	Sierra_2	252.842619714019	0.352322760355828
MVZ220148	MVZ201003	Sierra_3	Sierra_2	256.882741320219	0.357250755287008
MVZ220148	MVZ201307	Sierra_3	Sierra_1	349.497453206667	0.383311140701287
MVZ220148	MVZ201308	Sierra_3	Sierra_1	340.185163294353	0.379473872584109
MVZ220148	MVZ201309	Sierra_3	Sierra_1	337.652766499635	0.382127924561872
MVZ220148	MVZ201312	Sierra_3	Sierra_1	335.648136371835	0.378870106761566
MVZ220148	MVZ201314	Sierra_3	Sierra_1	339.979137788156	0.378344630752765
MVZ220148	MVZ201318	Sierra_3	Sierra_1	354.718142299461	0.381747159090909
MVZ220148	MVZ207124	Sierra_3	Sierra_1	356.022330442197	0.380295478818085
MVZ220148	MVZ216205	Sierra_3	Sierra_1	337.707332658971	0.380559254327563
MVZ220148	MVZ216215	Sierra_3	Sierra_1	356.352559627795	0.375879889512608
MVZ220148	MVZ221740	Sierra_3	Sierra_2	156.031349502294	0.345406918977508
MVZ220148	MVZ222747	Sierra_3	Sierra_3	152.117834634089	0.136628919860627
MVZ220148	MVZ222750	Sierra_3	Sierra_3	152.21280230344	0.141045889269106
MVZ220148	MVZ222754	Sierra_3	Sierra_3	155.511097385346	0.142120571126389
MVZ220148	MVZ222755	Sierra_3	Sierra_3	156.820285103504	0.139278820845763
MVZ220148	MVZ222757	Sierra_3	Sierra_3	157.361206299629	0.136568350406217
MVZ220148	MVZ225827	Sierra_3	Sierra_1	326.051818800437	0.37634214562844
MVZ220148	MVZ232185	Sierra_3	Sierra_3	133.971842648807	0.141418563922942
MVZ220148	MVZ232188	Sierra_3	Sierra_2	255.796070409456	0.348777406839303
MVZ220148	MVZ232189	Sierra_3	Sierra_2	186.552509376623	0.350613854288018
MVZ222746	MVZ222749	Sierra_3	Sierra_3	0.24867644397768	0.138550494350282
MVZ222746	MVZ222751	Sierra_3	Sierra_3	2.32490298804123	0.13957581624571
MVZ222746	MVZ222752	Sierra_3	Sierra_3	4.16042205854401	0.132887700534759
MVZ222746	MVZ222753	Sierra_3	Sierra_3	4.16042205854401	0.136796228764565
MVZ222746	MVZ222756	Sierra_3	Sierra_3	5.53948064492065	0.138032174917785
MVZ222746	MVZ222758	Sierra_3	Sierra_3	5.53948064492065	0.130398525280899
MVZ222746	MVZ223020	Sierra_3	Sierra_3	235.661599423848	0.138941060728021
MVZ222746	MVZ223022	Sierra_3	Sierra_3	258.484506039355	0.140128239380176
MVZ222746	MVZ223023	Sierra_3	Sierra_3	269.139741280168	0.139714125560538
MVZ222746	MVZ228426	Sierra_3	Sierra_3	147.319849220891	0.136778250088559
MVZ222746	MVZ228428	Sierra_3	Sierra_3	233.142906241243	0.1394006170119
MVZ222746	MVZ232186	Sierra_3	Sierra_3	71.0570313806877	0.143566095740009
MVZ222746	MVZ240272	Sierra_3	North	288.145731877669	0.197953736654805
MVZ222746	MVZ240328	Sierra_3	North	281.070150411241	0.201483202287348
MVZ222746	MVZ240329	Sierra_3	North	281.070150411241	0.202436194895593
MVZ222746	MVZ240330	Sierra_3	North	281.070150411241	0.201190264700658
MVZ222746	MVZ241349	Sierra_3	North_Coast	289.455941977436	0.214279230210603
MVZ222746	MVZ222480	Sierra_3	Sierra_1	415.686236212608	0.350263669164586
MVZ222746	MVZ222490	Sierra_3	Sierra_1	439.585113176339	0.351266684827022
MVZ222746	MVZ223094	Sierra_3	Sierra_1	362.748929787935	0.356401384083045
MVZ222746	MVZ223095	Sierra_3	Sierra_1	362.748929787935	0.352644950548952
MVZ222746	MVZ224618	Sierra_3	Sierra_1	331.299291195076	0.353308026030368
MVZ222746	MVZ199508	Sierra_3	Sierra_2	158.272048630674	0.330155746509131
MVZ222746	MVZ199509	Sierra_3	Sierra_2	115.173688087948	0.325815437146194
MVZ222746	MVZ199510	Sierra_3	Sierra_2	120.582708531862	0.331354560172694
MVZ222746	MVZ199511	Sierra_3	Sierra_2	119.151320344885	0.328680549240703
MVZ222746	MVZ201003	Sierra_3	Sierra_2	124.822423111234	0.32922218221102
MVZ222746	MVZ201307	Sierra_3	Sierra_1	200.924670652218	0.364399928135105
MVZ222746	MVZ201308	Sierra_3	Sierra_1	193.760493688518	0.358967391304349
MVZ222746	MVZ201309	Sierra_3	Sierra_1	189.807746993063	0.361166096814829
MVZ222746	MVZ201312	Sierra_3	Sierra_1	189.558549359706	0.359020525747208
MVZ222746	MVZ201314	Sierra_3	Sierra_1	194.129250768216	0.358941951792001
MVZ222746	MVZ201318	Sierra_3	Sierra_1	207.604487381802	0.361181017436634
MVZ222746	MVZ207124	Sierra_3	Sierra_1	205.631833608419	0.361511439380291
MVZ222746	MVZ216205	Sierra_3	Sierra_1	192.084643176259	0.360542385057472
MVZ222746	MVZ216215	Sierra_3	Sierra_1	212.02063153713	0.357710006315981
MVZ222746	MVZ221740	Sierra_3	Sierra_2	46.3133453534827	0.318418647166362
MVZ222746	MVZ222747	Sierra_3	Sierra_3	0.24867644397768	0.131446707220312
MVZ222746	MVZ222750	Sierra_3	Sierra_3	2.32490298804123	0.136722912966252
MVZ222746	MVZ222754	Sierra_3	Sierra_3	4.16042205854401	0.136882468343142
MVZ222746	MVZ222755	Sierra_3	Sierra_3	5.8438432309929	0.133833451704545
MVZ222746	MVZ222757	Sierra_3	Sierra_3	5.53948064492065	0.131560125167635
MVZ222746	MVZ225827	Sierra_3	Sierra_1	185.223835507537	0.356973347937203
MVZ222746	MVZ232185	Sierra_3	Sierra_3	68.7283991633867	0.144870999202057
MVZ222746	MVZ232188	Sierra_3	Sierra_2	104.374745932516	0.323303807871428
MVZ222746	MVZ232189	Sierra_3	Sierra_2	51.1483273811597	0.322121486854034
MVZ222749	MVZ222751	Sierra_3	Sierra_3	2.51128831050063	0.140821532236784
MVZ222749	MVZ222752	Sierra_3	Sierra_3	4.406132000713	0.133817242607767
MVZ222749	MVZ222753	Sierra_3	Sierra_3	4.406132000713	0.133750888415067
MVZ222749	MVZ222756	Sierra_3	Sierra_3	5.61874613277442	0.135947363741442
MVZ222749	MVZ222758	Sierra_3	Sierra_3	5.61874613277442	0.134252348757573
MVZ222749	MVZ223020	Sierra_3	Sierra_3	235.451870529278	0.137371479660259
MVZ222749	MVZ223022	Sierra_3	Sierra_3	258.362407195177	0.144230769230769
MVZ222749	MVZ223023	Sierra_3	Sierra_3	268.957184811229	0.137951976081473
MVZ222749	MVZ228426	Sierra_3	Sierra_3	147.226553452559	0.134138785625774
MVZ222749	MVZ228428	Sierra_3	Sierra_3	232.990823965203	0.14057268722467
MVZ222749	MVZ232186	Sierra_3	Sierra_3	71.1320887292826	0.143616087109238
MVZ222749	MVZ240272	Sierra_3	North	288.178538032157	0.197519338490264
MVZ222749	MVZ240328	Sierra_3	North	281.138987726145	0.205428086777967
MVZ222749	MVZ240329	Sierra_3	North	281.138987726145	0.199973247726057
MVZ222749	MVZ240330	Sierra_3	North	281.138987726145	0.200621669626999
MVZ222749	MVZ241349	Sierra_3	North_Coast	289.577645436492	0.212049723255603
MVZ222749	MVZ222480	Sierra_3	Sierra_1	415.873376552428	0.349736379613357
MVZ222749	MVZ222490	Sierra_3	Sierra_1	439.778890691379	0.352633969118982
MVZ222749	MVZ223094	Sierra_3	Sierra_1	362.949645877455	0.355875125147901
MVZ222749	MVZ223095	Sierra_3	Sierra_1	362.949645877455	0.353376293338174
MVZ222749	MVZ224618	Sierra_3	Sierra_1	331.484947477492	0.355729260798843
MVZ222749	MVZ199508	Sierra_3	Sierra_2	158.518744487107	0.328043983550867
MVZ222749	MVZ199509	Sierra_3	Sierra_2	115.422091414713	0.326455548578093
MVZ222749	MVZ199510	Sierra_3	Sierra_2	120.831217723673	0.329577085391039
MVZ222749	MVZ199511	Sierra_3	Sierra_2	119.398767334195	0.32842736440447
MVZ222749	MVZ201003	Sierra_3	Sierra_2	125.07036056228	0.329454578129212
MVZ222749	MVZ201307	Sierra_3	Sierra_1	201.135793997677	0.364779874213836
MVZ222749	MVZ201308	Sierra_3	Sierra_1	193.981244126712	0.360693589279246
MVZ222749	MVZ201309	Sierra_3	Sierra_1	190.022908047283	0.362453866234585
MVZ222749	MVZ201312	Sierra_3	Sierra_1	189.780698187021	0.361001080302484
MVZ222749	MVZ201314	Sierra_3	Sierra_1	194.35198974021	0.359882671480145
MVZ222749	MVZ201318	Sierra_3	Sierra_1	207.821977543226	0.361495595901492
MVZ222749	MVZ207124	Sierra_3	Sierra_1	205.831063942791	0.361969546806019
MVZ222749	MVZ216205	Sierra_3	Sierra_1	192.308233030556	0.361582682116231
MVZ222749	MVZ216215	Sierra_3	Sierra_1	212.247152605463	0.356859563728142
MVZ222749	MVZ221740	Sierra_3	Sierra_2	46.4885336318906	0.31986301369863
MVZ222749	MVZ222747	Sierra_3	Sierra_3	0	0.132146947405515
MVZ222749	MVZ222750	Sierra_3	Sierra_3	2.51128831050063	0.13320617459191
MVZ222749	MVZ222754	Sierra_3	Sierra_3	4.406132000713	0.135779898332293
MVZ222749	MVZ222755	Sierra_3	Sierra_3	5.8559231002413	0.136810849140224
MVZ222749	MVZ222757	Sierra_3	Sierra_3	5.61874613277442	0.13625
MVZ222749	MVZ225827	Sierra_3	Sierra_1	185.459520148696	0.359243697478991
MVZ222749	MVZ232185	Sierra_3	Sierra_3	68.8149523141585	0.137306158617634
MVZ222749	MVZ232188	Sierra_3	Sierra_2	104.567729746374	0.322139076473809
MVZ222749	MVZ232189	Sierra_3	Sierra_2	51.3956355409314	0.322959137446769
MVZ222751	MVZ222752	Sierra_3	Sierra_3	3.3096746149072	0.136605952909818
MVZ222751	MVZ222753	Sierra_3	Sierra_3	3.3096746149072	0.136911621310167
MVZ222751	MVZ222756	Sierra_3	Sierra_3	6.88551849025137	0.142382345120978
MVZ222751	MVZ222758	Sierra_3	Sierra_3	6.88551849025137	0.14159446923952
MVZ222751	MVZ223020	Sierra_3	Sierra_3	236.237684530035	0.143468568880963
MVZ222751	MVZ223022	Sierra_3	Sierra_3	257.931450730809	0.150306203958463
MVZ222751	MVZ223023	Sierra_3	Sierra_3	269.304144782747	0.146590273896032
MVZ222751	MVZ228426	Sierra_3	Sierra_3	146.488969914179	0.144804163726182
MVZ222751	MVZ228428	Sierra_3	Sierra_3	232.922881224073	0.143742309720514
MVZ222751	MVZ232186	Sierra_3	Sierra_3	69.0345764800484	0.146590212728706
MVZ222751	MVZ240272	Sierra_3	North	286.342726217672	0.2019426949348
MVZ222751	MVZ240328	Sierra_3	North	279.06969335278	0.20586403274604
MVZ222751	MVZ240329	Sierra_3	North	279.06969335278	0.206447309915518
MVZ222751	MVZ240330	Sierra_3	North	279.06969335278	0.20567407276268
MVZ222751	MVZ241349	Sierra_3	North_Coast	287.236780812168	0.216276124129196
MVZ222751	MVZ222480	Sierra_3	Sierra_1	415.475571307747	0.350663716814159
MVZ222751	MVZ222490	Sierra_3	Sierra_1	439.278087585019	0.352203819350168
MVZ222751	MVZ223094	Sierra_3	Sierra_1	362.337897997442	0.357136380123323
MVZ222751	MVZ223095	Sierra_3	Sierra_1	362.337897997442	0.353946297803092
MVZ222751	MVZ224618	Sierra_3	Sierra_1	331.111284403505	0.354459459459459
MVZ222751	MVZ199508	Sierra_3	Sierra_2	156.809301487614	0.327898066470642
MVZ222751	MVZ199509	Sierra_3	Sierra_2	113.574850203637	0.323195276858396
MVZ222751	MVZ199510	Sierra_3	Sierra_2	118.966055910343	0.328021486123544
MVZ222751	MVZ199511	Sierra_3	Sierra_2	117.643713930655	0.326029877772748
MVZ222751	MVZ201003	Sierra_3	Sierra_2	123.274733199205	0.326809387316374
MVZ222751	MVZ201307	Sierra_3	Sierra_1	200.34964147735	0.364222401289283
MVZ222751	MVZ201308	Sierra_3	Sierra_1	193.0112039745	0.360321328639768
MVZ222751	MVZ201309	Sierra_3	Sierra_1	189.162612500532	0.360829368997396
MVZ222751	MVZ201312	Sierra_3	Sierra_1	188.782334076269	0.360046666068383
MVZ222751	MVZ201314	Sierra_3	Sierra_1	193.341068589435	0.359140365075083
MVZ222751	MVZ201318	Sierra_3	Sierra_1	206.915773658468	0.361576354679803
MVZ222751	MVZ207124	Sierra_3	Sierra_1	205.249749156758	0.361889367816093
MVZ222751	MVZ216205	Sierra_3	Sierra_1	191.279614958883	0.361504028648166
MVZ222751	MVZ216215	Sierra_3	Sierra_1	211.154091462601	0.357598633953446
MVZ222751	MVZ221740	Sierra_3	Sierra_2	43.9897590668842	0.315902057163663
MVZ222751	MVZ222747	Sierra_3	Sierra_3	2.51128831050063	0.13398664088592
MVZ222751	MVZ222750	Sierra_3	Sierra_3	0	0.135052640891799
MVZ222751	MVZ222754	Sierra_3	Sierra_3	3.3096746149072	0.146742511776731
MVZ222751	MVZ222755	Sierra_3	Sierra_3	7.59562818601172	0.137918840067191
MVZ222751	MVZ222757	Sierra_3	Sierra_3	6.88551849025137	0.137771448914204
MVZ222751	MVZ225827	Sierra_3	Sierra_1	184.145829840888	0.357942649066909
MVZ222751	MVZ232185	Sierra_3	Sierra_3	66.6518712438127	0.144731030827666
MVZ222751	MVZ232188	Sierra_3	Sierra_2	104.100241205048	0.320181818181819
MVZ222751	MVZ232189	Sierra_3	Sierra_2	49.3219686678421	0.322302483069979
MVZ222752	MVZ222753	Sierra_3	Sierra_3	0	0.134705038551192
MVZ222752	MVZ222756	Sierra_3	Sierra_3	5.23779952699891	0.134722471708281
MVZ222752	MVZ222758	Sierra_3	Sierra_3	5.23779952699891	0.135694653781363
MVZ222752	MVZ223020	Sierra_3	Sierra_3	239.486502276253	0.139362758371694
MVZ222752	MVZ223022	Sierra_3	Sierra_3	261.097460916897	0.139685393258427
MVZ222752	MVZ223023	Sierra_3	Sierra_3	272.613529915615	0.141385151030394
MVZ222752	MVZ228426	Sierra_3	Sierra_3	149.517306556181	0.136388019669199
MVZ222752	MVZ228428	Sierra_3	Sierra_3	236.195132215702	0.139741878059635
MVZ222752	MVZ232186	Sierra_3	Sierra_3	70.572775080012	0.142914153955304
MVZ222752	MVZ240272	Sierra_3	North	288.289153818155	0.19975721607769
MVZ222752	MVZ240328	Sierra_3	North	280.598751441431	0.199206062793215
MVZ222752	MVZ240329	Sierra_3	North	280.598751441431	0.199963937973313
MVZ222752	MVZ240330	Sierra_3	North	280.598751441431	0.196960186513631
MVZ222752	MVZ241349	Sierra_3	North_Coast	288.048452670683	0.212629456511777
MVZ222752	MVZ222480	Sierra_3	Sierra_1	412.16704036491	0.344389423526115
MVZ222752	MVZ222490	Sierra_3	Sierra_1	435.976133077291	0.346521020745365
MVZ222752	MVZ223094	Sierra_3	Sierra_1	359.0494523768	0.349917233768623
MVZ222752	MVZ223095	Sierra_3	Sierra_1	359.0494523768	0.34746151026393
MVZ222752	MVZ224618	Sierra_3	Sierra_1	327.802021244392	0.348941219423148
MVZ222752	MVZ199508	Sierra_3	Sierra_2	154.113918947605	0.320227765726682
MVZ222752	MVZ199509	Sierra_3	Sierra_2	111.040417197488	0.317274541825439
MVZ222752	MVZ199510	Sierra_3	Sierra_2	116.454539376918	0.323331820245121
MVZ222752	MVZ199511	Sierra_3	Sierra_2	114.998544330003	0.320235034887991
MVZ222752	MVZ201003	Sierra_3	Sierra_2	120.676448426426	0.320601326187665
MVZ222752	MVZ201307	Sierra_3	Sierra_1	197.0958715743	0.356967771221062
MVZ222752	MVZ201308	Sierra_3	Sierra_1	189.815264982072	0.353419897585954
MVZ222752	MVZ201309	Sierra_3	Sierra_1	185.929413820851	0.35325147794452
MVZ222752	MVZ201312	Sierra_3	Sierra_1	185.597227903841	0.35293315143247
MVZ222752	MVZ201314	Sierra_3	Sierra_1	190.161052377243	0.352115244347191
MVZ222752	MVZ201318	Sierra_3	Sierra_1	203.697445549999	0.354334997730367
MVZ222752	MVZ207124	Sierra_3	Sierra_1	201.956129394801	0.354898925514478
MVZ222752	MVZ216205	Sierra_3	Sierra_1	188.10681133093	0.354932389509029
MVZ222752	MVZ216215	Sierra_3	Sierra_1	208.009862364704	0.350409836065574
MVZ222752	MVZ221740	Sierra_3	Sierra_2	44.0241217699411	0.310002768293808
MVZ222752	MVZ222747	Sierra_3	Sierra_3	4.406132000713	0.136481069042316
MVZ222752	MVZ222750	Sierra_3	Sierra_3	3.3096746149072	0.129704301075269
MVZ222752	MVZ222754	Sierra_3	Sierra_3	0	0.13156709020456
MVZ222752	MVZ222755	Sierra_3	Sierra_3	6.51484024767014	0.135924068767908
MVZ222752	MVZ222757	Sierra_3	Sierra_3	5.23779952699891	0.135481541655384
MVZ222752	MVZ225827	Sierra_3	Sierra_1	181.121720078881	0.35127779315435
MVZ222752	MVZ232185	Sierra_3	Sierra_3	68.04621634142	0.140708915145006
MVZ222752	MVZ232188	Sierra_3	Sierra_2	100.794103908298	0.313485113835376
MVZ222752	MVZ232189	Sierra_3	Sierra_2	47.144969479278	0.313581037796286
MVZ222753	MVZ222756	Sierra_3	Sierra_3	5.23779952699891	0.14513242662849
MVZ222753	MVZ222758	Sierra_3	Sierra_3	5.23779952699891	0.138034641215977
MVZ222753	MVZ223020	Sierra_3	Sierra_3	239.486502276253	0.141887640449438
MVZ222753	MVZ223022	Sierra_3	Sierra_3	261.097460916897	0.144432490586337
MVZ222753	MVZ223023	Sierra_3	Sierra_3	272.613529915615	0.142736168611216
MVZ222753	MVZ228426	Sierra_3	Sierra_3	149.517306556181	0.140005347117013
MVZ222753	MVZ228428	Sierra_3	Sierra_3	236.195132215702	0.14368122115726
MVZ222753	MVZ232186	Sierra_3	Sierra_3	70.572775080012	0.14947769121813
MVZ222753	MVZ240272	Sierra_3	North	288.289153818155	0.196911369740376
MVZ222753	MVZ240328	Sierra_3	North	280.598751441431	0.204465810045826
MVZ222753	MVZ240329	Sierra_3	North	280.598751441431	0.204194359619185
MVZ222753	MVZ240330	Sierra_3	North	280.598751441431	0.202082960843912
MVZ222753	MVZ241349	Sierra_3	North_Coast	288.048452670683	0.214625011418653
MVZ222753	MVZ222480	Sierra_3	Sierra_1	412.16704036491	0.342906348910818
MVZ222753	MVZ222490	Sierra_3	Sierra_1	435.976133077291	0.346196049743965
MVZ222753	MVZ223094	Sierra_3	Sierra_1	359.0494523768	0.349940416170135
MVZ222753	MVZ223095	Sierra_3	Sierra_1	359.0494523768	0.345352344392652
MVZ222753	MVZ224618	Sierra_3	Sierra_1	327.802021244392	0.347378958864216
MVZ222753	MVZ199508	Sierra_3	Sierra_2	154.113918947605	0.320419366450683
MVZ222753	MVZ199509	Sierra_3	Sierra_2	111.040417197488	0.320119198121727
MVZ222753	MVZ199510	Sierra_3	Sierra_2	116.454539376918	0.322936443359551
MVZ222753	MVZ199511	Sierra_3	Sierra_2	114.998544330003	0.320775420629116
MVZ222753	MVZ201003	Sierra_3	Sierra_2	120.676448426426	0.321260625791282
MVZ222753	MVZ201307	Sierra_3	Sierra_1	197.0958715743	0.356664555243869
MVZ222753	MVZ201308	Sierra_3	Sierra_1	189.815264982072	0.35260326433847
MVZ222753	MVZ201309	Sierra_3	Sierra_1	185.929413820851	0.352946509519493
MVZ222753	MVZ201312	Sierra_3	Sierra_1	185.597227903841	0.351917323905358
MVZ222753	MVZ201314	Sierra_3	Sierra_1	190.161052377243	0.351676815413978
MVZ222753	MVZ201318	Sierra_3	Sierra_1	203.697445549999	0.352786825913863
MVZ222753	MVZ207124	Sierra_3	Sierra_1	201.956129394801	0.352853125283499
MVZ222753	MVZ216205	Sierra_3	Sierra_1	188.10681133093	0.352893309222423
MVZ222753	MVZ216215	Sierra_3	Sierra_1	208.009862364704	0.349795733091239
MVZ222753	MVZ221740	Sierra_3	Sierra_2	44.0241217699411	0.310710352422907
MVZ222753	MVZ222747	Sierra_3	Sierra_3	4.406132000713	0.133842194017928
MVZ222753	MVZ222750	Sierra_3	Sierra_3	3.3096746149072	0.135603825869312
MVZ222753	MVZ222754	Sierra_3	Sierra_3	0	0.13481228668942
MVZ222753	MVZ222755	Sierra_3	Sierra_3	6.51484024767014	0.136302776042132
MVZ222753	MVZ222757	Sierra_3	Sierra_3	5.23779952699891	0.140981837798957
MVZ222753	MVZ225827	Sierra_3	Sierra_1	181.121720078881	0.348445834099687
MVZ222753	MVZ232185	Sierra_3	Sierra_3	68.04621634142	0.140271089709292
MVZ222753	MVZ232188	Sierra_3	Sierra_2	100.794103908298	0.313446535107847
MVZ222753	MVZ232189	Sierra_3	Sierra_2	47.144969479278	0.316917464660281
MVZ222756	MVZ222758	Sierra_3	Sierra_3	0	0.141278401556007
MVZ222756	MVZ223020	Sierra_3	Sierra_3	239.922787290238	0.139281534167642
MVZ222756	MVZ223022	Sierra_3	Sierra_3	263.904314672746	0.143196486195769
MVZ222756	MVZ223023	Sierra_3	Sierra_3	273.956865643936	0.143139283363115
MVZ222756	MVZ228426	Sierra_3	Sierra_3	152.841322977377	0.142748908102326
MVZ222756	MVZ228428	Sierra_3	Sierra_3	238.344279219905	0.144860642641576
MVZ222756	MVZ232186	Sierra_3	Sierra_3	75.6695351191587	0.144064048124558
MVZ222756	MVZ240272	Sierra_3	North	293.178401596834	0.201720584281746
MVZ222756	MVZ240328	Sierra_3	North	285.710071108282	0.204371683008006
MVZ222756	MVZ240329	Sierra_3	North	285.710071108282	0.202400215749731
MVZ222756	MVZ240330	Sierra_3	North	285.710071108282	0.20288882926393
MVZ222756	MVZ241349	Sierra_3	North_Coast	293.285999801679	0.21508226691042
MVZ222756	MVZ222480	Sierra_3	Sierra_1	410.96953007266	0.341360037261294
MVZ222756	MVZ222490	Sierra_3	Sierra_1	434.993218729347	0.343941752907776
MVZ222756	MVZ223094	Sierra_3	Sierra_1	358.307218588216	0.347169984405101
MVZ222756	MVZ223095	Sierra_3	Sierra_1	358.307218588216	0.344149908592322
MVZ222756	MVZ224618	Sierra_3	Sierra_1	326.558835661566	0.346230881281865
MVZ222756	MVZ199508	Sierra_3	Sierra_2	156.046075994066	0.324024862624987
MVZ222756	MVZ199509	Sierra_3	Sierra_2	113.392966257326	0.322019343758475
MVZ222756	MVZ199510	Sierra_3	Sierra_2	118.850541018298	0.324354911724762
MVZ222756	MVZ199511	Sierra_3	Sierra_2	117.090849181064	0.324091865678471
MVZ222756	MVZ201003	Sierra_3	Sierra_2	122.873355800417	0.32288741961779
MVZ222756	MVZ201307	Sierra_3	Sierra_1	196.758825186027	0.355448950036206
MVZ222756	MVZ201308	Sierra_3	Sierra_1	189.897599732375	0.353408157678619
MVZ222756	MVZ201309	Sierra_3	Sierra_1	185.762439242764	0.353871962277839
MVZ222756	MVZ201312	Sierra_3	Sierra_1	185.746469531109	0.352439688010158
MVZ222756	MVZ201314	Sierra_3	Sierra_1	190.337784551237	0.35040480305649
MVZ222756	MVZ201318	Sierra_3	Sierra_1	203.62927726948	0.352544367982614
MVZ222756	MVZ207124	Sierra_3	Sierra_1	201.167827415173	0.353678474114443
MVZ222756	MVZ216205	Sierra_3	Sierra_1	188.325391120375	0.352991762469448
MVZ222756	MVZ216215	Sierra_3	Sierra_1	208.372563972007	0.348205361199455
MVZ222756	MVZ221740	Sierra_3	Sierra_2	49.1537721311905	0.312873838225821
MVZ222756	MVZ222747	Sierra_3	Sierra_3	5.61874613277442	0.13690846133357
MVZ222756	MVZ222750	Sierra_3	Sierra_3	6.88551849025137	0.136400214592275
MVZ222756	MVZ222754	Sierra_3	Sierra_3	5.23779952699891	0.132110174053472
MVZ222756	MVZ222755	Sierra_3	Sierra_3	1.59387219341394	0.134998659397622
MVZ222756	MVZ222757	Sierra_3	Sierra_3	0	0.132778776978417
MVZ222756	MVZ225827	Sierra_3	Sierra_1	182.02400406902	0.348642429820525
MVZ222756	MVZ232185	Sierra_3	Sierra_3	73.1929155428237	0.14442462087422
MVZ222756	MVZ232188	Sierra_3	Sierra_2	99.8014066883319	0.31486585814039
MVZ222756	MVZ232189	Sierra_3	Sierra_2	50.3524124753918	0.316687967865621
MVZ222758	MVZ223020	Sierra_3	Sierra_3	239.922787290238	0.137204339320648
MVZ222758	MVZ223022	Sierra_3	Sierra_3	263.904314672746	0.141896673743807
MVZ222758	MVZ223023	Sierra_3	Sierra_3	273.956865643936	0.138801115241636
MVZ222758	MVZ228426	Sierra_3	Sierra_3	152.841322977377	0.135575314728409
MVZ222758	MVZ228428	Sierra_3	Sierra_3	238.344279219905	0.139777407764438
MVZ222758	MVZ232186	Sierra_3	Sierra_3	75.6695351191587	0.141696514370578
MVZ222758	MVZ240272	Sierra_3	North	293.178401596834	0.197984797595898
MVZ222758	MVZ240328	Sierra_3	North	285.710071108282	0.202957108604919
MVZ222758	MVZ240329	Sierra_3	North	285.710071108282	0.200124135485015
MVZ222758	MVZ240330	Sierra_3	North	285.710071108282	0.203664459161148
MVZ222758	MVZ241349	Sierra_3	North_Coast	293.285999801679	0.212444804902226
MVZ222758	MVZ222480	Sierra_3	Sierra_1	410.96953007266	0.353211853487944
MVZ222758	MVZ222490	Sierra_3	Sierra_1	434.993218729347	0.355917667238422
MVZ222758	MVZ223094	Sierra_3	Sierra_1	358.307218588216	0.358656283955088
MVZ222758	MVZ223095	Sierra_3	Sierra_1	358.307218588216	0.355298790395378
MVZ222758	MVZ224618	Sierra_3	Sierra_1	326.558835661566	0.356578001437814
MVZ222758	MVZ199508	Sierra_3	Sierra_2	156.046075994066	0.331318339407947
MVZ222758	MVZ199509	Sierra_3	Sierra_2	113.392966257326	0.327861539834063
MVZ222758	MVZ199510	Sierra_3	Sierra_2	118.850541018298	0.334211466333275
MVZ222758	MVZ199511	Sierra_3	Sierra_2	117.090849181064	0.329900632339656
MVZ222758	MVZ201003	Sierra_3	Sierra_2	122.873355800417	0.333154650227821
MVZ222758	MVZ201307	Sierra_3	Sierra_1	196.758825186027	0.364627065654309
MVZ222758	MVZ201308	Sierra_3	Sierra_1	189.897599732375	0.360435800468215
MVZ222758	MVZ201309	Sierra_3	Sierra_1	185.762439242764	0.361625928910377
MVZ222758	MVZ201312	Sierra_3	Sierra_1	185.746469531109	0.360551526546691
MVZ222758	MVZ201314	Sierra_3	Sierra_1	190.337784551237	0.359450726978998
MVZ222758	MVZ201318	Sierra_3	Sierra_1	203.62927726948	0.362247632660353
MVZ222758	MVZ207124	Sierra_3	Sierra_1	201.167827415173	0.36194230424655
MVZ222758	MVZ216205	Sierra_3	Sierra_1	188.325391120375	0.362450875312612
MVZ222758	MVZ216215	Sierra_3	Sierra_1	208.372563972007	0.358097202295552
MVZ222758	MVZ221740	Sierra_3	Sierra_2	49.1537721311905	0.320459290187891
MVZ222758	MVZ222747	Sierra_3	Sierra_3	5.61874613277442	0.132377444532141
MVZ222758	MVZ222750	Sierra_3	Sierra_3	6.88551849025137	0.138599434828683
MVZ222758	MVZ222754	Sierra_3	Sierra_3	5.23779952699891	0.137360198828333
MVZ222758	MVZ222755	Sierra_3	Sierra_3	1.59387219341394	0.131625363788694
MVZ222758	MVZ222757	Sierra_3	Sierra_3	0	0.135102694051748
MVZ222758	MVZ225827	Sierra_3	Sierra_1	182.02400406902	0.358505131232403
MVZ222758	MVZ232185	Sierra_3	Sierra_3	73.1929155428237	0.140974792878548
MVZ222758	MVZ232188	Sierra_3	Sierra_2	99.8014066883319	0.325883952855848
MVZ222758	MVZ232189	Sierra_3	Sierra_2	50.3524124753918	0.322927927927929
MVZ223020	MVZ223022	Sierra_3	Sierra_3	121.900220934517	0.114200863930885
MVZ223020	MVZ223023	Sierra_3	Sierra_3	56.1253718325992	0.11160924964606
MVZ223020	MVZ228426	Sierra_3	Sierra_3	143.744594876665	0.118308975163633
MVZ223020	MVZ228428	Sierra_3	Sierra_3	80.5734788884106	0.112959329290047
MVZ223020	MVZ232186	Sierra_3	Sierra_3	227.833042419859	0.140449937755646
MVZ223020	MVZ240272	Sierra_3	North	285.115407401366	0.179246982525671
MVZ223020	MVZ240328	Sierra_3	North	311.470527526806	0.180014462623158
MVZ223020	MVZ240329	Sierra_3	North	311.470527526806	0.178729556338664
MVZ223020	MVZ240330	Sierra_3	North	311.470527526806	0.179464125157346
MVZ223020	MVZ241349	Sierra_3	North_Coast	362.844087161162	0.195945945945946
MVZ223020	MVZ222480	Sierra_3	Sierra_1	649.607668539798	0.359492128935532
MVZ223020	MVZ222490	Sierra_3	Sierra_1	674.308590426833	0.360791532443626
MVZ223020	MVZ223094	Sierra_3	Sierra_1	598.110953931603	0.364269248501613
MVZ223020	MVZ223095	Sierra_3	Sierra_1	598.110953931603	0.361629725006897
MVZ223020	MVZ224618	Sierra_3	Sierra_1	565.172188540691	0.364722578282366
MVZ223020	MVZ199508	Sierra_3	Sierra_2	384.783148641047	0.347349342999546
MVZ223020	MVZ199509	Sierra_3	Sierra_2	340.451681109165	0.343440312755706
MVZ223020	MVZ199510	Sierra_3	Sierra_2	345.114332792638	0.348698580269384
MVZ223020	MVZ199511	Sierra_3	Sierra_2	346.219321067372	0.344207232906965
MVZ223020	MVZ201003	Sierra_3	Sierra_2	350.757331064597	0.34646207084965
MVZ223020	MVZ201307	Sierra_3	Sierra_1	436.580939210509	0.373998907899527
MVZ223020	MVZ201308	Sierra_3	Sierra_1	429.008357301029	0.370054163224088
MVZ223020	MVZ201309	Sierra_3	Sierra_1	425.379033773334	0.372604489870415
MVZ223020	MVZ201312	Sierra_3	Sierra_1	424.688814784494	0.371089831281349
MVZ223020	MVZ201314	Sierra_3	Sierra_1	429.194050665331	0.368529357965977
MVZ223020	MVZ201318	Sierra_3	Sierra_1	443.064201609629	0.371368727802568
MVZ223020	MVZ207124	Sierra_3	Sierra_1	440.984883013788	0.37171412924425
MVZ223020	MVZ216205	Sierra_3	Sierra_1	427.062816215043	0.373020207536865
MVZ223020	MVZ216215	Sierra_3	Sierra_1	446.566384262542	0.36731524618617
MVZ223020	MVZ221740	Sierra_3	Sierra_2	249.5816191928	0.335460599334075
MVZ223020	MVZ222747	Sierra_3	Sierra_3	235.451870529278	0.135227982510931
MVZ223020	MVZ222750	Sierra_3	Sierra_3	236.237684530035	0.133279337652988
MVZ223020	MVZ222754	Sierra_3	Sierra_3	239.486502276253	0.137422150013539
MVZ223020	MVZ222755	Sierra_3	Sierra_3	238.982873664564	0.135040431266846
MVZ223020	MVZ222757	Sierra_3	Sierra_3	239.922787290238	0.130031659882406
MVZ223020	MVZ225827	Sierra_3	Sierra_1	417.849245019305	0.368350448700158
MVZ223020	MVZ232185	Sierra_3	Sierra_3	231.094961846946	0.136102637717567
MVZ223020	MVZ232188	Sierra_3	Sierra_2	339.548000283155	0.339323662570453
MVZ223020	MVZ232189	Sierra_3	Sierra_2	277.516466645475	0.341011287510323
MVZ223022	MVZ223023	Sierra_3	Sierra_3	82.37366291009	0.117837990403613
MVZ223022	MVZ228426	Sierra_3	Sierra_3	113.944034940623	0.124788230049041
MVZ223022	MVZ228428	Sierra_3	Sierra_3	43.6247284294325	0.117140319715808
MVZ223022	MVZ232186	Sierra_3	Sierra_3	216.247882169456	0.14442575046489
MVZ223022	MVZ240272	Sierra_3	North	175.606094427914	0.174080717488789
MVZ223022	MVZ240328	Sierra_3	North	209.531951966313	0.17902790279028
MVZ223022	MVZ240329	Sierra_3	North	209.531951966313	0.176415009448394
MVZ223022	MVZ240330	Sierra_3	North	209.531951966313	0.173002951963503
MVZ223022	MVZ241349	Sierra_3	North_Coast	269.901924851617	0.19124508279206
MVZ223022	MVZ222480	Sierra_3	Sierra_1	665.080214522514	0.357116209662377
MVZ223022	MVZ222490	Sierra_3	Sierra_1	686.372867505949	0.359902939291273
MVZ223022	MVZ223094	Sierra_3	Sierra_1	607.620048047355	0.363565393093314
MVZ223022	MVZ223095	Sierra_3	Sierra_1	607.620048047355	0.36080586080586
MVZ223022	MVZ224618	Sierra_3	Sierra_1	581.938532219337	0.363391962088764
MVZ223022	MVZ199508	Sierra_3	Sierra_2	375.129110219198	0.347694667508797
MVZ223022	MVZ199509	Sierra_3	Sierra_2	334.260907246523	0.3441828881847
MVZ223022	MVZ199510	Sierra_3	Sierra_2	337.566463949295	0.348898358872065
MVZ223022	MVZ199511	Sierra_3	Sierra_2	341.25700501917	0.344045108645824
MVZ223022	MVZ201003	Sierra_3	Sierra_2	343.999392481748	0.347682119205299
MVZ223022	MVZ201307	Sierra_3	Sierra_1	445.344216956911	0.372088808337109
MVZ223022	MVZ201308	Sierra_3	Sierra_1	433.851118431229	0.369829239338874
MVZ223022	MVZ201309	Sierra_3	Sierra_1	432.918416819952	0.372138444767442
MVZ223022	MVZ201312	Sierra_3	Sierra_1	429.102210682192	0.369646098003629
MVZ223022	MVZ201314	Sierra_3	Sierra_1	433.065831233292	0.367455621301775
MVZ223022	MVZ201318	Sierra_3	Sierra_1	448.740583020115	0.37141950688905
MVZ223022	MVZ207124	Sierra_3	Sierra_1	454.276360570949	0.369762791965828
MVZ223022	MVZ216205	Sierra_3	Sierra_1	430.635260459709	0.370388833499502
MVZ223022	MVZ216215	Sierra_3	Sierra_1	447.462079924188	0.365830379056449
MVZ223022	MVZ221740	Sierra_3	Sierra_2	249.804496264425	0.334485300893928
MVZ223022	MVZ222747	Sierra_3	Sierra_3	258.362407195177	0.140724946695096
MVZ223022	MVZ222750	Sierra_3	Sierra_3	257.931450730809	0.144859394590722
MVZ223022	MVZ222754	Sierra_3	Sierra_3	261.097460916897	0.144508410542413
MVZ223022	MVZ222755	Sierra_3	Sierra_3	263.665008390176	0.135550786838341
MVZ223022	MVZ222757	Sierra_3	Sierra_3	263.904314672746	0.136490627253064
MVZ223022	MVZ225827	Sierra_3	Sierra_1	415.118285729078	0.365939025513493
MVZ223022	MVZ232185	Sierra_3	Sierra_3	220.35468789975	0.14012312633833
MVZ223022	MVZ232188	Sierra_3	Sierra_2	357.682422284108	0.33928735843845
MVZ223022	MVZ232189	Sierra_3	Sierra_2	282.721651286378	0.339734796524919
MVZ223023	MVZ228426	Sierra_3	Sierra_3	149.55801321336	0.12185070712747
MVZ223023	MVZ228428	Sierra_3	Sierra_3	54.994371120675	0.117205704166279
MVZ223023	MVZ232186	Sierra_3	Sierra_3	247.285976609966	0.139931265093814
MVZ223023	MVZ240272	Sierra_3	North	256.980869566863	0.17455900386756
MVZ223023	MVZ240328	Sierra_3	North	288.808763089361	0.175602836879433
MVZ223023	MVZ240329	Sierra_3	North	288.808763089361	0.17407547526719
MVZ223023	MVZ240330	Sierra_3	North	288.808763089361	0.175002350286735
MVZ223023	MVZ241349	Sierra_3	North_Coast	346.238539555288	0.189078858899242
MVZ223023	MVZ222480	Sierra_3	Sierra_1	684.76615534352	0.357946760618516
MVZ223023	MVZ222490	Sierra_3	Sierra_1	708.331774023635	0.361223506743738
MVZ223023	MVZ223094	Sierra_3	Sierra_1	630.876893712989	0.364652597089718
MVZ223023	MVZ223095	Sierra_3	Sierra_1	630.876893712989	0.362521638776688
MVZ223023	MVZ224618	Sierra_3	Sierra_1	600.41500744998	0.364868748802452
MVZ223023	MVZ199508	Sierra_3	Sierra_2	408.451430173343	0.347990902198635
MVZ223023	MVZ199509	Sierra_3	Sierra_2	364.892657422094	0.344112611755754
MVZ223023	MVZ199510	Sierra_3	Sierra_2	369.081150053276	0.348985617677873
MVZ223023	MVZ199511	Sierra_3	Sierra_2	371.244280012198	0.344714821583149
MVZ223023	MVZ201003	Sierra_3	Sierra_2	375.129515163905	0.345504814567642
MVZ223023	MVZ201307	Sierra_3	Sierra_1	468.008951255731	0.374583373012094
MVZ223023	MVZ201308	Sierra_3	Sierra_1	458.878560254081	0.370956905653134
MVZ223023	MVZ201309	Sierra_3	Sierra_1	456.241015004708	0.372696897374701
MVZ223023	MVZ201312	Sierra_3	Sierra_1	454.352919940044	0.370197349604347
MVZ223023	MVZ201314	Sierra_3	Sierra_1	458.693776660644	0.368494068120934
MVZ223023	MVZ201318	Sierra_3	Sierra_1	473.38198203894	0.371809523809524
MVZ223023	MVZ207124	Sierra_3	Sierra_1	474.138581597465	0.371873209852969
MVZ223023	MVZ216205	Sierra_3	Sierra_1	456.426984315312	0.372346501665873
MVZ223023	MVZ216215	Sierra_3	Sierra_1	475.077741761076	0.367271858576207
MVZ223023	MVZ221740	Sierra_3	Sierra_2	274.625166196646	0.335495111799438
MVZ223023	MVZ222747	Sierra_3	Sierra_3	268.957184811229	0.137218395084714
MVZ223023	MVZ222750	Sierra_3	Sierra_3	269.304144782747	0.137020358382587
MVZ223023	MVZ222754	Sierra_3	Sierra_3	272.613529915615	0.139292452830188
MVZ223023	MVZ222755	Sierra_3	Sierra_3	273.254383567438	0.137723989117178
MVZ223023	MVZ222757	Sierra_3	Sierra_3	273.956865643936	0.136964943777757
MVZ223023	MVZ225827	Sierra_3	Sierra_1	444.665174567708	0.367227540856784
MVZ223023	MVZ232185	Sierra_3	Sierra_3	251.023544601934	0.140840446487196
MVZ223023	MVZ232188	Sierra_3	Sierra_2	373.36548021256	0.33764978739853
MVZ223023	MVZ232189	Sierra_3	Sierra_2	305.278040177958	0.341140334037245
MVZ228426	MVZ228428	Sierra_3	Sierra_3	99.5524679804028	0.121367370373642
MVZ228426	MVZ232186	Sierra_3	Sierra_3	102.99967594353	0.137076177895199
MVZ228426	MVZ240272	Sierra_3	North	175.881585565791	0.181947912950411
MVZ228426	MVZ240328	Sierra_3	North	188.550627630639	0.189851307774991
MVZ228426	MVZ240329	Sierra_3	North	188.550627630639	0.185856146001074
MVZ228426	MVZ240330	Sierra_3	North	188.550627630639	0.188401281823037
MVZ228426	MVZ241349	Sierra_3	North_Coast	228.525961013244	0.202326849663697
MVZ228426	MVZ222480	Sierra_3	Sierra_1	551.262469505812	0.357202485854745
MVZ228426	MVZ222490	Sierra_3	Sierra_1	572.799597913219	0.359153005464481
MVZ228426	MVZ223094	Sierra_3	Sierra_1	494.158697622757	0.363404177688589
MVZ228426	MVZ223095	Sierra_3	Sierra_1	494.158697622757	0.360385770175598
MVZ228426	MVZ224618	Sierra_3	Sierra_1	468.020062057544	0.362635869565218
MVZ228426	MVZ199508	Sierra_3	Sierra_2	263.79243851837	0.343436154949785
MVZ228426	MVZ199509	Sierra_3	Sierra_2	221.772378605969	0.340727076397012
MVZ228426	MVZ199510	Sierra_3	Sierra_2	225.378881573429	0.345599495540942
MVZ228426	MVZ199511	Sierra_3	Sierra_2	228.612156013104	0.341640091116173
MVZ228426	MVZ201003	Sierra_3	Sierra_2	231.717351824984	0.34322033898305
MVZ228426	MVZ201307	Sierra_3	Sierra_1	331.607287242286	0.371993514097829
MVZ228426	MVZ201308	Sierra_3	Sierra_1	320.408476923037	0.367783224400872
MVZ228426	MVZ201309	Sierra_3	Sierra_1	319.2351283707	0.371175886652829
MVZ228426	MVZ201312	Sierra_3	Sierra_1	315.68630267067	0.368278599783472
MVZ228426	MVZ201314	Sierra_3	Sierra_1	319.724468469882	0.367956950348196
MVZ228426	MVZ201318	Sierra_3	Sierra_1	335.266264593716	0.370325313147697
MVZ228426	MVZ207124	Sierra_3	Sierra_1	340.355833733008	0.368939051918736
MVZ228426	MVZ216205	Sierra_3	Sierra_1	317.318031408557	0.369866714697406
MVZ228426	MVZ216215	Sierra_3	Sierra_1	334.571122581823	0.365325497287523
MVZ228426	MVZ221740	Sierra_3	Sierra_2	135.878562828934	0.331149793861658
MVZ228426	MVZ222747	Sierra_3	Sierra_3	147.226553452559	0.134695321482267
MVZ228426	MVZ222750	Sierra_3	Sierra_3	146.488969914179	0.13006501024134
MVZ228426	MVZ222754	Sierra_3	Sierra_3	149.517306556181	0.13752236135957
MVZ228426	MVZ222755	Sierra_3	Sierra_3	152.806891805231	0.135303542816449
MVZ228426	MVZ222757	Sierra_3	Sierra_3	152.841322977377	0.132607331719997
MVZ228426	MVZ225827	Sierra_3	Sierra_1	302.640067278909	0.366361556064073
MVZ228426	MVZ232185	Sierra_3	Sierra_3	107.055320202208	0.135189131592968
MVZ228426	MVZ232188	Sierra_3	Sierra_2	244.03215918267	0.335971815519766
MVZ228426	MVZ232189	Sierra_3	Sierra_2	168.777661614476	0.337101607191502
MVZ228428	MVZ232186	Sierra_3	Sierra_3	201.229428103614	0.142312077887904
MVZ228428	MVZ240272	Sierra_3	North	206.954422242526	0.180913452994491
MVZ228428	MVZ240328	Sierra_3	North	236.387174196767	0.185059725441255
MVZ228428	MVZ240329	Sierra_3	North	236.387174196767	0.187466595403527
MVZ228428	MVZ240330	Sierra_3	North	236.387174196767	0.184975194897236
MVZ228428	MVZ241349	Sierra_3	North_Coast	292.211134741442	0.201584427342689
MVZ228428	MVZ222480	Sierra_3	Sierra_1	646.040192545443	0.366229689807976
MVZ228428	MVZ222490	Sierra_3	Sierra_1	668.531025884185	0.367609720710918
MVZ228428	MVZ223094	Sierra_3	Sierra_1	590.310184194506	0.371014624398219
MVZ228428	MVZ223095	Sierra_3	Sierra_1	590.310184194506	0.36856884057971
MVZ228428	MVZ224618	Sierra_3	Sierra_1	562.121196614985	0.371574107464841
MVZ228428	MVZ199508	Sierra_3	Sierra_2	362.706715303388	0.353238052702101
MVZ228428	MVZ199509	Sierra_3	Sierra_2	320.054319034849	0.349022772099696
MVZ228428	MVZ199510	Sierra_3	Sierra_2	323.891875577954	0.354604200323101
MVZ228428	MVZ199511	Sierra_3	Sierra_2	326.720013011028	0.349505309975493
MVZ228428	MVZ201003	Sierra_3	Sierra_2	330.137312724099	0.351984911083168
MVZ228428	MVZ201307	Sierra_3	Sierra_1	427.272262153441	0.379931850789096
MVZ228428	MVZ201308	Sierra_3	Sierra_1	416.993711889995	0.376490784242863
MVZ228428	MVZ201309	Sierra_3	Sierra_1	415.145776252252	0.378312820052106
MVZ228428	MVZ201312	Sierra_3	Sierra_1	412.346796243743	0.377434700655238
MVZ228428	MVZ201314	Sierra_3	Sierra_1	416.530220021295	0.375416479063485
MVZ228428	MVZ201318	Sierra_3	Sierra_1	431.73147098213	0.377466810190169
MVZ228428	MVZ207124	Sierra_3	Sierra_1	434.784537998724	0.37752899919072
MVZ228428	MVZ216205	Sierra_3	Sierra_1	414.179173454022	0.377644316959484
MVZ228428	MVZ216215	Sierra_3	Sierra_1	432.06830459506	0.373660995589162
MVZ228428	MVZ221740	Sierra_3	Sierra_2	231.615289730476	0.339510681029762
MVZ228428	MVZ222747	Sierra_3	Sierra_3	232.990823965203	0.139392605633803
MVZ228428	MVZ222750	Sierra_3	Sierra_3	232.922881224073	0.139842156601933
MVZ228428	MVZ222754	Sierra_3	Sierra_3	236.195132215702	0.144244476122595
MVZ228428	MVZ222755	Sierra_3	Sierra_3	237.886055153626	0.14165485471297
MVZ228428	MVZ222757	Sierra_3	Sierra_3	238.344279219905	0.134543346414556
MVZ228428	MVZ225827	Sierra_3	Sierra_1	400.683245173842	0.373576828490755
MVZ228428	MVZ232185	Sierra_3	Sierra_3	205.169526011105	0.137299973477146
MVZ228428	MVZ232188	Sierra_3	Sierra_2	335.627238380489	0.343510754648196
MVZ228428	MVZ232189	Sierra_3	Sierra_2	263.634249324849	0.344576240492577
MVZ232186	MVZ240272	Sierra_3	North	218.492759956351	0.204557522123894
MVZ232186	MVZ240328	Sierra_3	North	210.042563565202	0.207530414705621
MVZ232186	MVZ240329	Sierra_3	North	210.042563565202	0.203817132711939
MVZ232186	MVZ240330	Sierra_3	North	210.042563565202	0.203163662071403
MVZ232186	MVZ241349	Sierra_3	North_Coast	220.382502511167	0.217173540294197
MVZ232186	MVZ222480	Sierra_3	Sierra_1	449.009631339538	0.34605832030172
MVZ232186	MVZ222490	Sierra_3	Sierra_1	470.125927815563	0.349115363784076
MVZ232186	MVZ223094	Sierra_3	Sierra_1	391.38007098994	0.352249072314236
MVZ232186	MVZ223095	Sierra_3	Sierra_1	391.38007098994	0.348628406424832
MVZ232186	MVZ224618	Sierra_3	Sierra_1	366.25178720868	0.349932644813651
MVZ232186	MVZ199508	Sierra_3	Sierra_2	161.565520767252	0.323500622886635
MVZ232186	MVZ199509	Sierra_3	Sierra_2	118.899413623993	0.320896188520931
MVZ232186	MVZ199510	Sierra_3	Sierra_2	122.667064145912	0.324260302136408
MVZ232186	MVZ199511	Sierra_3	Sierra_2	125.668686736971	0.321270443661336
MVZ232186	MVZ201003	Sierra_3	Sierra_2	128.933583321938	0.32423727297128
MVZ232186	MVZ201307	Sierra_3	Sierra_1	229.218611992194	0.357308688275739
MVZ232186	MVZ201308	Sierra_3	Sierra_1	217.607516119112	0.354010984064104
MVZ232186	MVZ201309	Sierra_3	Sierra_1	216.740982770578	0.356625212489934
MVZ232186	MVZ201312	Sierra_3	Sierra_1	212.863302280136	0.355768370178109
MVZ232186	MVZ201314	Sierra_3	Sierra_1	216.850115690161	0.353561176892716
MVZ232186	MVZ201318	Sierra_3	Sierra_1	232.493828062609	0.354922279792746
MVZ232186	MVZ207124	Sierra_3	Sierra_1	238.734842793154	0.354429812774344
MVZ232186	MVZ216205	Sierra_3	Sierra_1	214.429146457571	0.356352111418624
MVZ232186	MVZ216215	Sierra_3	Sierra_1	231.572100711793	0.351672495740291
MVZ232186	MVZ221740	Sierra_3	Sierra_2	36.6118716536061	0.310676965015902
MVZ232186	MVZ222747	Sierra_3	Sierra_3	71.1320887292826	0.144009822838099
MVZ232186	MVZ222750	Sierra_3	Sierra_3	69.0345764800484	0.14086810466761
MVZ232186	MVZ222754	Sierra_3	Sierra_3	70.572775080012	0.142007632910269
MVZ232186	MVZ222755	Sierra_3	Sierra_3	76.6049174406316	0.140808401729768
MVZ232186	MVZ222757	Sierra_3	Sierra_3	75.6695351191587	0.142793633857918
MVZ232186	MVZ225827	Sierra_3	Sierra_1	199.700920119959	0.352132486388385
MVZ232186	MVZ232185	Sierra_3	Sierra_3	4.13257243729025	0.138947646747753
MVZ232186	MVZ232188	Sierra_3	Sierra_2	146.357173233166	0.314871981114943
MVZ232186	MVZ232189	Sierra_3	Sierra_2	69.0415674426034	0.317431689061232
MVZ240272	MVZ240328	North	North	42.7053178558841	0.130707964601771
MVZ240272	MVZ240329	North	North	42.7053178558841	0.127854487519915
MVZ240272	MVZ240330	North	North	42.7053178558841	0.124614707177455
MVZ240272	MVZ241349	North	North_Coast	108.816241638767	0.153930530164534
MVZ240272	MVZ222480	North	Sierra_1	623.267049986155	0.344094047396903
MVZ240272	MVZ222490	North	Sierra_1	638.464725596086	0.344611299331563
MVZ240272	MVZ223094	North	Sierra_1	561.015028615387	0.349362209782509
MVZ240272	MVZ223095	North	Sierra_1	561.015028615387	0.346949044003294
MVZ240272	MVZ224618	North	Sierra_1	547.677253322769	0.348948374760995
MVZ240272	MVZ199508	North	Sierra_2	327.963929583322	0.327326786196954
MVZ240272	MVZ199509	North	Sierra_2	301.084227047066	0.322164948453608
MVZ240272	MVZ199510	North	Sierra_2	301.587783010252	0.327419208834978
MVZ240272	MVZ199511	North	Sierra_2	308.217323735344	0.324404761904762
MVZ240272	MVZ201003	North	Sierra_2	307.677994777892	0.326508425439391
MVZ240272	MVZ201307	North	Sierra_1	413.687494678926	0.356994114984156
MVZ240272	MVZ201308	North	Sierra_1	398.133153401244	0.353552859618718
MVZ240272	MVZ201309	North	Sierra_1	401.234566852364	0.356825195135233
MVZ240272	MVZ201312	North	Sierra_1	393.45149110417	0.353677337444454
MVZ240272	MVZ201314	North	Sierra_1	396.054163174213	0.354193196288885
MVZ240272	MVZ201318	North	Sierra_1	412.165284932339	0.356256791017748
MVZ240272	MVZ207124	North	Sierra_1	427.955092008173	0.355254791534199
MVZ240272	MVZ216205	North	Sierra_1	393.541668201297	0.356748438490088
MVZ240272	MVZ216215	North	Sierra_1	404.131855709723	0.350436284311943
MVZ240272	MVZ221740	North	Sierra_2	252.767021653056	0.31438173280545
MVZ240272	MVZ222747	North	Sierra_3	288.178538032157	0.19774362618815
MVZ240272	MVZ222750	North	Sierra_3	286.342726217672	0.195118674429019
MVZ240272	MVZ222754	North	Sierra_3	288.289153818155	0.196216750539182
MVZ240272	MVZ222755	North	Sierra_3	293.917103756353	0.195107772113407
MVZ240272	MVZ222757	North	Sierra_3	293.178401596834	0.194564629529476
MVZ240272	MVZ225827	North	Sierra_1	371.197052928322	0.351660991994111
MVZ240272	MVZ232185	North	Sierra_3	221.619298517621	0.195195999642826
MVZ240272	MVZ232188	North	Sierra_2	354.151021613141	0.321211842589187
MVZ240272	MVZ232189	North	Sierra_2	280.569558564579	0.320730593607306
MVZ240328	MVZ240329	North	North	0	0.132510872459395
MVZ240328	MVZ240330	North	North	0	0.127430187345352
MVZ240328	MVZ241349	North	North_Coast	66.2477687486733	0.15345491202346
MVZ240328	MVZ222480	North	Sierra_1	592.475753304674	0.344335205992509
MVZ240328	MVZ222490	North	Sierra_1	606.450721066133	0.345443689142017
MVZ240328	MVZ223094	North	Sierra_1	529.86012005435	0.350709154540431
MVZ240328	MVZ223095	North	Sierra_1	529.86012005435	0.347435073873543
MVZ240328	MVZ224618	North	Sierra_1	519.025830600077	0.351000639678334
MVZ240328	MVZ199508	North	Sierra_2	300.694269920959	0.329156866292745
MVZ240328	MVZ199509	North	Sierra_2	278.028522270305	0.324116952692273
MVZ240328	MVZ199510	North	Sierra_2	277.848122401535	0.329106444868647
MVZ240328	MVZ199511	North	Sierra_2	284.896859951529	0.324278359992645
MVZ240328	MVZ201003	North	Sierra_2	283.60944949529	0.328814484578292
MVZ240328	MVZ201307	North	Sierra_1	387.60186204548	0.35934944575686
MVZ240328	MVZ201308	North	Sierra_1	371.512589187357	0.354429800475928
MVZ240328	MVZ201309	North	Sierra_1	375.412795864585	0.357819042417622
MVZ240328	MVZ201312	North	Sierra_1	366.950437553893	0.355420041867662
MVZ240328	MVZ201314	North	Sierra_1	369.202646061536	0.356041248402993
MVZ240328	MVZ201318	North	Sierra_1	385.064495983288	0.356805378884245
MVZ240328	MVZ207124	North	Sierra_1	402.72047894509	0.357819473540395
MVZ240328	MVZ216205	North	Sierra_1	366.728718558726	0.358259131382882
MVZ240328	MVZ216215	North	Sierra_1	375.773848056578	0.353585112205801
MVZ240328	MVZ221740	North	Sierra_2	241.44202681538	0.314528807916397
MVZ240328	MVZ222747	North	Sierra_3	281.138987726145	0.200847079803834
MVZ240328	MVZ222750	North	Sierra_3	279.06969335278	0.198301428956592
MVZ240328	MVZ222754	North	Sierra_3	280.598751441431	0.201010921563319
MVZ240328	MVZ222755	North	Sierra_3	286.645493931667	0.200071806839601
MVZ240328	MVZ222757	North	Sierra_3	285.710071108282	0.199276672694394
MVZ240328	MVZ225827	North	Sierra_1	343.441922950809	0.352979214780601
MVZ240328	MVZ232185	North	Sierra_3	212.588845028975	0.197794315430825
MVZ240328	MVZ232188	North	Sierra_2	336.014561949463	0.322543405984486
MVZ240328	MVZ232189	North	Sierra_2	266.101429924569	0.321700449417592
MVZ240329	MVZ240330	North	North	0	0.126986930413282
MVZ240329	MVZ241349	North	North_Coast	66.2477687486733	0.151273593549569
MVZ240329	MVZ222480	North	Sierra_1	592.475753304674	0.342041198501873
MVZ240329	MVZ222490	North	Sierra_1	606.450721066133	0.342808596620133
MVZ240329	MVZ223094	North	Sierra_1	529.86012005435	0.348744134695005
MVZ240329	MVZ223095	North	Sierra_1	529.86012005435	0.345063314369609
MVZ240329	MVZ224618	North	Sierra_1	519.025830600077	0.349401990322287
MVZ240329	MVZ199508	North	Sierra_2	300.694269920959	0.329885265154937
MVZ240329	MVZ199509	North	Sierra_2	278.028522270305	0.323796136755237
MVZ240329	MVZ199510	North	Sierra_2	277.848122401535	0.330595389362861
MVZ240329	MVZ199511	North	Sierra_2	284.896859951529	0.32665993204151
MVZ240329	MVZ201003	North	Sierra_2	283.60944949529	0.3284727900427
MVZ240329	MVZ201307	North	Sierra_1	387.60186204548	0.357434640522876
MVZ240329	MVZ201308	North	Sierra_1	371.512589187357	0.354098060739115
MVZ240329	MVZ201309	North	Sierra_1	375.412795864585	0.356928395960331
MVZ240329	MVZ201312	North	Sierra_1	366.950437553893	0.355622270742358
MVZ240329	MVZ201314	North	Sierra_1	369.202646061536	0.355240353917724
MVZ240329	MVZ201318	North	Sierra_1	385.064495983288	0.356643356643356
MVZ240329	MVZ207124	North	Sierra_1	402.72047894509	0.356368933806793
MVZ240329	MVZ216205	North	Sierra_1	366.728718558726	0.357149341806627
MVZ240329	MVZ216215	North	Sierra_1	375.773848056578	0.35228722434846
MVZ240329	MVZ221740	North	Sierra_2	241.44202681538	0.315356911995567
MVZ240329	MVZ222747	North	Sierra_3	281.138987726145	0.201844262295082
MVZ240329	MVZ222750	North	Sierra_3	279.06969335278	0.200682103751571
MVZ240329	MVZ222754	North	Sierra_3	280.598751441431	0.200378583017848
MVZ240329	MVZ222755	North	Sierra_3	286.645493931667	0.195628758639261
MVZ240329	MVZ222757	North	Sierra_3	285.710071108282	0.195369030390739
MVZ240329	MVZ225827	North	Sierra_1	343.441922950809	0.35305783599299
MVZ240329	MVZ232185	North	Sierra_3	212.588845028975	0.19806503628057
MVZ240329	MVZ232188	North	Sierra_2	336.014561949463	0.324513690421314
MVZ240329	MVZ232189	North	Sierra_2	266.101429924569	0.323354389819647
MVZ240330	MVZ241349	North	North_Coast	66.2477687486733	0.155560619872379
MVZ240330	MVZ222480	North	Sierra_1	592.475753304674	0.346085823326818
MVZ240330	MVZ222490	North	Sierra_1	606.450721066133	0.347502511186193
MVZ240330	MVZ223094	North	Sierra_1	529.86012005435	0.352055296164058
MVZ240330	MVZ223095	North	Sierra_1	529.86012005435	0.348202882685642
MVZ240330	MVZ224618	North	Sierra_1	519.025830600077	0.350790334302326
MVZ240330	MVZ199508	North	Sierra_2	300.694269920959	0.331368667326554
MVZ240330	MVZ199509	North	Sierra_2	278.028522270305	0.327433628318584
MVZ240330	MVZ199510	North	Sierra_2	277.848122401535	0.331902006870367
MVZ240330	MVZ199511	North	Sierra_2	284.896859951529	0.327357541388456
MVZ240330	MVZ201003	North	Sierra_2	283.60944949529	0.329276018099547
MVZ240330	MVZ201307	North	Sierra_1	387.60186204548	0.358820341432572
MVZ240330	MVZ201308	North	Sierra_1	371.512589187357	0.357494081223821
MVZ240330	MVZ201309	North	Sierra_1	375.412795864585	0.359321266968326
MVZ240330	MVZ201312	North	Sierra_1	366.950437553893	0.35710407239819
MVZ240330	MVZ201314	North	Sierra_1	369.202646061536	0.356682696669994
MVZ240330	MVZ201318	North	Sierra_1	385.064495983288	0.35820153637596
MVZ240330	MVZ207124	North	Sierra_1	402.72047894509	0.358094030256364
MVZ240330	MVZ216205	North	Sierra_1	366.728718558726	0.359104046242775
MVZ240330	MVZ216215	North	Sierra_1	375.773848056578	0.353373231773667
MVZ240330	MVZ221740	North	Sierra_2	241.44202681538	0.318440889869461
MVZ240330	MVZ222747	North	Sierra_3	281.138987726145	0.198874712032607
MVZ240330	MVZ222750	North	Sierra_3	279.06969335278	0.198365195640521
MVZ240330	MVZ222754	North	Sierra_3	280.598751441431	0.196555126939984
MVZ240330	MVZ222755	North	Sierra_3	286.645493931667	0.197848790502544
MVZ240330	MVZ222757	North	Sierra_3	285.710071108282	0.198336330935252
MVZ240330	MVZ225827	North	Sierra_1	343.441922950809	0.355254703992657
MVZ240330	MVZ232185	North	Sierra_3	212.588845028975	0.198261257244761
MVZ240330	MVZ232188	North	Sierra_2	336.014561949463	0.32481416903735
MVZ240330	MVZ232189	North	Sierra_2	266.101429924569	0.326219790241678
MVZ241349	MVZ222480	North_Coast	Sierra_1	553.326087586108	0.339219419324132
MVZ241349	MVZ222490	North_Coast	Sierra_1	564.858266834318	0.339745984310796
MVZ241349	MVZ223094	North_Coast	Sierra_1	490.472428826918	0.344180166682274
MVZ241349	MVZ223095	North_Coast	Sierra_1	490.472428826918	0.341486183719193
MVZ241349	MVZ224618	North_Coast	Sierra_1	484.546919481538	0.343703497023809
MVZ241349	MVZ199508	North_Coast	Sierra_2	272.836480954425	0.323742991083738
MVZ241349	MVZ199509	North_Coast	Sierra_2	259.223202787619	0.320531757754801
MVZ241349	MVZ199510	North_Coast	Sierra_2	257.748155940558	0.324967646515067
MVZ241349	MVZ199511	North_Coast	Sierra_2	265.304651558899	0.320179539928933
MVZ241349	MVZ201003	North_Coast	Sierra_2	262.641851722828	0.323733357988165
MVZ241349	MVZ201307	North_Coast	Sierra_1	359.832081152165	0.352688470066519
MVZ241349	MVZ201308	North_Coast	Sierra_1	343.049522079878	0.347913173094839
MVZ241349	MVZ201309	North_Coast	Sierra_1	348.395453057969	0.350356514492082
MVZ241349	MVZ201312	North_Coast	Sierra_1	338.816121718354	0.348166327097611
MVZ241349	MVZ201314	North_Coast	Sierra_1	340.3436298716	0.348510164299638
MVZ241349	MVZ201318	North_Coast	Sierra_1	355.40024282486	0.350342022555001
MVZ241349	MVZ207124	North_Coast	Sierra_1	376.267920406332	0.35063009636768
MVZ241349	MVZ216205	North_Coast	Sierra_1	337.997722374305	0.351459988911477
MVZ241349	MVZ216215	North_Coast	Sierra_1	343.844010146014	0.345457919643686
MVZ241349	MVZ221740	North_Coast	Sierra_2	245.113657591913	0.312564657199286
MVZ241349	MVZ222747	North_Coast	Sierra_3	289.577645436492	0.211367753623188
MVZ241349	MVZ222750	North_Coast	Sierra_3	287.236780812168	0.209124954329558
MVZ241349	MVZ222754	North_Coast	Sierra_3	288.048452670683	0.216637622672659
MVZ241349	MVZ222755	North_Coast	Sierra_3	294.488333174563	0.213406292749658
MVZ241349	MVZ222757	North_Coast	Sierra_3	293.285999801679	0.210352422907488
MVZ241349	MVZ225827	North_Coast	Sierra_1	313.407748462228	0.346168294515402
MVZ241349	MVZ232185	North_Coast	Sierra_3	221.836363397108	0.211899126001457
MVZ241349	MVZ232188	North_Coast	Sierra_2	324.070918678872	0.319641348230213
MVZ241349	MVZ232189	North_Coast	Sierra_2	263.221982951791	0.318368298368298
MVZ222480	MVZ222490	Sierra_1	Sierra_1	29.7664148181289	0.0218767198679142
MVZ222480	MVZ223094	Sierra_1	Sierra_1	62.857565984824	0.0233627667402501
MVZ222480	MVZ223095	Sierra_1	Sierra_1	62.857565984824	0.023796423658872
MVZ222480	MVZ224618	Sierra_1	Sierra_1	84.4539485633224	0.0336498949867593
MVZ222480	MVZ199508	Sierra_1	Sierra_2	297.813648717831	0.157291276675403
MVZ222480	MVZ199509	Sierra_1	Sierra_2	333.358911888413	0.164066904717158
MVZ222480	MVZ199510	Sierra_1	Sierra_2	330.94544901547	0.160005642279482
MVZ222480	MVZ199511	Sierra_1	Sierra_2	326.088825117913	0.154617138514156
MVZ222480	MVZ201003	Sierra_1	Sierra_2	324.419610901877	0.159422335120897
MVZ222480	MVZ201307	Sierra_1	Sierra_1	219.792366630763	0.0702599527358657
MVZ222480	MVZ201308	Sierra_1	Sierra_1	232.114234943471	0.075549450549451
MVZ222480	MVZ201309	Sierra_1	Sierra_1	232.305122085208	0.0710059171597637
MVZ222480	MVZ201312	Sierra_1	Sierra_1	236.927221086666	0.0698807247564422
MVZ222480	MVZ201314	Sierra_1	Sierra_1	233.29259895374	0.0726733576642338
MVZ222480	MVZ201318	Sierra_1	Sierra_1	217.210576874865	0.0732460923300619
MVZ222480	MVZ207124	Sierra_1	Sierra_1	211.260611886057	0.0715717539863321
MVZ222480	MVZ216205	Sierra_1	Sierra_1	235.796353930398	0.0728627237212681
MVZ222480	MVZ216215	Sierra_1	Sierra_1	221.388109842546	0.0718978102189782
MVZ222480	MVZ221740	Sierra_1	Sierra_2	415.452245062142	0.171095392850315
MVZ222480	MVZ222747	Sierra_1	Sierra_3	415.873376552428	0.351602179333271
MVZ222480	MVZ222750	Sierra_1	Sierra_3	415.475571307747	0.347824061131303
MVZ222480	MVZ222754	Sierra_1	Sierra_3	412.16704036491	0.340643411577668
MVZ222480	MVZ222755	Sierra_1	Sierra_3	411.740465832131	0.342535787321064
MVZ222480	MVZ222757	Sierra_1	Sierra_3	410.96953007266	0.343164794007491
MVZ222480	MVZ225827	Sierra_1	Sierra_1	254.785352361425	0.0773600591169403
MVZ222480	MVZ232185	Sierra_1	Sierra_3	444.885469109446	0.342351958418414
MVZ222480	MVZ232188	Sierra_1	Sierra_2	311.401222173914	0.1552513593437
MVZ222480	MVZ232189	Sierra_1	Sierra_2	382.795241217448	0.168897749928795
MVZ222490	MVZ223094	Sierra_1	Sierra_1	78.9812584219556	0.0239794075144508
MVZ222490	MVZ223095	Sierra_1	Sierra_1	78.9812584219556	0.0263015672851739
MVZ222490	MVZ224618	Sierra_1	Sierra_1	109.992650367692	0.0363579306016318
MVZ222490	MVZ199508	Sierra_1	Sierra_2	315.800102228705	0.160935919830837
MVZ222490	MVZ199509	Sierra_1	Sierra_2	353.143344255883	0.165636246193596
MVZ222490	MVZ199510	Sierra_1	Sierra_2	350.408484821974	0.163601922010719
MVZ222490	MVZ199511	Sierra_1	Sierra_2	345.954561529979	0.158059394844975
MVZ222490	MVZ201003	Sierra_1	Sierra_2	343.884229019625	0.162154670608889
MVZ222490	MVZ201307	Sierra_1	Sierra_1	241.325973184433	0.0708935259497051
MVZ222490	MVZ201308	Sierra_1	Sierra_1	252.549769898779	0.0777458206003958
MVZ222490	MVZ201309	Sierra_1	Sierra_1	253.597111772547	0.0730944508980428
MVZ222490	MVZ201312	Sierra_1	Sierra_1	257.315515716006	0.0718752791923523
MVZ222490	MVZ201314	Sierra_1	Sierra_1	253.432696980919	0.0743660962279366
MVZ222490	MVZ201318	Sierra_1	Sierra_1	237.646991710844	0.0744159086855712
MVZ222490	MVZ207124	Sierra_1	Sierra_1	234.197863404988	0.0731532820604547
MVZ222490	MVZ216205	Sierra_1	Sierra_1	255.891078167768	0.0744159086855711
MVZ222490	MVZ216215	Sierra_1	Sierra_1	240.139533081831	0.0727655382410889
MVZ222490	MVZ221740	Sierra_1	Sierra_2	437.28712886798	0.175122134535889
MVZ222490	MVZ222747	Sierra_1	Sierra_3	439.778890691379	0.353149391904156
MVZ222490	MVZ222750	Sierra_1	Sierra_3	439.278087585019	0.352070194680559
MVZ222490	MVZ222754	Sierra_1	Sierra_3	435.976133077291	0.34354335047759
MVZ222490	MVZ222755	Sierra_1	Sierra_3	435.821326821746	0.345444586452438
MVZ222490	MVZ222757	Sierra_1	Sierra_3	434.993218729347	0.345782356728912
MVZ222490	MVZ225827	Sierra_1	Sierra_1	273.338842184908	0.0777878513145967
MVZ222490	MVZ232185	Sierra_1	Sierra_3	466.018197659792	0.344197283252803
MVZ222490	MVZ232188	Sierra_1	Sierra_2	335.212551504216	0.157075913776944
MVZ222490	MVZ232189	Sierra_1	Sierra_2	404.928752096345	0.172092155582502
MVZ223094	MVZ223095	Sierra_1	Sierra_1	0	0.0208897310954701
MVZ223094	MVZ224618	Sierra_1	Sierra_1	45.8765550337092	0.0318259462375258
MVZ223094	MVZ199508	Sierra_1	Sierra_2	236.971197999286	0.159786214522669
MVZ223094	MVZ199509	Sierra_1	Sierra_2	274.17898925076	0.165711115221009
MVZ223094	MVZ199510	Sierra_1	Sierra_2	271.428270080594	0.161203703703704
MVZ223094	MVZ199511	Sierra_1	Sierra_2	266.999118404639	0.156720606117295
MVZ223094	MVZ201003	Sierra_1	Sierra_2	264.904368161989	0.160183384273409
MVZ223094	MVZ201307	Sierra_1	Sierra_1	163.073236625965	0.0686327077747984
MVZ223094	MVZ201308	Sierra_1	Sierra_1	173.773320686463	0.0754257907542576
MVZ223094	MVZ201309	Sierra_1	Sierra_1	175.167982192041	0.0700017914725905
MVZ223094	MVZ201312	Sierra_1	Sierra_1	178.517983113634	0.0695352377540969
MVZ223094	MVZ201314	Sierra_1	Sierra_1	174.575690087723	0.0713644524236987
MVZ223094	MVZ201318	Sierra_1	Sierra_1	158.897119411774	0.0719971380019677
MVZ223094	MVZ207124	Sierra_1	Sierra_1	157.14182879829	0.0715438407746103
MVZ223094	MVZ216205	Sierra_1	Sierra_1	177.021008203768	0.0720285969615726
MVZ223094	MVZ216215	Sierra_1	Sierra_1	161.164295390631	0.0700376884422105
MVZ223094	MVZ221740	Sierra_1	Sierra_2	358.848304213994	0.173006308257226
MVZ223094	MVZ222747	Sierra_1	Sierra_3	362.949645877455	0.357383007723762
MVZ223094	MVZ222750	Sierra_1	Sierra_3	362.337897997442	0.355670575302309
MVZ223094	MVZ222754	Sierra_1	Sierra_3	359.0494523768	0.345520603384842
MVZ223094	MVZ222755	Sierra_1	Sierra_3	359.1999699857	0.348732961302718
MVZ223094	MVZ222757	Sierra_1	Sierra_3	358.307218588216	0.34938704028021
MVZ223094	MVZ225827	Sierra_1	Sierra_1	194.390757164795	0.0768392370572201
MVZ223094	MVZ232185	Sierra_1	Sierra_3	387.279276183747	0.348273026315789
MVZ223094	MVZ232188	Sierra_1	Sierra_2	258.568091991347	0.15749694864332
MVZ223094	MVZ232189	Sierra_1	Sierra_2	326.682623919037	0.169719626168225
MVZ223095	MVZ224618	Sierra_1	Sierra_1	45.8765550337092	0.0320846029754436
MVZ223095	MVZ199508	Sierra_1	Sierra_2	236.971197999286	0.160222263041881
MVZ223095	MVZ199509	Sierra_1	Sierra_2	274.17898925076	0.166989306784661
MVZ223095	MVZ199510	Sierra_1	Sierra_2	271.428270080594	0.162975267626431
MVZ223095	MVZ199511	Sierra_1	Sierra_2	266.999118404639	0.158132811042715
MVZ223095	MVZ201003	Sierra_1	Sierra_2	264.904368161989	0.161571850757296
MVZ223095	MVZ201307	Sierra_1	Sierra_1	163.073236625965	0.0697798770163085
MVZ223095	MVZ201308	Sierra_1	Sierra_1	173.773320686463	0.0757004310344823
MVZ223095	MVZ201309	Sierra_1	Sierra_1	175.167982192041	0.0705735215293914
MVZ223095	MVZ201312	Sierra_1	Sierra_1	178.517983113634	0.0699741002054118
MVZ223095	MVZ201314	Sierra_1	Sierra_1	174.575690087723	0.0721188260558338
MVZ223095	MVZ201318	Sierra_1	Sierra_1	158.897119411774	0.0721736804564908
MVZ223095	MVZ207124	Sierra_1	Sierra_1	157.14182879829	0.0713456040028594
MVZ223095	MVZ216205	Sierra_1	Sierra_1	177.021008203768	0.0719757705326919
MVZ223095	MVZ216215	Sierra_1	Sierra_1	161.164295390631	0.0708534621578098
MVZ223095	MVZ221740	Sierra_1	Sierra_2	358.848304213994	0.174490658154164
MVZ223095	MVZ222747	Sierra_1	Sierra_3	362.949645877455	0.35397026831037
MVZ223095	MVZ222750	Sierra_1	Sierra_3	362.337897997442	0.352565272959649
MVZ223095	MVZ222754	Sierra_1	Sierra_3	359.0494523768	0.342271727172717
MVZ223095	MVZ222755	Sierra_1	Sierra_3	359.1999699857	0.345417236662106
MVZ223095	MVZ222757	Sierra_1	Sierra_3	358.307218588216	0.346821605732134
MVZ223095	MVZ225827	Sierra_1	Sierra_1	194.390757164795	0.0778814787966651
MVZ223095	MVZ232185	Sierra_1	Sierra_3	387.279276183747	0.345190380761523
MVZ223095	MVZ232188	Sierra_1	Sierra_2	258.568091991347	0.156364147232368
MVZ223095	MVZ232189	Sierra_1	Sierra_2	326.682623919037	0.170796460176991
MVZ224618	MVZ199508	Sierra_1	Sierra_2	219.891166513084	0.160309184046834
MVZ224618	MVZ199509	Sierra_1	Sierra_2	252.464717011257	0.166942148760331
MVZ224618	MVZ199510	Sierra_1	Sierra_2	250.491000582911	0.162116197830484
MVZ224618	MVZ199511	Sierra_1	Sierra_2	245.135767093759	0.156691449814127
MVZ224618	MVZ201003	Sierra_1	Sierra_2	244.009466667938	0.160126814923727
MVZ224618	MVZ201307	Sierra_1	Sierra_1	137.623329314217	0.064478935698447
MVZ224618	MVZ201308	Sierra_1	Sierra_1	151.282422936755	0.0684968255387634
MVZ224618	MVZ201309	Sierra_1	Sierra_1	150.304034662562	0.0623610987643346
MVZ224618	MVZ201312	Sierra_1	Sierra_1	156.09658241857	0.064166370423036
MVZ224618	MVZ201314	Sierra_1	Sierra_1	152.882506354154	0.0649888641425392
MVZ224618	MVZ201318	Sierra_1	Sierra_1	136.615076209573	0.0646964856230035
MVZ224618	MVZ207124	Sierra_1	Sierra_1	127.664242660161	0.0661862823592203
MVZ224618	MVZ216205	Sierra_1	Sierra_1	155.416475864578	0.0654160014191947
MVZ224618	MVZ216215	Sierra_1	Sierra_1	143.5476810937	0.064669752536942
MVZ224618	MVZ221740	Sierra_1	Sierra_2	332.141528334344	0.173644859813085
MVZ224618	MVZ222747	Sierra_1	Sierra_3	331.484947477492	0.356704565962823
MVZ224618	MVZ222750	Sierra_1	Sierra_3	331.111284403505	0.354153398234919
MVZ224618	MVZ222754	Sierra_1	Sierra_3	327.802021244392	0.345128298785499
MVZ224618	MVZ222755	Sierra_1	Sierra_3	327.320079154008	0.347662278710848
MVZ224618	MVZ222757	Sierra_1	Sierra_3	326.558835661566	0.348164423693125
MVZ224618	MVZ225827	Sierra_1	Sierra_1	176.572224834111	0.072330447330448
MVZ224618	MVZ232185	Sierra_1	Sierra_3	362.120222190055	0.346108490566037
MVZ224618	MVZ232188	Sierra_1	Sierra_2	227.078463130921	0.156284968295412
MVZ224618	MVZ232189	Sierra_1	Sierra_2	299.308944782815	0.170841450969478
MVZ199508	MVZ199509	Sierra_2	Sierra_2	44.4130206670386	0.0716424482606776
MVZ199508	MVZ199510	Sierra_2	Sierra_2	39.6716492618276	0.0712459218763776
MVZ199508	MVZ199511	Sierra_2	Sierra_2	39.2935557512506	0.073250111457869
MVZ199508	MVZ201003	Sierra_2	Sierra_2	34.1568340687755	0.0731739590684545
MVZ199508	MVZ201307	Sierra_2	Sierra_1	87.3229509484105	0.154028005091834
MVZ199508	MVZ201308	Sierra_2	Sierra_1	70.9014302631107	0.152595916124897
MVZ199508	MVZ201309	Sierra_2	Sierra_1	75.60399769919	0.151403316930928
MVZ199508	MVZ201312	Sierra_2	Sierra_1	66.431282022111	0.152556274491934
MVZ199508	MVZ201314	Sierra_2	Sierra_1	68.5174950805878	0.153677478300594
MVZ199508	MVZ201318	Sierra_2	Sierra_1	84.3968497800288	0.154490037303248
MVZ199508	MVZ207124	Sierra_2	Sierra_1	103.443950740787	0.154814004376368
MVZ199508	MVZ216205	Sierra_2	Sierra_1	66.054097603521	0.152150195472315
MVZ199508	MVZ216215	Sierra_2	Sierra_1	76.6105750119092	0.154225223580946
MVZ199508	MVZ221740	Sierra_2	Sierra_2	135.214368802047	0.080389167862267
MVZ199508	MVZ222747	Sierra_2	Sierra_3	158.518744487107	0.333571492364024
MVZ199508	MVZ222750	Sierra_2	Sierra_3	156.809301487614	0.327485380116958
MVZ199508	MVZ222754	Sierra_2	Sierra_3	154.113918947605	0.322367826479892
MVZ199508	MVZ222755	Sierra_2	Sierra_3	157.483010256374	0.324351028473905
MVZ199508	MVZ222757	Sierra_2	Sierra_3	156.046075994066	0.326815136701067
MVZ199508	MVZ225827	Sierra_2	Sierra_1	43.3282001103832	0.155788404726736
MVZ199508	MVZ232185	Sierra_2	Sierra_3	157.695485133306	0.320864729099389
MVZ199508	MVZ232188	Sierra_2	Sierra_2	88.8515458181171	0.0771331363595663
MVZ199508	MVZ232189	Sierra_2	Sierra_2	109.1225993039	0.075246820243707
MVZ199509	MVZ199510	Sierra_2	Sierra_2	5.54112295754938	0.0756811748053787
MVZ199509	MVZ199511	Sierra_2	Sierra_2	7.33924176886571	0.0773292759330528
MVZ199509	MVZ201003	Sierra_2	Sierra_2	10.3085120737891	0.0730282375851998
MVZ199509	MVZ201307	Sierra_2	Sierra_1	115.086465718255	0.159974447891952
MVZ199509	MVZ201308	Sierra_2	Sierra_1	101.353568712784	0.159391655945599
MVZ199509	MVZ201309	Sierra_2	Sierra_1	102.381772889834	0.157658893461363
MVZ199509	MVZ201312	Sierra_2	Sierra_1	96.5302915394833	0.157642001280526
MVZ199509	MVZ201314	Sierra_2	Sierra_1	100.069719179469	0.161087674247982
MVZ199509	MVZ201318	Sierra_2	Sierra_1	116.208216859705	0.159223744292238
MVZ199509	MVZ207124	Sierra_2	Sierra_1	127.754724398126	0.159679633867276
MVZ199509	MVZ216205	Sierra_2	Sierra_1	97.5632220273327	0.158408613924628
MVZ199509	MVZ216215	Sierra_2	Sierra_1	113.304712976528	0.157935708398204
MVZ199509	MVZ221740	Sierra_2	Sierra_2	90.9545663321921	0.076961137099676
MVZ199509	MVZ222747	Sierra_2	Sierra_3	115.422091414713	0.331929761691452
MVZ199509	MVZ222750	Sierra_2	Sierra_3	113.574850203637	0.32540184215279
MVZ199509	MVZ222754	Sierra_2	Sierra_3	111.040417197488	0.31841675734494
MVZ199509	MVZ222755	Sierra_2	Sierra_3	114.887916469675	0.321683052223325
MVZ199509	MVZ222757	Sierra_2	Sierra_3	113.392966257326	0.323029366306027
MVZ199509	MVZ225827	Sierra_2	Sierra_1	80.8973971107855	0.160254033005748
MVZ199509	MVZ232185	Sierra_2	Sierra_3	114.916005135325	0.316900774356204
MVZ199509	MVZ232188	Sierra_2	Sierra_2	69.4311518876024	0.0794606741573033
MVZ199509	MVZ232189	Sierra_2	Sierra_2	65.079260082025	0.075852222023916
MVZ199510	MVZ199511	Sierra_2	Sierra_2	7.66862833707718	0.0748207885304657
MVZ199510	MVZ201003	Sierra_2	Sierra_2	6.52873339219729	0.0745746189294577
MVZ199510	MVZ201307	Sierra_2	Sierra_1	113.431860734039	0.156309969843736
MVZ199510	MVZ201308	Sierra_2	Sierra_1	99.2259821956101	0.154886802871342
MVZ199510	MVZ201309	Sierra_2	Sierra_1	100.755978083104	0.15218784328085
MVZ199510	MVZ201312	Sierra_2	Sierra_1	94.4063251572317	0.153282666422489
MVZ199510	MVZ201314	Sierra_2	Sierra_1	97.7805594384154	0.155940139551965
MVZ199510	MVZ201318	Sierra_2	Sierra_1	113.998158879998	0.155587051938552
MVZ199510	MVZ207124	Sierra_2	Sierra_1	126.648664006266	0.157501603885987
MVZ199510	MVZ216205	Sierra_2	Sierra_1	95.2580234645639	0.153965643274853
MVZ199510	MVZ216215	Sierra_2	Sierra_1	110.350654484239	0.156760227481196
MVZ199510	MVZ221740	Sierra_2	Sierra_2	95.5427208816594	0.0791820556706602
MVZ199510	MVZ222747	Sierra_2	Sierra_3	120.831217723673	0.335905257491477
MVZ199510	MVZ222750	Sierra_2	Sierra_3	118.966055910343	0.326733568393454
MVZ199510	MVZ222754	Sierra_2	Sierra_3	116.454539376918	0.324296094459581
MVZ199510	MVZ222755	Sierra_2	Sierra_3	120.349917317739	0.326414583521344
MVZ199510	MVZ222757	Sierra_2	Sierra_3	118.850541018298	0.326767355108724
MVZ199510	MVZ225827	Sierra_2	Sierra_1	77.588907265742	0.159135195323374
MVZ199510	MVZ232185	Sierra_2	Sierra_3	118.723430691938	0.321312657771368
MVZ199510	MVZ232188	Sierra_2	Sierra_2	73.0846090217079	0.0810226863521785
MVZ199510	MVZ232189	Sierra_2	Sierra_2	70.3217168826864	0.0768027879546064
MVZ199511	MVZ201003	Sierra_2	Sierra_2	6.29432291978068	0.0748790105753716
MVZ199511	MVZ201307	Sierra_2	Sierra_1	107.747287204975	0.14747437436513
MVZ199511	MVZ201308	Sierra_2	Sierra_1	94.0516573287879	0.148967825925237
MVZ199511	MVZ201309	Sierra_2	Sierra_1	95.0425398987302	0.146465581051073
MVZ199511	MVZ201312	Sierra_2	Sierra_1	89.2289707077504	0.147611553416034
MVZ199511	MVZ201314	Sierra_2	Sierra_1	92.7962293606728	0.150231910946197
MVZ199511	MVZ201318	Sierra_2	Sierra_1	108.916273622033	0.147591753720994
MVZ199511	MVZ207124	Sierra_2	Sierra_1	120.454389428532	0.149763823284245
MVZ199511	MVZ216205	Sierra_2	Sierra_1	90.2937977221765	0.148563775745821
MVZ199511	MVZ216215	Sierra_2	Sierra_1	106.23057425958	0.148804005191915
MVZ199511	MVZ221740	Sierra_2	Sierra_2	96.9551330630319	0.0839027056572831
MVZ199511	MVZ222747	Sierra_2	Sierra_3	119.398767334195	0.333272859216255
MVZ199511	MVZ222750	Sierra_2	Sierra_3	117.643713930655	0.325997625787599
MVZ199511	MVZ222754	Sierra_2	Sierra_3	114.998544330003	0.319542657727984
MVZ199511	MVZ222755	Sierra_2	Sierra_3	118.553304355046	0.322855839416058
MVZ199511	MVZ222757	Sierra_2	Sierra_3	117.090849181064	0.324086852516331
MVZ199511	MVZ225827	Sierra_2	Sierra_1	74.0331746079602	0.150412603150788
MVZ199511	MVZ232185	Sierra_2	Sierra_3	121.660186242514	0.318293683347005
MVZ199511	MVZ232188	Sierra_2	Sierra_2	65.8387282049639	0.0787845705967977
MVZ199511	MVZ232189	Sierra_2	Sierra_2	69.8504805986667	0.0787024487214241
MVZ201003	MVZ201307	Sierra_2	Sierra_1	107.031168817693	0.151540078603419
MVZ201003	MVZ201308	Sierra_2	Sierra_1	92.7351371773877	0.149641082274986
MVZ201003	MVZ201309	Sierra_2	Sierra_1	94.3677184622304	0.148814428270621
MVZ201003	MVZ201312	Sierra_2	Sierra_1	87.9171020493556	0.15054502152606
MVZ201003	MVZ201314	Sierra_2	Sierra_1	91.2701524273566	0.152768849297456
MVZ201003	MVZ201318	Sierra_2	Sierra_1	107.494159778321	0.152277300164624
MVZ201003	MVZ207124	Sierra_2	Sierra_1	120.413047571329	0.152044371103777
MVZ201003	MVZ216205	Sierra_2	Sierra_1	88.746384025086	0.149360146252285
MVZ201003	MVZ216215	Sierra_2	Sierra_1	103.83821820251	0.15105504587156
MVZ201003	MVZ221740	Sierra_2	Sierra_2	101.262296880198	0.081860800576992
MVZ201003	MVZ222747	Sierra_2	Sierra_3	125.07036056228	0.334126627750337
MVZ201003	MVZ222750	Sierra_2	Sierra_3	123.274733199205	0.326909156713716
MVZ201003	MVZ222754	Sierra_2	Sierra_3	120.676448426426	0.321402616279068
MVZ201003	MVZ222755	Sierra_2	Sierra_3	124.348482940587	0.324631921235659
MVZ201003	MVZ222757	Sierra_2	Sierra_3	122.873355800417	0.325259515570934
MVZ201003	MVZ225827	Sierra_2	Sierra_1	71.1287774197837	0.154042513691637
MVZ201003	MVZ232185	Sierra_2	Sierra_3	124.971809975129	0.318718989625619
MVZ201003	MVZ232188	Sierra_2	Sierra_2	71.1148678481357	0.0828833693304538
MVZ201003	MVZ232189	Sierra_2	Sierra_2	75.0977318531209	0.0772739468741617
MVZ201307	MVZ201308	Sierra_1	Sierra_1	17.0225239178682	0.0379932456452189
MVZ201307	MVZ201309	Sierra_1	Sierra_1	12.7076536557667	0.0363298859718907
MVZ201307	MVZ201312	Sierra_1	Sierra_1	21.021051989932	0.0345375850189912
MVZ201307	MVZ201314	Sierra_1	Sierra_1	20.1260749133243	0.0382264351523742
MVZ201307	MVZ201318	Sierra_1	Sierra_1	12.296129573886	0.0358528841065442
MVZ201307	MVZ207124	Sierra_1	Sierra_1	17.8732219061797	0.0364408278790024
MVZ201307	MVZ216205	Sierra_1	Sierra_1	22.2017432156886	0.0365552517858717
MVZ201307	MVZ216215	Sierra_1	Sierra_1	29.2982987404241	0.0386931113865767
MVZ201307	MVZ221740	Sierra_1	Sierra_2	195.968997769129	0.166821518164081
MVZ201307	MVZ222747	Sierra_1	Sierra_3	201.135793997677	0.365479501211088
MVZ201307	MVZ222750	Sierra_1	Sierra_3	200.34964147735	0.36422823040058
MVZ201307	MVZ222754	Sierra_1	Sierra_3	197.0958715743	0.353298847445321
MVZ201307	MVZ222755	Sierra_1	Sierra_3	197.760633967465	0.355575620767493
MVZ201307	MVZ222757	Sierra_1	Sierra_3	196.758825186027	0.356869881710646
MVZ201307	MVZ225827	Sierra_1	Sierra_1	47.3604254174745	0.0419094576423132
MVZ201307	MVZ232185	Sierra_1	Sierra_3	225.095178439423	0.354301948051948
MVZ201307	MVZ232188	Sierra_1	Sierra_2	98.259768814715	0.149378939562477
MVZ201307	MVZ232189	Sierra_1	Sierra_2	163.638747371439	0.164452440262016
MVZ201308	MVZ201309	Sierra_1	Sierra_1	9.79837582462329	0.0378929557396031
MVZ201308	MVZ201312	Sierra_1	Sierra_1	4.82361318882247	0.0370683517265932
MVZ201308	MVZ201314	Sierra_1	Sierra_1	3.44820854858792	0.0384924533357149
MVZ201308	MVZ201318	Sierra_1	Sierra_1	14.9191167339029	0.0389367943817229
MVZ201308	MVZ207124	Sierra_1	Sierra_1	34.6251154590357	0.0396988059169489
MVZ201308	MVZ216205	Sierra_1	Sierra_1	5.18482111615884	0.0373711340206184
MVZ201308	MVZ216215	Sierra_1	Sierra_1	21.2047593713522	0.0417930419268507
MVZ201308	MVZ221740	Sierra_1	Sierra_2	185.380740376022	0.168288119738073
MVZ201308	MVZ222747	Sierra_1	Sierra_3	193.981244126712	0.362444625259922
MVZ201308	MVZ222750	Sierra_1	Sierra_3	193.0112039745	0.359134396355353
MVZ201308	MVZ222754	Sierra_1	Sierra_3	189.815264982072	0.350585758740618
MVZ201308	MVZ222755	Sierra_1	Sierra_3	190.995871952412	0.354354354354354
MVZ201308	MVZ222757	Sierra_1	Sierra_3	189.897599732375	0.353278312700596
MVZ201308	MVZ225827	Sierra_1	Sierra_1	30.3440930005925	0.0454093620097595
MVZ201308	MVZ232185	Sierra_1	Sierra_3	213.506082999396	0.352259296299663
MVZ201308	MVZ232188	Sierra_1	Sierra_2	93.977648010375	0.14844552329381
MVZ201308	MVZ232189	Sierra_1	Sierra_2	153.6967783375	0.161929971208321
MVZ201309	MVZ201312	Sierra_1	Sierra_1	11.214406621266	0.0365680892509298
MVZ201309	MVZ201314	Sierra_1	Sierra_1	13.0996029900094	0.0383898455529912
MVZ201309	MVZ201318	Sierra_1	Sierra_1	18.1931353296302	0.0374790064527534
MVZ201309	MVZ207124	Sierra_1	Sierra_1	27.9002817001382	0.0384308510638298
MVZ201309	MVZ216205	Sierra_1	Sierra_1	13.9678710046711	0.0370648524474287
MVZ201309	MVZ216215	Sierra_1	Sierra_1	29.9180248905505	0.0375066501152686
MVZ201309	MVZ221740	Sierra_1	Sierra_2	183.709086917232	0.166123323397914
MVZ201309	MVZ222747	Sierra_1	Sierra_3	190.022908047283	0.363280898876405
MVZ201309	MVZ222750	Sierra_1	Sierra_3	189.162612500532	0.360081558676936
MVZ201309	MVZ222754	Sierra_1	Sierra_3	185.929413820851	0.351187767361428
MVZ201309	MVZ222755	Sierra_1	Sierra_3	186.805104291272	0.356373835157876
MVZ201309	MVZ222757	Sierra_1	Sierra_3	185.762439242764	0.35548263604047
MVZ201309	MVZ225827	Sierra_1	Sierra_1	37.8310811727847	0.0419922752178211
MVZ201309	MVZ232185	Sierra_1	Sierra_3	212.620800974366	0.353778701862231
MVZ201309	MVZ232188	Sierra_1	Sierra_2	88.2615101730969	0.1480260102183
MVZ201309	MVZ232189	Sierra_1	Sierra_2	151.532179166012	0.161939953810623
MVZ201312	MVZ201314	Sierra_1	Sierra_1	4.68315375555558	0.0354956074185818
MVZ201312	MVZ201318	Sierra_1	Sierra_1	19.7202369341044	0.0373022186864669
MVZ201312	MVZ207124	Sierra_1	Sierra_1	38.1542521753046	0.0360655737704916
MVZ201312	MVZ216205	Sierra_1	Sierra_1	3.55028097040826	0.035831050631793
MVZ201312	MVZ216215	Sierra_1	Sierra_1	23.907031183967	0.0386730530423986
MVZ201312	MVZ221740	Sierra_1	Sierra_2	180.731511506724	0.166759776536313
MVZ201312	MVZ222747	Sierra_1	Sierra_3	189.780698187021	0.362047272400468
MVZ201312	MVZ222750	Sierra_1	Sierra_3	188.782334076269	0.359583144540099
MVZ201312	MVZ222754	Sierra_1	Sierra_3	185.597227903841	0.349740696933855
MVZ201312	MVZ222755	Sierra_1	Sierra_3	186.859791816981	0.353497421047869
MVZ201312	MVZ222757	Sierra_1	Sierra_3	185.746469531109	0.354037550127597
MVZ201312	MVZ225827	Sierra_1	Sierra_1	26.843774282691	0.041277398490837
MVZ201312	MVZ232185	Sierra_1	Sierra_3	208.763988357408	0.35229531899512
MVZ201312	MVZ232188	Sierra_1	Sierra_2	90.4557823016178	0.150051100994147
MVZ201312	MVZ232189	Sierra_1	Sierra_2	149.129888088814	0.161445337769153
MVZ201314	MVZ201318	Sierra_1	Sierra_1	16.2682071429843	0.0390818858560793
MVZ201314	MVZ207124	Sierra_1	Sierra_1	37.8656080794816	0.0370880341121082
MVZ201314	MVZ216205	Sierra_1	Sierra_1	2.53445858739417	0.0371190644932671
MVZ201314	MVZ216215	Sierra_1	Sierra_1	19.2875918110876	0.0402365285434822
MVZ201314	MVZ221740	Sierra_1	Sierra_2	184.922033323695	0.168844502520068
MVZ201314	MVZ222747	Sierra_1	Sierra_3	194.35198974021	0.361248761149653
MVZ201314	MVZ222750	Sierra_1	Sierra_3	193.341068589435	0.358972030512168
MVZ201314	MVZ222754	Sierra_1	Sierra_3	190.161052377243	0.349224452554745
MVZ201314	MVZ222755	Sierra_1	Sierra_3	191.456592725606	0.352823860030822
MVZ201314	MVZ222757	Sierra_1	Sierra_3	190.337784551237	0.352704678362573
MVZ201314	MVZ225827	Sierra_1	Sierra_1	27.2964641963512	0.0446525027007562
MVZ201314	MVZ232185	Sierra_1	Sierra_3	212.757104292883	0.351915587356218
MVZ201314	MVZ232188	Sierra_1	Sierra_2	95.1371228848275	0.149338550400596
MVZ201314	MVZ232189	Sierra_1	Sierra_2	153.438250610264	0.162402669632926
MVZ201318	MVZ207124	Sierra_1	Sierra_1	28.0246286365429	0.0371893517290174
MVZ201318	MVZ216205	Sierra_1	Sierra_1	18.802543263654	0.0385463526506131
MVZ201318	MVZ216215	Sierra_1	Sierra_1	17.5373393481721	0.0387885228480343
MVZ201318	MVZ221740	Sierra_1	Sierra_2	200.134023104624	0.167766521052142
MVZ201318	MVZ222747	Sierra_1	Sierra_3	207.821977543226	0.363297729108698
MVZ201318	MVZ222750	Sierra_1	Sierra_3	206.915773658468	0.360121201157743
MVZ201318	MVZ222754	Sierra_1	Sierra_3	203.697445549999	0.350644634102051
MVZ201318	MVZ222755	Sierra_1	Sierra_3	204.692653801779	0.354097027735117
MVZ201318	MVZ222757	Sierra_1	Sierra_3	203.62927726948	0.354691908619277
MVZ201318	MVZ225827	Sierra_1	Sierra_1	42.0156013814197	0.0458254865034524
MVZ201318	MVZ232185	Sierra_1	Sierra_3	228.390151870874	0.353920418659208
MVZ201318	MVZ232188	Sierra_1	Sierra_2	106.446869670036	0.149981443681574
MVZ201318	MVZ232189	Sierra_1	Sierra_2	168.312543019216	0.164252099289472
MVZ207124	MVZ216205	Sierra_1	Sierra_1	39.7973861363624	0.0372171145685998
MVZ207124	MVZ216215	Sierra_1	Sierra_1	45.5308753271214	0.0388336587963786
MVZ207124	MVZ221740	Sierra_1	Sierra_2	204.477326805695	0.1680644860684
MVZ207124	MVZ222747	Sierra_1	Sierra_3	205.831063942791	0.362270600935589
MVZ207124	MVZ222750	Sierra_1	Sierra_3	205.249749156758	0.36063492063492
MVZ207124	MVZ222754	Sierra_1	Sierra_3	201.956129394801	0.351206190259445
MVZ207124	MVZ222755	Sierra_1	Sierra_3	202.058174989623	0.353857298080405
MVZ207124	MVZ222757	Sierra_1	Sierra_3	201.167827415173	0.354255998540279
MVZ207124	MVZ225827	Sierra_1	Sierra_1	64.8977480423492	0.0443515772445402
MVZ207124	MVZ232185	Sierra_1	Sierra_3	234.602273458669	0.353965096301655
MVZ207124	MVZ232188	Sierra_1	Sierra_2	101.437262303505	0.151217924879137
MVZ207124	MVZ232189	Sierra_1	Sierra_2	171.661439667152	0.164260595965205
MVZ216205	MVZ216215	Sierra_1	Sierra_1	20.7080732363081	0.038362831858407
MVZ216205	MVZ221740	Sierra_1	Sierra_2	182.578653633531	0.16601635079896
MVZ216205	MVZ222747	Sierra_1	Sierra_3	192.308233030556	0.363946188340807
MVZ216205	MVZ222750	Sierra_1	Sierra_3	191.279614958883	0.361075949367088
MVZ216205	MVZ222754	Sierra_1	Sierra_3	188.10681133093	0.350499545867393
MVZ216205	MVZ222755	Sierra_1	Sierra_3	189.453409919489	0.354027451688641
MVZ216205	MVZ222757	Sierra_1	Sierra_3	188.325391120375	0.355173355173354
MVZ216205	MVZ225827	Sierra_1	Sierra_1	25.1604484679326	0.0422680412371133
MVZ216205	MVZ232185	Sierra_1	Sierra_3	210.338172606799	0.352609753898856
MVZ216205	MVZ232188	Sierra_1	Sierra_2	93.5276746926578	0.147391344639051
MVZ216205	MVZ232189	Sierra_1	Sierra_2	151.158468298948	0.162162162162163
MVZ216215	MVZ221740	Sierra_1	Sierra_2	200.71106343162	0.167226107226108
MVZ216215	MVZ222747	Sierra_1	Sierra_3	212.247152605463	0.35864180852022
MVZ216215	MVZ222750	Sierra_1	Sierra_3	211.154091462601	0.356727800980569
MVZ216215	MVZ222754	Sierra_1	Sierra_3	208.009862364704	0.347019686474663
MVZ216215	MVZ222755	Sierra_1	Sierra_3	209.529307115028	0.351110104213864
MVZ216215	MVZ222757	Sierra_1	Sierra_3	208.372563972007	0.349831065656104
MVZ216215	MVZ225827	Sierra_1	Sierra_1	33.4015127833195	0.0448533381320856
MVZ216215	MVZ232185	Sierra_1	Sierra_3	227.51746255756	0.348859315589354
MVZ216215	MVZ232188	Sierra_1	Sierra_2	114.227566198618	0.148799553322166
MVZ216215	MVZ232189	Sierra_1	Sierra_2	169.893024552747	0.163195408682773
MVZ221740	MVZ222747	Sierra_2	Sierra_3	46.4885336318906	0.323601861144057
MVZ221740	MVZ222750	Sierra_2	Sierra_3	43.9897590668842	0.314452407203234
MVZ221740	MVZ222754	Sierra_2	Sierra_3	44.0241217699411	0.310042458925602
MVZ221740	MVZ222755	Sierra_2	Sierra_3	50.5313462095755	0.311558942343005
MVZ221740	MVZ222757	Sierra_2	Sierra_3	49.1537721311905	0.314072908956328
MVZ221740	MVZ225827	Sierra_2	Sierra_1	170.041259022041	0.170016987542469
MVZ221740	MVZ232185	Sierra_2	Sierra_3	32.7315915317211	0.306321575813102
MVZ221740	MVZ232188	Sierra_2	Sierra_2	110.028376067403	0.0860318331503844
MVZ221740	MVZ232189	Sierra_2	Sierra_2	33.0831504841945	0.078478596746342
MVZ222747	MVZ222750	Sierra_3	Sierra_3	2.51128831050063	0.131026231832683
MVZ222747	MVZ222754	Sierra_3	Sierra_3	4.406132000713	0.132703954399715
MVZ222747	MVZ222755	Sierra_3	Sierra_3	5.8559231002413	0.132371170533026
MVZ222747	MVZ222757	Sierra_3	Sierra_3	5.61874613277442	0.129358779987514
MVZ222747	MVZ225827	Sierra_3	Sierra_1	185.459520148696	0.358803683778609
MVZ222747	MVZ232185	Sierra_3	Sierra_3	68.8149523141585	0.138731646913143
MVZ222747	MVZ232188	Sierra_3	Sierra_2	104.567729746374	0.327488842335367
MVZ222747	MVZ232189	Sierra_3	Sierra_2	51.3956355409314	0.328821079319089
MVZ222750	MVZ222754	Sierra_3	Sierra_3	3.3096746149072	0.133497757847534
MVZ222750	MVZ222755	Sierra_3	Sierra_3	7.59562818601172	0.135653726015172
MVZ222750	MVZ222757	Sierra_3	Sierra_3	6.88551849025137	0.135665529010239
MVZ222750	MVZ225827	Sierra_3	Sierra_1	184.145829840888	0.355102415725176
MVZ222750	MVZ232185	Sierra_3	Sierra_3	66.6518712438127	0.143143365983971
MVZ222750	MVZ232188	Sierra_3	Sierra_2	104.100241205048	0.321130378933848
MVZ222750	MVZ232189	Sierra_3	Sierra_2	49.3219686678421	0.32050346588836
MVZ222754	MVZ222755	Sierra_3	Sierra_3	6.51484024767014	0.133727704580084
MVZ222754	MVZ222757	Sierra_3	Sierra_3	5.23779952699891	0.133219085415351
MVZ222754	MVZ225827	Sierra_3	Sierra_1	181.121720078881	0.347041447429152
MVZ222754	MVZ232185	Sierra_3	Sierra_3	68.04621634142	0.138543437416123
MVZ222754	MVZ232188	Sierra_3	Sierra_2	100.794103908298	0.316961815163254
MVZ222754	MVZ232189	Sierra_3	Sierra_2	47.144969479278	0.315069120205072
MVZ222755	MVZ222757	Sierra_3	Sierra_3	1.59387219341394	0.131380640531085
MVZ222755	MVZ225827	Sierra_3	Sierra_1	183.289786139538	0.350651734899944
MVZ222755	MVZ232185	Sierra_3	Sierra_3	74.1847211114777	0.142602812889443
MVZ222755	MVZ232188	Sierra_3	Sierra_2	100.660679978884	0.317389709254335
MVZ222755	MVZ232189	Sierra_3	Sierra_2	51.9306676762271	0.317627242101431
MVZ222757	MVZ225827	Sierra_3	Sierra_1	182.02400406902	0.350517847235066
MVZ222757	MVZ232185	Sierra_3	Sierra_3	73.1929155428237	0.139653780608126
MVZ222757	MVZ232188	Sierra_3	Sierra_2	99.8014066883319	0.317627494456763
MVZ222757	MVZ232189	Sierra_3	Sierra_2	50.3524124753918	0.319963285910969
MVZ225827	MVZ232185	Sierra_1	Sierra_3	195.688532073445	0.350513102437236
MVZ225827	MVZ232188	Sierra_1	Sierra_2	94.824067355776	0.150955833882663
MVZ225827	MVZ232189	Sierra_1	Sierra_2	140.362779927566	0.166666666666667
MVZ232185	MVZ232188	Sierra_3	Sierra_2	142.330298656227	0.31251716875744
MVZ232185	MVZ232189	Sierra_3	Sierra_2	64.9974624402799	0.313659512550018
MVZ232188	MVZ232189	Sierra_2	Sierra_2	77.3484601954088	0.0797548797094872
